date,price,candidate,event_slug
2025-07-19,0.215,Gavin Newsom,democratic-presidential-nominee-2028
2025-07-20,0.205,Gavin Newsom,democratic-presidential-nominee-2028
2025-07-21,0.205,Gavin Newsom,democratic-presidential-nominee-2028
2025-07-22,0.205,Gavin Newsom,democratic-presidential-nominee-2028
2025-07-23,0.205,Gavin Newsom,democratic-presidential-nominee-2028
2025-07-24,0.205,Gavin Newsom,democratic-presidential-nominee-2028
2025-07-25,0.205,Gavin Newsom,democratic-presidential-nominee-2028
2025-07-26,0.205,Gavin Newsom,democratic-presidential-nominee-2028
2025-07-27,0.205,Gavin Newsom,democratic-presidential-nominee-2028
2025-07-28,0.205,Gavin Newsom,democratic-presidential-nominee-2028
2025-07-29,0.205,Gavin Newsom,democratic-presidential-nominee-2028
2025-07-30,0.205,Gavin Newsom,democratic-presidential-nominee-2028
2025-07-31,0.205,Gavin Newsom,democratic-presidential-nominee-2028
2025-08-01,0.195,Gavin Newsom,democratic-presidential-nominee-2028
2025-08-02,0.195,Gavin Newsom,democratic-presidential-nominee-2028
2025-08-03,0.195,Gavin Newsom,democratic-presidential-nominee-2028
2025-08-04,0.195,Gavin Newsom,democratic-presidential-nominee-2028
2025-08-05,0.195,Gavin Newsom,democratic-presidential-nominee-2028
2025-08-06,0.195,Gavin Newsom,democratic-presidential-nominee-2028
2025-08-07,0.195,Gavin Newsom,democratic-presidential-nominee-2028
2025-08-08,0.195,Gavin Newsom,democratic-presidential-nominee-2028
2025-08-09,0.195,Gavin Newsom,democratic-presidential-nominee-2028
2025-08-10,0.185,Gavin Newsom,democratic-presidential-nominee-2028
2025-08-11,0.185,Gavin Newsom,democratic-presidential-nominee-2028
2025-08-12,0.185,Gavin Newsom,democratic-presidential-nominee-2028
2025-08-13,0.185,Gavin Newsom,democratic-presidential-nominee-2028
2025-08-14,0.185,Gavin Newsom,democratic-presidential-nominee-2028
2025-08-15,0.19,Gavin Newsom,democratic-presidential-nominee-2028
2025-08-16,0.19,Gavin Newsom,democratic-presidential-nominee-2028
2025-08-17,0.185,Gavin Newsom,democratic-presidential-nominee-2028
2025-08-18,0.185,Gavin Newsom,democratic-presidential-nominee-2028
2025-08-19,0.2,Gavin Newsom,democratic-presidential-nominee-2028
2025-08-20,0.235,Gavin Newsom,democratic-presidential-nominee-2028
2025-08-21,0.27,Gavin Newsom,democratic-presidential-nominee-2028
2025-08-22,0.275,Gavin Newsom,democratic-presidential-nominee-2028
2025-08-23,0.295,Gavin Newsom,democratic-presidential-nominee-2028
2025-08-24,0.295,Gavin Newsom,democratic-presidential-nominee-2028
2025-08-25,0.305,Gavin Newsom,democratic-presidential-nominee-2028
2025-08-26,0.315,Gavin Newsom,democratic-presidential-nominee-2028
2025-08-27,0.33,Gavin Newsom,democratic-presidential-nominee-2028
2025-08-28,0.315,Gavin Newsom,democratic-presidential-nominee-2028
2025-08-29,0.305,Gavin Newsom,democratic-presidential-nominee-2028
2025-08-30,0.315,Gavin Newsom,democratic-presidential-nominee-2028
2025-08-31,0.315,Gavin Newsom,democratic-presidential-nominee-2028
2025-09-01,0.315,Gavin Newsom,democratic-presidential-nominee-2028
2025-09-02,0.345,Gavin Newsom,democratic-presidential-nominee-2028
2025-09-03,0.345,Gavin Newsom,democratic-presidential-nominee-2028
2025-09-04,0.345,Gavin Newsom,democratic-presidential-nominee-2028
2025-09-05,0.345,Gavin Newsom,democratic-presidential-nominee-2028
2025-09-06,0.345,Gavin Newsom,democratic-presidential-nominee-2028
2025-09-07,0.345,Gavin Newsom,democratic-presidential-nominee-2028
2025-09-08,0.345,Gavin Newsom,democratic-presidential-nominee-2028
2025-09-09,0.355,Gavin Newsom,democratic-presidential-nominee-2028
2025-09-10,0.355,Gavin Newsom,democratic-presidential-nominee-2028
2025-09-11,0.355,Gavin Newsom,democratic-presidential-nominee-2028
2025-09-12,0.355,Gavin Newsom,democratic-presidential-nominee-2028
2025-09-13,0.355,Gavin Newsom,democratic-presidential-nominee-2028
2025-09-14,0.355,Gavin Newsom,democratic-presidential-nominee-2028
2025-09-15,0.355,Gavin Newsom,democratic-presidential-nominee-2028
2025-09-16,0.355,Gavin Newsom,democratic-presidential-nominee-2028
2025-09-17,0.355,Gavin Newsom,democratic-presidential-nominee-2028
2025-09-18,0.35,Gavin Newsom,democratic-presidential-nominee-2028
2025-09-19,0.355,Gavin Newsom,democratic-presidential-nominee-2028
2025-09-20,0.355,Gavin Newsom,democratic-presidential-nominee-2028
2025-09-21,0.355,Gavin Newsom,democratic-presidential-nominee-2028
2025-09-22,0.355,Gavin Newsom,democratic-presidential-nominee-2028
2025-09-23,0.345,Gavin Newsom,democratic-presidential-nominee-2028
2025-09-24,0.355,Gavin Newsom,democratic-presidential-nominee-2028
2025-09-25,0.355,Gavin Newsom,democratic-presidential-nominee-2028
2025-09-26,0.355,Gavin Newsom,democratic-presidential-nominee-2028
2025-09-27,0.355,Gavin Newsom,democratic-presidential-nominee-2028
2025-09-28,0.355,Gavin Newsom,democratic-presidential-nominee-2028
2025-09-29,0.365,Gavin Newsom,democratic-presidential-nominee-2028
2025-09-30,0.365,Gavin Newsom,democratic-presidential-nominee-2028
2025-10-01,0.375,Gavin Newsom,democratic-presidential-nominee-2028
2025-10-02,0.375,Gavin Newsom,democratic-presidential-nominee-2028
2025-10-03,0.365,Gavin Newsom,democratic-presidential-nominee-2028
2025-10-04,0.365,Gavin Newsom,democratic-presidential-nominee-2028
2025-10-05,0.365,Gavin Newsom,democratic-presidential-nominee-2028
2025-10-06,0.365,Gavin Newsom,democratic-presidential-nominee-2028
2025-10-07,0.36,Gavin Newsom,democratic-presidential-nominee-2028
2025-10-08,0.37,Gavin Newsom,democratic-presidential-nominee-2028
2025-10-09,0.365,Gavin Newsom,democratic-presidential-nominee-2028
2025-10-10,0.375,Gavin Newsom,democratic-presidential-nominee-2028
2025-10-11,0.37,Gavin Newsom,democratic-presidential-nominee-2028
2025-10-12,0.365,Gavin Newsom,democratic-presidential-nominee-2028
2025-10-13,0.355,Gavin Newsom,democratic-presidential-nominee-2028
2025-10-14,0.355,Gavin Newsom,democratic-presidential-nominee-2028
2025-10-15,0.355,Gavin Newsom,democratic-presidential-nominee-2028
2025-10-16,0.345,Gavin Newsom,democratic-presidential-nominee-2028
2025-10-17,0.345,Gavin Newsom,democratic-presidential-nominee-2028
2025-10-18,0.345,Gavin Newsom,democratic-presidential-nominee-2028
2025-10-19,0.345,Gavin Newsom,democratic-presidential-nominee-2028
2025-10-20,0.35,Gavin Newsom,democratic-presidential-nominee-2028
2025-10-21,0.355,Gavin Newsom,democratic-presidential-nominee-2028
2025-10-22,0.35,Gavin Newsom,democratic-presidential-nominee-2028
2025-10-23,0.35,Gavin Newsom,democratic-presidential-nominee-2028
2025-10-24,0.345,Gavin Newsom,democratic-presidential-nominee-2028
2025-10-25,0.35,Gavin Newsom,democratic-presidential-nominee-2028
2025-10-26,0.35,Gavin Newsom,democratic-presidential-nominee-2028
2025-10-27,0.355,Gavin Newsom,democratic-presidential-nominee-2028
2025-10-28,0.365,Gavin Newsom,democratic-presidential-nominee-2028
2025-10-29,0.365,Gavin Newsom,democratic-presidential-nominee-2028
2025-10-30,0.375,Gavin Newsom,democratic-presidential-nominee-2028
2025-10-31,0.365,Gavin Newsom,democratic-presidential-nominee-2028
2025-11-01,0.365,Gavin Newsom,democratic-presidential-nominee-2028
2025-11-02,0.365,Gavin Newsom,democratic-presidential-nominee-2028
2025-11-03,0.375,Gavin Newsom,democratic-presidential-nominee-2028
2025-11-04,0.375,Gavin Newsom,democratic-presidential-nominee-2028
2025-11-05,0.375,Gavin Newsom,democratic-presidential-nominee-2028
2025-11-06,0.395,Gavin Newsom,democratic-presidential-nominee-2028
2025-11-07,0.39,Gavin Newsom,democratic-presidential-nominee-2028
2025-11-08,0.385,Gavin Newsom,democratic-presidential-nominee-2028
2025-11-09,0.385,Gavin Newsom,democratic-presidential-nominee-2028
2025-11-10,0.385,Gavin Newsom,democratic-presidential-nominee-2028
2025-11-11,0.375,Gavin Newsom,democratic-presidential-nominee-2028
2025-11-12,0.375,Gavin Newsom,democratic-presidential-nominee-2028
2025-11-13,0.375,Gavin Newsom,democratic-presidential-nominee-2028
2025-11-14,0.375,Gavin Newsom,democratic-presidential-nominee-2028
2025-11-15,0.375,Gavin Newsom,democratic-presidential-nominee-2028
2025-11-16,0.375,Gavin Newsom,democratic-presidential-nominee-2028
2025-11-17,0.365,Gavin Newsom,democratic-presidential-nominee-2028
2025-11-18,0.375,Gavin Newsom,democratic-presidential-nominee-2028
2025-11-19,0.365,Gavin Newsom,democratic-presidential-nominee-2028
2025-11-20,0.365,Gavin Newsom,democratic-presidential-nominee-2028
2025-11-21,0.375,Gavin Newsom,democratic-presidential-nominee-2028
2025-11-22,0.37,Gavin Newsom,democratic-presidential-nominee-2028
2025-11-23,0.375,Gavin Newsom,democratic-presidential-nominee-2028
2025-11-24,0.365,Gavin Newsom,democratic-presidential-nominee-2028
2025-11-25,0.365,Gavin Newsom,democratic-presidential-nominee-2028
2025-11-26,0.365,Gavin Newsom,democratic-presidential-nominee-2028
2025-11-27,0.365,Gavin Newsom,democratic-presidential-nominee-2028
2025-11-28,0.365,Gavin Newsom,democratic-presidential-nominee-2028
2025-11-29,0.355,Gavin Newsom,democratic-presidential-nominee-2028
2025-11-30,0.365,Gavin Newsom,democratic-presidential-nominee-2028
2025-12-01,0.365,Gavin Newsom,democratic-presidential-nominee-2028
2025-12-02,0.355,Gavin Newsom,democratic-presidential-nominee-2028
2025-12-03,0.355,Gavin Newsom,democratic-presidential-nominee-2028
2025-12-04,0.355,Gavin Newsom,democratic-presidential-nominee-2028
2025-12-05,0.355,Gavin Newsom,democratic-presidential-nominee-2028
2025-12-06,0.355,Gavin Newsom,democratic-presidential-nominee-2028
2025-12-07,0.355,Gavin Newsom,democratic-presidential-nominee-2028
2025-12-08,0.355,Gavin Newsom,democratic-presidential-nominee-2028
2025-12-09,0.355,Gavin Newsom,democratic-presidential-nominee-2028
2025-12-10,0.365,Gavin Newsom,democratic-presidential-nominee-2028
2025-12-11,0.355,Gavin Newsom,democratic-presidential-nominee-2028
2025-12-12,0.36,Gavin Newsom,democratic-presidential-nominee-2028
2025-12-13,0.355,Gavin Newsom,democratic-presidential-nominee-2028
2025-12-14,0.355,Gavin Newsom,democratic-presidential-nominee-2028
2025-12-15,0.345,Gavin Newsom,democratic-presidential-nominee-2028
2025-12-16,0.365,Gavin Newsom,democratic-presidential-nominee-2028
2025-12-17,0.36,Gavin Newsom,democratic-presidential-nominee-2028
2025-12-18,0.355,Gavin Newsom,democratic-presidential-nominee-2028
2025-12-19,0.345,Gavin Newsom,democratic-presidential-nominee-2028
2025-12-20,0.355,Gavin Newsom,democratic-presidential-nominee-2028
2025-12-21,0.345,Gavin Newsom,democratic-presidential-nominee-2028
2025-12-22,0.345,Gavin Newsom,democratic-presidential-nominee-2028
2025-12-23,0.345,Gavin Newsom,democratic-presidential-nominee-2028
2025-12-24,0.345,Gavin Newsom,democratic-presidential-nominee-2028
2025-12-25,0.355,Gavin Newsom,democratic-presidential-nominee-2028
2025-12-26,0.335,Gavin Newsom,democratic-presidential-nominee-2028
2025-12-27,0.335,Gavin Newsom,democratic-presidential-nominee-2028
2025-12-28,0.335,Gavin Newsom,democratic-presidential-nominee-2028
2025-12-29,0.335,Gavin Newsom,democratic-presidential-nominee-2028
2025-12-30,0.335,Gavin Newsom,democratic-presidential-nominee-2028
2025-12-31,0.335,Gavin Newsom,democratic-presidential-nominee-2028
2026-01-01,0.335,Gavin Newsom,democratic-presidential-nominee-2028
2026-01-02,0.355,Gavin Newsom,democratic-presidential-nominee-2028
2026-01-03,0.355,Gavin Newsom,democratic-presidential-nominee-2028
2026-01-04,0.365,Gavin Newsom,democratic-presidential-nominee-2028
2026-01-05,0.375,Gavin Newsom,democratic-presidential-nominee-2028
2026-01-06,0.365,Gavin Newsom,democratic-presidential-nominee-2028
2026-01-07,0.365,Gavin Newsom,democratic-presidential-nominee-2028
2026-01-08,0.355,Gavin Newsom,democratic-presidential-nominee-2028
2026-01-09,0.335,Gavin Newsom,democratic-presidential-nominee-2028
2026-01-10,0.345,Gavin Newsom,democratic-presidential-nominee-2028
2026-01-11,0.345,Gavin Newsom,democratic-presidential-nominee-2028
2026-01-12,0.345,Gavin Newsom,democratic-presidential-nominee-2028
2026-01-13,0.345,Gavin Newsom,democratic-presidential-nominee-2028
2026-01-14,0.345,Gavin Newsom,democratic-presidential-nominee-2028
2026-01-15,0.345,Gavin Newsom,democratic-presidential-nominee-2028
2026-01-16,0.335,Gavin Newsom,democratic-presidential-nominee-2028
2026-01-17,0.345,Gavin Newsom,democratic-presidential-nominee-2028
2026-01-18,0.345,Gavin Newsom,democratic-presidential-nominee-2028
2026-01-19,0.345,Gavin Newsom,democratic-presidential-nominee-2028
2026-01-20,0.345,Gavin Newsom,democratic-presidential-nominee-2028
2026-01-21,0.345,Gavin Newsom,democratic-presidential-nominee-2028
2026-01-22,0.345,Gavin Newsom,democratic-presidential-nominee-2028
2026-01-23,0.345,Gavin Newsom,democratic-presidential-nominee-2028
2026-01-24,0.345,Gavin Newsom,democratic-presidential-nominee-2028
2026-01-25,0.345,Gavin Newsom,democratic-presidential-nominee-2028
2026-01-26,0.345,Gavin Newsom,democratic-presidential-nominee-2028
2026-01-27,0.345,Gavin Newsom,democratic-presidential-nominee-2028
2026-01-28,0.345,Gavin Newsom,democratic-presidential-nominee-2028
2026-01-29,0.345,Gavin Newsom,democratic-presidential-nominee-2028
2026-01-30,0.335,Gavin Newsom,democratic-presidential-nominee-2028
2026-01-31,0.335,Gavin Newsom,democratic-presidential-nominee-2028
2026-02-01,0.335,Gavin Newsom,democratic-presidential-nominee-2028
2026-02-02,0.325,Gavin Newsom,democratic-presidential-nominee-2028
2026-02-03,0.325,Gavin Newsom,democratic-presidential-nominee-2028
2026-02-04,0.325,Gavin Newsom,democratic-presidential-nominee-2028
2026-02-05,0.315,Gavin Newsom,democratic-presidential-nominee-2028
2026-02-06,0.295,Gavin Newsom,democratic-presidential-nominee-2028
2026-02-07,0.295,Gavin Newsom,democratic-presidential-nominee-2028
2026-02-08,0.285,Gavin Newsom,democratic-presidential-nominee-2028
2026-02-09,0.275,Gavin Newsom,democratic-presidential-nominee-2028
2026-02-10,0.285,Gavin Newsom,democratic-presidential-nominee-2028
2026-02-11,0.275,Gavin Newsom,democratic-presidential-nominee-2028
2026-02-12,0.265,Gavin Newsom,democratic-presidential-nominee-2028
2026-02-13,0.265,Gavin Newsom,democratic-presidential-nominee-2028
2026-02-14,0.265,Gavin Newsom,democratic-presidential-nominee-2028
2026-02-15,0.2635,Gavin Newsom,democratic-presidential-nominee-2028
2026-02-16,0.277,Gavin Newsom,democratic-presidential-nominee-2028
2026-02-17,0.2785,Gavin Newsom,democratic-presidential-nominee-2028
2026-02-18,0.2735,Gavin Newsom,democratic-presidential-nominee-2028
2026-02-19,0.2735,Gavin Newsom,democratic-presidential-nominee-2028
2026-02-20,0.276,Gavin Newsom,democratic-presidential-nominee-2028
2026-02-21,0.2745,Gavin Newsom,democratic-presidential-nominee-2028
2026-02-22,0.2725,Gavin Newsom,democratic-presidential-nominee-2028
2026-02-23,0.2765,Gavin Newsom,democratic-presidential-nominee-2028
2026-02-24,0.2715,Gavin Newsom,democratic-presidential-nominee-2028
2026-02-25,0.2705,Gavin Newsom,democratic-presidential-nominee-2028
2026-02-26,0.2625,Gavin Newsom,democratic-presidential-nominee-2028
2026-02-27,0.266,Gavin Newsom,democratic-presidential-nominee-2028
2026-02-28,0.2595,Gavin Newsom,democratic-presidential-nominee-2028
2026-03-01,0.2545,Gavin Newsom,democratic-presidential-nominee-2028
2026-03-02,0.2525,Gavin Newsom,democratic-presidential-nominee-2028
2026-03-03,0.25,Gavin Newsom,democratic-presidential-nominee-2028
2026-03-04,0.253,Gavin Newsom,democratic-presidential-nominee-2028
2026-03-05,0.2505,Gavin Newsom,democratic-presidential-nominee-2028
2026-03-06,0.2515,Gavin Newsom,democratic-presidential-nominee-2028
2026-03-07,0.2515,Gavin Newsom,democratic-presidential-nominee-2028
2026-03-08,0.2535,Gavin Newsom,democratic-presidential-nominee-2028
2026-03-09,0.2535,Gavin Newsom,democratic-presidential-nominee-2028
2026-03-10,0.246,Gavin Newsom,democratic-presidential-nominee-2028
2026-03-11,0.252,Gavin Newsom,democratic-presidential-nominee-2028
2026-03-12,0.2535,Gavin Newsom,democratic-presidential-nominee-2028
2026-03-14,0.246,Gavin Newsom,democratic-presidential-nominee-2028
2026-03-17,0.248,Gavin Newsom,democratic-presidential-nominee-2028
2026-03-18,0.243,Gavin Newsom,democratic-presidential-nominee-2028
2026-03-20,0.249,Gavin Newsom,democratic-presidential-nominee-2028
2026-03-21,0.2495,Gavin Newsom,democratic-presidential-nominee-2028
2026-03-22,0.252,Gavin Newsom,democratic-presidential-nominee-2028
2026-03-23,0.249,Gavin Newsom,democratic-presidential-nominee-2028
2026-03-24,0.2455,Gavin Newsom,democratic-presidential-nominee-2028
2026-03-25,0.24,Gavin Newsom,democratic-presidential-nominee-2028
2026-03-26,0.2415,Gavin Newsom,democratic-presidential-nominee-2028
2026-03-27,0.243,Gavin Newsom,democratic-presidential-nominee-2028
2026-03-28,0.242,Gavin Newsom,democratic-presidential-nominee-2028
2026-03-29,0.2435,Gavin Newsom,democratic-presidential-nominee-2028
2026-04-05,0.242,Gavin Newsom,democratic-presidential-nominee-2028
2026-04-09,0.2715,Gavin Newsom,democratic-presidential-nominee-2028
2026-04-22,0.2725,Gavin Newsom,democratic-presidential-nominee-2028
2026-04-23,0.2675,Gavin Newsom,democratic-presidential-nominee-2028
2026-04-24,0.2625,Gavin Newsom,democratic-presidential-nominee-2028
2026-04-25,0.2615,Gavin Newsom,democratic-presidential-nominee-2028
2026-04-26,0.2605,Gavin Newsom,democratic-presidential-nominee-2028
2026-04-27,0.2585,Gavin Newsom,democratic-presidential-nominee-2028
2026-04-28,0.2685,Gavin Newsom,democratic-presidential-nominee-2028
2026-04-29,0.2705,Gavin Newsom,democratic-presidential-nominee-2028
2026-04-30,0.2665,Gavin Newsom,democratic-presidential-nominee-2028
2026-05-01,0.2695,Gavin Newsom,democratic-presidential-nominee-2028
2026-05-02,0.264,Gavin Newsom,democratic-presidential-nominee-2028
2026-05-03,0.2635,Gavin Newsom,democratic-presidential-nominee-2028
2026-05-04,0.2665,Gavin Newsom,democratic-presidential-nominee-2028
2026-05-05,0.2615,Gavin Newsom,democratic-presidential-nominee-2028
2026-05-06,0.2605,Gavin Newsom,democratic-presidential-nominee-2028
2026-05-07,0.2475,Gavin Newsom,democratic-presidential-nominee-2028
2026-05-08,0.2485,Gavin Newsom,democratic-presidential-nominee-2028
2026-05-09,0.2475,Gavin Newsom,democratic-presidential-nominee-2028
2026-05-10,0.2475,Gavin Newsom,democratic-presidential-nominee-2028
2026-05-11,0.2415,Gavin Newsom,democratic-presidential-nominee-2028
2026-05-12,0.2405,Gavin Newsom,democratic-presidential-nominee-2028
2026-05-13,0.2405,Gavin Newsom,democratic-presidential-nominee-2028
2026-05-14,0.2405,Gavin Newsom,democratic-presidential-nominee-2028
2026-05-15,0.2405,Gavin Newsom,democratic-presidential-nominee-2028
2026-05-16,0.2405,Gavin Newsom,democratic-presidential-nominee-2028
2026-05-17,0.2445,Gavin Newsom,democratic-presidential-nominee-2028
2026-05-18,0.2445,Gavin Newsom,democratic-presidential-nominee-2028
2026-05-19,0.2495,Gavin Newsom,democratic-presidential-nominee-2028
2026-05-20,0.2485,Gavin Newsom,democratic-presidential-nominee-2028
2026-05-21,0.2485,Gavin Newsom,democratic-presidential-nominee-2028
2026-05-22,0.2485,Gavin Newsom,democratic-presidential-nominee-2028
2026-05-23,0.2415,Gavin Newsom,democratic-presidential-nominee-2028
2026-05-24,0.2405,Gavin Newsom,democratic-presidential-nominee-2028
2026-05-25,0.2405,Gavin Newsom,democratic-presidential-nominee-2028
2026-05-26,0.2435,Gavin Newsom,democratic-presidential-nominee-2028
2026-05-27,0.2425,Gavin Newsom,democratic-presidential-nominee-2028
2026-05-28,0.2405,Gavin Newsom,democratic-presidential-nominee-2028
2026-05-29,0.2405,Gavin Newsom,democratic-presidential-nominee-2028
2026-05-30,0.2385,Gavin Newsom,democratic-presidential-nominee-2028
2026-05-31,0.2505,Gavin Newsom,democratic-presidential-nominee-2028
2026-06-01,0.2535,Gavin Newsom,democratic-presidential-nominee-2028
2026-06-02,0.2525,Gavin Newsom,democratic-presidential-nominee-2028
2026-06-03,0.2505,Gavin Newsom,democratic-presidential-nominee-2028
2026-06-04,0.2515,Gavin Newsom,democratic-presidential-nominee-2028
2026-06-05,0.2515,Gavin Newsom,democratic-presidential-nominee-2028
2026-06-06,0.2515,Gavin Newsom,democratic-presidential-nominee-2028
2026-06-07,0.2515,Gavin Newsom,democratic-presidential-nominee-2028
2026-06-08,0.2515,Gavin Newsom,democratic-presidential-nominee-2028
2026-06-09,0.2455,Gavin Newsom,democratic-presidential-nominee-2028
2026-06-10,0.2385,Gavin Newsom,democratic-presidential-nominee-2028
2026-06-11,0.2375,Gavin Newsom,democratic-presidential-nominee-2028
2026-06-12,0.2325,Gavin Newsom,democratic-presidential-nominee-2028
2026-06-13,0.2315,Gavin Newsom,democratic-presidential-nominee-2028
2026-06-14,0.2325,Gavin Newsom,democratic-presidential-nominee-2028
2026-06-15,0.2375,Gavin Newsom,democratic-presidential-nominee-2028
2026-06-16,0.2435,Gavin Newsom,democratic-presidential-nominee-2028
2026-06-17,0.2435,Gavin Newsom,democratic-presidential-nominee-2028
2026-06-18,0.2445,Gavin Newsom,democratic-presidential-nominee-2028
2026-06-19,0.2385,Gavin Newsom,democratic-presidential-nominee-2028
2026-06-20,0.2355,Gavin Newsom,democratic-presidential-nominee-2028
2026-06-21,0.2325,Gavin Newsom,democratic-presidential-nominee-2028
2026-06-22,0.2325,Gavin Newsom,democratic-presidential-nominee-2028
2026-06-23,0.2315,Gavin Newsom,democratic-presidential-nominee-2028
2026-06-24,0.2125,Gavin Newsom,democratic-presidential-nominee-2028
2026-06-25,0.2065,Gavin Newsom,democratic-presidential-nominee-2028
2026-06-26,0.207,Gavin Newsom,democratic-presidential-nominee-2028
2026-06-27,0.2085,Gavin Newsom,democratic-presidential-nominee-2028
2026-06-28,0.2065,Gavin Newsom,democratic-presidential-nominee-2028
2026-06-29,0.2055,Gavin Newsom,democratic-presidential-nominee-2028
2026-06-30,0.2045,Gavin Newsom,democratic-presidential-nominee-2028
2026-07-01,0.205,Gavin Newsom,democratic-presidential-nominee-2028
2026-07-02,0.2045,Gavin Newsom,democratic-presidential-nominee-2028
2026-07-03,0.2065,Gavin Newsom,democratic-presidential-nominee-2028
2026-07-04,0.2065,Gavin Newsom,democratic-presidential-nominee-2028
2026-07-05,0.2065,Gavin Newsom,democratic-presidential-nominee-2028
2026-07-06,0.2005,Gavin Newsom,democratic-presidential-nominee-2028
2026-07-07,0.196,Gavin Newsom,democratic-presidential-nominee-2028
2026-07-08,0.182,Gavin Newsom,democratic-presidential-nominee-2028
2026-07-09,0.1855,Gavin Newsom,democratic-presidential-nominee-2028
2026-07-10,0.189,Gavin Newsom,democratic-presidential-nominee-2028
2026-07-11,0.186,Gavin Newsom,democratic-presidential-nominee-2028
2026-07-12,0.1885,Gavin Newsom,democratic-presidential-nominee-2028
2026-07-13,0.1975,Gavin Newsom,democratic-presidential-nominee-2028
2026-07-14,0.1975,Gavin Newsom,democratic-presidential-nominee-2028
2026-07-15,0.2005,Gavin Newsom,democratic-presidential-nominee-2028
2026-07-16,0.2005,Gavin Newsom,democratic-presidential-nominee-2028
2026-07-17,0.2015,Gavin Newsom,democratic-presidential-nominee-2028
2026-07-18,0.2015,Gavin Newsom,democratic-presidential-nominee-2028
2026-07-19,0.2015,Gavin Newsom,democratic-presidential-nominee-2028
2026-07-20,0.1975,Gavin Newsom,democratic-presidential-nominee-2028
2026-07-21,0.1985,Gavin Newsom,democratic-presidential-nominee-2028
2026-07-22,0.1985,Gavin Newsom,democratic-presidential-nominee-2028
2026-07-23,0.1975,Gavin Newsom,democratic-presidential-nominee-2028
2026-07-24,0.1975,Gavin Newsom,democratic-presidential-nominee-2028
2026-07-25,0.1975,Gavin Newsom,democratic-presidential-nominee-2028
2026-07-26,0.1975,Gavin Newsom,democratic-presidential-nominee-2028
2026-07-27,0.1965,Gavin Newsom,democratic-presidential-nominee-2028
2026-07-28,0.1945,Gavin Newsom,democratic-presidential-nominee-2028
2026-07-30,0.1935,Gavin Newsom,democratic-presidential-nominee-2028
2026-07-31,0.1935,Gavin Newsom,democratic-presidential-nominee-2028
2026-08-01,0.1925,Gavin Newsom,democratic-presidential-nominee-2028
2026-08-02,0.1925,Gavin Newsom,democratic-presidential-nominee-2028
2026-08-03,0.1915,Gavin Newsom,democratic-presidential-nominee-2028
2026-08-04,0.1895,Gavin Newsom,democratic-presidential-nominee-2028
2026-08-05,0.1845,Gavin Newsom,democratic-presidential-nominee-2028
2026-08-06,0.1835,Gavin Newsom,democratic-presidential-nominee-2028
2026-08-07,0.1825,Gavin Newsom,democratic-presidential-nominee-2028
2026-08-08,0.1825,Gavin Newsom,democratic-presidential-nominee-2028
2026-08-09,0.1825,Gavin Newsom,democratic-presidential-nominee-2028
2026-08-10,0.1815,Gavin Newsom,democratic-presidential-nominee-2028
2026-08-11,0.1755,Gavin Newsom,democratic-presidential-nominee-2028
2026-08-12,0.1795,Gavin Newsom,democratic-presidential-nominee-2028
2026-08-13,0.1735,Gavin Newsom,democratic-presidential-nominee-2028
2026-08-14,0.1695,Gavin Newsom,democratic-presidential-nominee-2028
2026-08-15,0.1655,Gavin Newsom,democratic-presidential-nominee-2028
2026-08-16,0.164,Gavin Newsom,democratic-presidential-nominee-2028
2026-08-17,0.1695,Gavin Newsom,democratic-presidential-nominee-2028
2026-08-18,0.1585,Gavin Newsom,democratic-presidential-nominee-2028
2026-08-19,0.1565,Gavin Newsom,democratic-presidential-nominee-2028
2026-08-20,0.1575,Gavin Newsom,democratic-presidential-nominee-2028
2026-08-21,0.1505,Gavin Newsom,democratic-presidential-nominee-2028
2026-08-22,0.1505,Gavin Newsom,democratic-presidential-nominee-2028
2026-08-23,0.1505,Gavin Newsom,democratic-presidential-nominee-2028
2026-08-24,0.1495,Gavin Newsom,democratic-presidential-nominee-2028
2026-08-25,0.1435,Gavin Newsom,democratic-presidential-nominee-2028
2025-07-19,0.175,Alexandria Ocasio-Cortez,democratic-presidential-nominee-2028
2025-07-20,0.165,Alexandria Ocasio-Cortez,democratic-presidential-nominee-2028
2025-07-21,0.165,Alexandria Ocasio-Cortez,democratic-presidential-nominee-2028
2025-07-22,0.165,Alexandria Ocasio-Cortez,democratic-presidential-nominee-2028
2025-07-23,0.155,Alexandria Ocasio-Cortez,democratic-presidential-nominee-2028
2025-07-24,0.155,Alexandria Ocasio-Cortez,democratic-presidential-nominee-2028
2025-07-25,0.155,Alexandria Ocasio-Cortez,democratic-presidential-nominee-2028
2025-07-26,0.155,Alexandria Ocasio-Cortez,democratic-presidential-nominee-2028
2025-07-27,0.155,Alexandria Ocasio-Cortez,democratic-presidential-nominee-2028
2025-07-28,0.155,Alexandria Ocasio-Cortez,democratic-presidential-nominee-2028
2025-07-29,0.155,Alexandria Ocasio-Cortez,democratic-presidential-nominee-2028
2025-07-30,0.155,Alexandria Ocasio-Cortez,democratic-presidential-nominee-2028
2025-07-31,0.155,Alexandria Ocasio-Cortez,democratic-presidential-nominee-2028
2025-08-01,0.155,Alexandria Ocasio-Cortez,democratic-presidential-nominee-2028
2025-08-02,0.155,Alexandria Ocasio-Cortez,democratic-presidential-nominee-2028
2025-08-03,0.155,Alexandria Ocasio-Cortez,democratic-presidential-nominee-2028
2025-08-04,0.155,Alexandria Ocasio-Cortez,democratic-presidential-nominee-2028
2025-08-05,0.155,Alexandria Ocasio-Cortez,democratic-presidential-nominee-2028
2025-08-06,0.155,Alexandria Ocasio-Cortez,democratic-presidential-nominee-2028
2025-08-07,0.155,Alexandria Ocasio-Cortez,democratic-presidential-nominee-2028
2025-08-08,0.155,Alexandria Ocasio-Cortez,democratic-presidential-nominee-2028
2025-08-09,0.145,Alexandria Ocasio-Cortez,democratic-presidential-nominee-2028
2025-08-10,0.145,Alexandria Ocasio-Cortez,democratic-presidential-nominee-2028
2025-08-11,0.145,Alexandria Ocasio-Cortez,democratic-presidential-nominee-2028
2025-08-12,0.145,Alexandria Ocasio-Cortez,democratic-presidential-nominee-2028
2025-08-13,0.145,Alexandria Ocasio-Cortez,democratic-presidential-nominee-2028
2025-08-14,0.145,Alexandria Ocasio-Cortez,democratic-presidential-nominee-2028
2025-08-15,0.145,Alexandria Ocasio-Cortez,democratic-presidential-nominee-2028
2025-08-16,0.125,Alexandria Ocasio-Cortez,democratic-presidential-nominee-2028
2025-08-17,0.125,Alexandria Ocasio-Cortez,democratic-presidential-nominee-2028
2025-08-18,0.125,Alexandria Ocasio-Cortez,democratic-presidential-nominee-2028
2025-08-19,0.135,Alexandria Ocasio-Cortez,democratic-presidential-nominee-2028
2025-08-20,0.135,Alexandria Ocasio-Cortez,democratic-presidential-nominee-2028
2025-08-21,0.135,Alexandria Ocasio-Cortez,democratic-presidential-nominee-2028
2025-08-22,0.135,Alexandria Ocasio-Cortez,democratic-presidential-nominee-2028
2025-08-23,0.135,Alexandria Ocasio-Cortez,democratic-presidential-nominee-2028
2025-08-24,0.13,Alexandria Ocasio-Cortez,democratic-presidential-nominee-2028
2025-08-25,0.125,Alexandria Ocasio-Cortez,democratic-presidential-nominee-2028
2025-08-26,0.115,Alexandria Ocasio-Cortez,democratic-presidential-nominee-2028
2025-08-27,0.105,Alexandria Ocasio-Cortez,democratic-presidential-nominee-2028
2025-08-28,0.105,Alexandria Ocasio-Cortez,democratic-presidential-nominee-2028
2025-08-29,0.1,Alexandria Ocasio-Cortez,democratic-presidential-nominee-2028
2025-08-30,0.105,Alexandria Ocasio-Cortez,democratic-presidential-nominee-2028
2025-08-31,0.105,Alexandria Ocasio-Cortez,democratic-presidential-nominee-2028
2025-09-01,0.095,Alexandria Ocasio-Cortez,democratic-presidential-nominee-2028
2025-09-02,0.095,Alexandria Ocasio-Cortez,democratic-presidential-nominee-2028
2025-09-03,0.095,Alexandria Ocasio-Cortez,democratic-presidential-nominee-2028
2025-09-04,0.095,Alexandria Ocasio-Cortez,democratic-presidential-nominee-2028
2025-09-05,0.095,Alexandria Ocasio-Cortez,democratic-presidential-nominee-2028
2025-09-06,0.095,Alexandria Ocasio-Cortez,democratic-presidential-nominee-2028
2025-09-07,0.095,Alexandria Ocasio-Cortez,democratic-presidential-nominee-2028
2025-09-08,0.085,Alexandria Ocasio-Cortez,democratic-presidential-nominee-2028
2025-09-09,0.085,Alexandria Ocasio-Cortez,democratic-presidential-nominee-2028
2025-09-10,0.085,Alexandria Ocasio-Cortez,democratic-presidential-nominee-2028
2025-09-11,0.085,Alexandria Ocasio-Cortez,democratic-presidential-nominee-2028
2025-09-12,0.085,Alexandria Ocasio-Cortez,democratic-presidential-nominee-2028
2025-09-13,0.085,Alexandria Ocasio-Cortez,democratic-presidential-nominee-2028
2025-09-14,0.085,Alexandria Ocasio-Cortez,democratic-presidential-nominee-2028
2025-09-15,0.075,Alexandria Ocasio-Cortez,democratic-presidential-nominee-2028
2025-09-16,0.075,Alexandria Ocasio-Cortez,democratic-presidential-nominee-2028
2025-09-17,0.095,Alexandria Ocasio-Cortez,democratic-presidential-nominee-2028
2025-09-18,0.105,Alexandria Ocasio-Cortez,democratic-presidential-nominee-2028
2025-09-19,0.105,Alexandria Ocasio-Cortez,democratic-presidential-nominee-2028
2025-09-20,0.115,Alexandria Ocasio-Cortez,democratic-presidential-nominee-2028
2025-09-21,0.11,Alexandria Ocasio-Cortez,democratic-presidential-nominee-2028
2025-09-22,0.115,Alexandria Ocasio-Cortez,democratic-presidential-nominee-2028
2025-09-23,0.115,Alexandria Ocasio-Cortez,democratic-presidential-nominee-2028
2025-09-24,0.105,Alexandria Ocasio-Cortez,democratic-presidential-nominee-2028
2025-09-25,0.105,Alexandria Ocasio-Cortez,democratic-presidential-nominee-2028
2025-09-26,0.105,Alexandria Ocasio-Cortez,democratic-presidential-nominee-2028
2025-09-27,0.105,Alexandria Ocasio-Cortez,democratic-presidential-nominee-2028
2025-09-28,0.105,Alexandria Ocasio-Cortez,democratic-presidential-nominee-2028
2025-09-29,0.105,Alexandria Ocasio-Cortez,democratic-presidential-nominee-2028
2025-09-30,0.105,Alexandria Ocasio-Cortez,democratic-presidential-nominee-2028
2025-10-01,0.105,Alexandria Ocasio-Cortez,democratic-presidential-nominee-2028
2025-10-02,0.105,Alexandria Ocasio-Cortez,democratic-presidential-nominee-2028
2025-10-03,0.1,Alexandria Ocasio-Cortez,democratic-presidential-nominee-2028
2025-10-04,0.095,Alexandria Ocasio-Cortez,democratic-presidential-nominee-2028
2025-10-05,0.095,Alexandria Ocasio-Cortez,democratic-presidential-nominee-2028
2025-10-06,0.095,Alexandria Ocasio-Cortez,democratic-presidential-nominee-2028
2025-10-07,0.095,Alexandria Ocasio-Cortez,democratic-presidential-nominee-2028
2025-10-08,0.095,Alexandria Ocasio-Cortez,democratic-presidential-nominee-2028
2025-10-09,0.105,Alexandria Ocasio-Cortez,democratic-presidential-nominee-2028
2025-10-10,0.105,Alexandria Ocasio-Cortez,democratic-presidential-nominee-2028
2025-10-11,0.1,Alexandria Ocasio-Cortez,democratic-presidential-nominee-2028
2025-10-12,0.105,Alexandria Ocasio-Cortez,democratic-presidential-nominee-2028
2025-10-13,0.105,Alexandria Ocasio-Cortez,democratic-presidential-nominee-2028
2025-10-14,0.115,Alexandria Ocasio-Cortez,democratic-presidential-nominee-2028
2025-10-15,0.12,Alexandria Ocasio-Cortez,democratic-presidential-nominee-2028
2025-10-16,0.105,Alexandria Ocasio-Cortez,democratic-presidential-nominee-2028
2025-10-17,0.105,Alexandria Ocasio-Cortez,democratic-presidential-nominee-2028
2025-10-18,0.105,Alexandria Ocasio-Cortez,democratic-presidential-nominee-2028
2025-10-19,0.105,Alexandria Ocasio-Cortez,democratic-presidential-nominee-2028
2025-10-20,0.115,Alexandria Ocasio-Cortez,democratic-presidential-nominee-2028
2025-10-21,0.115,Alexandria Ocasio-Cortez,democratic-presidential-nominee-2028
2025-10-22,0.125,Alexandria Ocasio-Cortez,democratic-presidential-nominee-2028
2025-10-23,0.12,Alexandria Ocasio-Cortez,democratic-presidential-nominee-2028
2025-10-24,0.115,Alexandria Ocasio-Cortez,democratic-presidential-nominee-2028
2025-10-25,0.115,Alexandria Ocasio-Cortez,democratic-presidential-nominee-2028
2025-10-26,0.115,Alexandria Ocasio-Cortez,democratic-presidential-nominee-2028
2025-10-27,0.115,Alexandria Ocasio-Cortez,democratic-presidential-nominee-2028
2025-10-28,0.125,Alexandria Ocasio-Cortez,democratic-presidential-nominee-2028
2025-10-29,0.145,Alexandria Ocasio-Cortez,democratic-presidential-nominee-2028
2025-10-30,0.145,Alexandria Ocasio-Cortez,democratic-presidential-nominee-2028
2025-10-31,0.145,Alexandria Ocasio-Cortez,democratic-presidential-nominee-2028
2025-11-01,0.145,Alexandria Ocasio-Cortez,democratic-presidential-nominee-2028
2025-11-02,0.135,Alexandria Ocasio-Cortez,democratic-presidential-nominee-2028
2025-11-03,0.135,Alexandria Ocasio-Cortez,democratic-presidential-nominee-2028
2025-11-04,0.135,Alexandria Ocasio-Cortez,democratic-presidential-nominee-2028
2025-11-05,0.125,Alexandria Ocasio-Cortez,democratic-presidential-nominee-2028
2025-11-06,0.125,Alexandria Ocasio-Cortez,democratic-presidential-nominee-2028
2025-11-07,0.135,Alexandria Ocasio-Cortez,democratic-presidential-nominee-2028
2025-11-08,0.135,Alexandria Ocasio-Cortez,democratic-presidential-nominee-2028
2025-11-09,0.135,Alexandria Ocasio-Cortez,democratic-presidential-nominee-2028
2025-11-10,0.135,Alexandria Ocasio-Cortez,democratic-presidential-nominee-2028
2025-11-11,0.135,Alexandria Ocasio-Cortez,democratic-presidential-nominee-2028
2025-11-12,0.125,Alexandria Ocasio-Cortez,democratic-presidential-nominee-2028
2025-11-13,0.125,Alexandria Ocasio-Cortez,democratic-presidential-nominee-2028
2025-11-14,0.125,Alexandria Ocasio-Cortez,democratic-presidential-nominee-2028
2025-11-15,0.115,Alexandria Ocasio-Cortez,democratic-presidential-nominee-2028
2025-11-16,0.115,Alexandria Ocasio-Cortez,democratic-presidential-nominee-2028
2025-11-17,0.115,Alexandria Ocasio-Cortez,democratic-presidential-nominee-2028
2025-11-18,0.115,Alexandria Ocasio-Cortez,democratic-presidential-nominee-2028
2025-11-19,0.115,Alexandria Ocasio-Cortez,democratic-presidential-nominee-2028
2025-11-20,0.115,Alexandria Ocasio-Cortez,democratic-presidential-nominee-2028
2025-11-21,0.115,Alexandria Ocasio-Cortez,democratic-presidential-nominee-2028
2025-11-22,0.115,Alexandria Ocasio-Cortez,democratic-presidential-nominee-2028
2025-11-23,0.115,Alexandria Ocasio-Cortez,democratic-presidential-nominee-2028
2025-11-24,0.115,Alexandria Ocasio-Cortez,democratic-presidential-nominee-2028
2025-11-25,0.115,Alexandria Ocasio-Cortez,democratic-presidential-nominee-2028
2025-11-26,0.115,Alexandria Ocasio-Cortez,democratic-presidential-nominee-2028
2025-11-27,0.115,Alexandria Ocasio-Cortez,democratic-presidential-nominee-2028
2025-11-28,0.115,Alexandria Ocasio-Cortez,democratic-presidential-nominee-2028
2025-11-29,0.115,Alexandria Ocasio-Cortez,democratic-presidential-nominee-2028
2025-11-30,0.115,Alexandria Ocasio-Cortez,democratic-presidential-nominee-2028
2025-12-01,0.115,Alexandria Ocasio-Cortez,democratic-presidential-nominee-2028
2025-12-02,0.115,Alexandria Ocasio-Cortez,democratic-presidential-nominee-2028
2025-12-03,0.115,Alexandria Ocasio-Cortez,democratic-presidential-nominee-2028
2025-12-04,0.105,Alexandria Ocasio-Cortez,democratic-presidential-nominee-2028
2025-12-05,0.105,Alexandria Ocasio-Cortez,democratic-presidential-nominee-2028
2025-12-06,0.115,Alexandria Ocasio-Cortez,democratic-presidential-nominee-2028
2025-12-07,0.115,Alexandria Ocasio-Cortez,democratic-presidential-nominee-2028
2025-12-08,0.105,Alexandria Ocasio-Cortez,democratic-presidential-nominee-2028
2025-12-09,0.105,Alexandria Ocasio-Cortez,democratic-presidential-nominee-2028
2025-12-10,0.105,Alexandria Ocasio-Cortez,democratic-presidential-nominee-2028
2025-12-11,0.105,Alexandria Ocasio-Cortez,democratic-presidential-nominee-2028
2025-12-12,0.105,Alexandria Ocasio-Cortez,democratic-presidential-nominee-2028
2025-12-13,0.105,Alexandria Ocasio-Cortez,democratic-presidential-nominee-2028
2025-12-14,0.105,Alexandria Ocasio-Cortez,democratic-presidential-nominee-2028
2025-12-15,0.105,Alexandria Ocasio-Cortez,democratic-presidential-nominee-2028
2025-12-16,0.105,Alexandria Ocasio-Cortez,democratic-presidential-nominee-2028
2025-12-17,0.105,Alexandria Ocasio-Cortez,democratic-presidential-nominee-2028
2025-12-18,0.105,Alexandria Ocasio-Cortez,democratic-presidential-nominee-2028
2025-12-19,0.105,Alexandria Ocasio-Cortez,democratic-presidential-nominee-2028
2025-12-20,0.105,Alexandria Ocasio-Cortez,democratic-presidential-nominee-2028
2025-12-21,0.105,Alexandria Ocasio-Cortez,democratic-presidential-nominee-2028
2025-12-22,0.105,Alexandria Ocasio-Cortez,democratic-presidential-nominee-2028
2025-12-23,0.105,Alexandria Ocasio-Cortez,democratic-presidential-nominee-2028
2025-12-24,0.105,Alexandria Ocasio-Cortez,democratic-presidential-nominee-2028
2025-12-25,0.105,Alexandria Ocasio-Cortez,democratic-presidential-nominee-2028
2025-12-26,0.105,Alexandria Ocasio-Cortez,democratic-presidential-nominee-2028
2025-12-27,0.135,Alexandria Ocasio-Cortez,democratic-presidential-nominee-2028
2025-12-28,0.135,Alexandria Ocasio-Cortez,democratic-presidential-nominee-2028
2025-12-29,0.13,Alexandria Ocasio-Cortez,democratic-presidential-nominee-2028
2025-12-30,0.125,Alexandria Ocasio-Cortez,democratic-presidential-nominee-2028
2025-12-31,0.125,Alexandria Ocasio-Cortez,democratic-presidential-nominee-2028
2026-01-01,0.125,Alexandria Ocasio-Cortez,democratic-presidential-nominee-2028
2026-01-02,0.115,Alexandria Ocasio-Cortez,democratic-presidential-nominee-2028
2026-01-03,0.115,Alexandria Ocasio-Cortez,democratic-presidential-nominee-2028
2026-01-04,0.11,Alexandria Ocasio-Cortez,democratic-presidential-nominee-2028
2026-01-05,0.11,Alexandria Ocasio-Cortez,democratic-presidential-nominee-2028
2026-01-06,0.11,Alexandria Ocasio-Cortez,democratic-presidential-nominee-2028
2026-01-07,0.105,Alexandria Ocasio-Cortez,democratic-presidential-nominee-2028
2026-01-08,0.105,Alexandria Ocasio-Cortez,democratic-presidential-nominee-2028
2026-01-09,0.105,Alexandria Ocasio-Cortez,democratic-presidential-nominee-2028
2026-01-10,0.105,Alexandria Ocasio-Cortez,democratic-presidential-nominee-2028
2026-01-11,0.105,Alexandria Ocasio-Cortez,democratic-presidential-nominee-2028
2026-01-12,0.105,Alexandria Ocasio-Cortez,democratic-presidential-nominee-2028
2026-01-13,0.105,Alexandria Ocasio-Cortez,democratic-presidential-nominee-2028
2026-01-14,0.105,Alexandria Ocasio-Cortez,democratic-presidential-nominee-2028
2026-01-15,0.105,Alexandria Ocasio-Cortez,democratic-presidential-nominee-2028
2026-01-16,0.105,Alexandria Ocasio-Cortez,democratic-presidential-nominee-2028
2026-01-17,0.105,Alexandria Ocasio-Cortez,democratic-presidential-nominee-2028
2026-01-18,0.1,Alexandria Ocasio-Cortez,democratic-presidential-nominee-2028
2026-01-19,0.105,Alexandria Ocasio-Cortez,democratic-presidential-nominee-2028
2026-01-20,0.105,Alexandria Ocasio-Cortez,democratic-presidential-nominee-2028
2026-01-21,0.105,Alexandria Ocasio-Cortez,democratic-presidential-nominee-2028
2026-01-22,0.095,Alexandria Ocasio-Cortez,democratic-presidential-nominee-2028
2026-01-23,0.095,Alexandria Ocasio-Cortez,democratic-presidential-nominee-2028
2026-01-24,0.1,Alexandria Ocasio-Cortez,democratic-presidential-nominee-2028
2026-01-25,0.085,Alexandria Ocasio-Cortez,democratic-presidential-nominee-2028
2026-01-26,0.085,Alexandria Ocasio-Cortez,democratic-presidential-nominee-2028
2026-01-27,0.085,Alexandria Ocasio-Cortez,democratic-presidential-nominee-2028
2026-01-28,0.085,Alexandria Ocasio-Cortez,democratic-presidential-nominee-2028
2026-01-29,0.075,Alexandria Ocasio-Cortez,democratic-presidential-nominee-2028
2026-01-30,0.075,Alexandria Ocasio-Cortez,democratic-presidential-nominee-2028
2026-01-31,0.08,Alexandria Ocasio-Cortez,democratic-presidential-nominee-2028
2026-02-01,0.075,Alexandria Ocasio-Cortez,democratic-presidential-nominee-2028
2026-02-02,0.085,Alexandria Ocasio-Cortez,democratic-presidential-nominee-2028
2026-02-03,0.075,Alexandria Ocasio-Cortez,democratic-presidential-nominee-2028
2026-02-04,0.075,Alexandria Ocasio-Cortez,democratic-presidential-nominee-2028
2026-02-05,0.075,Alexandria Ocasio-Cortez,democratic-presidential-nominee-2028
2026-02-06,0.075,Alexandria Ocasio-Cortez,democratic-presidential-nominee-2028
2026-02-07,0.075,Alexandria Ocasio-Cortez,democratic-presidential-nominee-2028
2026-02-08,0.085,Alexandria Ocasio-Cortez,democratic-presidential-nominee-2028
2026-02-09,0.085,Alexandria Ocasio-Cortez,democratic-presidential-nominee-2028
2026-02-10,0.085,Alexandria Ocasio-Cortez,democratic-presidential-nominee-2028
2026-02-11,0.095,Alexandria Ocasio-Cortez,democratic-presidential-nominee-2028
2026-02-12,0.095,Alexandria Ocasio-Cortez,democratic-presidential-nominee-2028
2026-02-13,0.095,Alexandria Ocasio-Cortez,democratic-presidential-nominee-2028
2026-02-14,0.095,Alexandria Ocasio-Cortez,democratic-presidential-nominee-2028
2026-02-15,0.1025,Alexandria Ocasio-Cortez,democratic-presidential-nominee-2028
2026-02-16,0.0935,Alexandria Ocasio-Cortez,democratic-presidential-nominee-2028
2026-02-17,0.0995,Alexandria Ocasio-Cortez,democratic-presidential-nominee-2028
2026-02-18,0.0955,Alexandria Ocasio-Cortez,democratic-presidential-nominee-2028
2026-02-19,0.091,Alexandria Ocasio-Cortez,democratic-presidential-nominee-2028
2026-02-20,0.087,Alexandria Ocasio-Cortez,democratic-presidential-nominee-2028
2026-02-21,0.0875,Alexandria Ocasio-Cortez,democratic-presidential-nominee-2028
2026-02-22,0.087,Alexandria Ocasio-Cortez,democratic-presidential-nominee-2028
2026-02-23,0.0845,Alexandria Ocasio-Cortez,democratic-presidential-nominee-2028
2026-02-24,0.0905,Alexandria Ocasio-Cortez,democratic-presidential-nominee-2028
2026-02-25,0.092,Alexandria Ocasio-Cortez,democratic-presidential-nominee-2028
2026-02-26,0.0985,Alexandria Ocasio-Cortez,democratic-presidential-nominee-2028
2026-02-27,0.0955,Alexandria Ocasio-Cortez,democratic-presidential-nominee-2028
2026-02-28,0.0925,Alexandria Ocasio-Cortez,democratic-presidential-nominee-2028
2026-03-01,0.091,Alexandria Ocasio-Cortez,democratic-presidential-nominee-2028
2026-03-02,0.091,Alexandria Ocasio-Cortez,democratic-presidential-nominee-2028
2026-03-03,0.088,Alexandria Ocasio-Cortez,democratic-presidential-nominee-2028
2026-03-04,0.085,Alexandria Ocasio-Cortez,democratic-presidential-nominee-2028
2026-03-05,0.087,Alexandria Ocasio-Cortez,democratic-presidential-nominee-2028
2026-03-06,0.0855,Alexandria Ocasio-Cortez,democratic-presidential-nominee-2028
2026-03-07,0.0855,Alexandria Ocasio-Cortez,democratic-presidential-nominee-2028
2026-03-08,0.091,Alexandria Ocasio-Cortez,democratic-presidential-nominee-2028
2026-03-09,0.0865,Alexandria Ocasio-Cortez,democratic-presidential-nominee-2028
2026-03-10,0.084,Alexandria Ocasio-Cortez,democratic-presidential-nominee-2028
2026-03-11,0.092,Alexandria Ocasio-Cortez,democratic-presidential-nominee-2028
2026-03-12,0.087,Alexandria Ocasio-Cortez,democratic-presidential-nominee-2028
2026-03-13,0.087,Alexandria Ocasio-Cortez,democratic-presidential-nominee-2028
2026-03-14,0.0855,Alexandria Ocasio-Cortez,democratic-presidential-nominee-2028
2026-03-15,0.0845,Alexandria Ocasio-Cortez,democratic-presidential-nominee-2028
2026-03-17,0.0885,Alexandria Ocasio-Cortez,democratic-presidential-nominee-2028
2026-03-18,0.0835,Alexandria Ocasio-Cortez,democratic-presidential-nominee-2028
2026-03-19,0.0845,Alexandria Ocasio-Cortez,democratic-presidential-nominee-2028
2026-03-20,0.085,Alexandria Ocasio-Cortez,democratic-presidential-nominee-2028
2026-03-21,0.083,Alexandria Ocasio-Cortez,democratic-presidential-nominee-2028
2026-03-22,0.0825,Alexandria Ocasio-Cortez,democratic-presidential-nominee-2028
2026-03-23,0.083,Alexandria Ocasio-Cortez,democratic-presidential-nominee-2028
2026-03-24,0.0815,Alexandria Ocasio-Cortez,democratic-presidential-nominee-2028
2026-03-25,0.082,Alexandria Ocasio-Cortez,democratic-presidential-nominee-2028
2026-03-26,0.083,Alexandria Ocasio-Cortez,democratic-presidential-nominee-2028
2026-03-27,0.082,Alexandria Ocasio-Cortez,democratic-presidential-nominee-2028
2026-03-28,0.0825,Alexandria Ocasio-Cortez,democratic-presidential-nominee-2028
2026-03-29,0.082,Alexandria Ocasio-Cortez,democratic-presidential-nominee-2028
2026-03-31,0.0795,Alexandria Ocasio-Cortez,democratic-presidential-nominee-2028
2026-04-02,0.077,Alexandria Ocasio-Cortez,democratic-presidential-nominee-2028
2026-04-09,0.0845,Alexandria Ocasio-Cortez,democratic-presidential-nominee-2028
2026-04-18,0.0855,Alexandria Ocasio-Cortez,democratic-presidential-nominee-2028
2026-04-22,0.082,Alexandria Ocasio-Cortez,democratic-presidential-nominee-2028
2026-04-23,0.083,Alexandria Ocasio-Cortez,democratic-presidential-nominee-2028
2026-04-24,0.0845,Alexandria Ocasio-Cortez,democratic-presidential-nominee-2028
2026-04-25,0.0835,Alexandria Ocasio-Cortez,democratic-presidential-nominee-2028
2026-04-26,0.0825,Alexandria Ocasio-Cortez,democratic-presidential-nominee-2028
2026-04-27,0.084,Alexandria Ocasio-Cortez,democratic-presidential-nominee-2028
2026-04-28,0.085,Alexandria Ocasio-Cortez,democratic-presidential-nominee-2028
2026-04-29,0.0905,Alexandria Ocasio-Cortez,democratic-presidential-nominee-2028
2026-04-30,0.085,Alexandria Ocasio-Cortez,democratic-presidential-nominee-2028
2026-05-01,0.0845,Alexandria Ocasio-Cortez,democratic-presidential-nominee-2028
2026-05-02,0.0845,Alexandria Ocasio-Cortez,democratic-presidential-nominee-2028
2026-05-03,0.0855,Alexandria Ocasio-Cortez,democratic-presidential-nominee-2028
2026-05-04,0.0825,Alexandria Ocasio-Cortez,democratic-presidential-nominee-2028
2026-05-05,0.0825,Alexandria Ocasio-Cortez,democratic-presidential-nominee-2028
2026-05-06,0.0815,Alexandria Ocasio-Cortez,democratic-presidential-nominee-2028
2026-05-07,0.0805,Alexandria Ocasio-Cortez,democratic-presidential-nominee-2028
2026-05-08,0.0805,Alexandria Ocasio-Cortez,democratic-presidential-nominee-2028
2026-05-09,0.0825,Alexandria Ocasio-Cortez,democratic-presidential-nominee-2028
2026-05-10,0.081,Alexandria Ocasio-Cortez,democratic-presidential-nominee-2028
2026-05-11,0.0835,Alexandria Ocasio-Cortez,democratic-presidential-nominee-2028
2026-05-12,0.0825,Alexandria Ocasio-Cortez,democratic-presidential-nominee-2028
2026-05-13,0.0895,Alexandria Ocasio-Cortez,democratic-presidential-nominee-2028
2026-05-14,0.0875,Alexandria Ocasio-Cortez,democratic-presidential-nominee-2028
2026-05-15,0.0875,Alexandria Ocasio-Cortez,democratic-presidential-nominee-2028
2026-05-16,0.0885,Alexandria Ocasio-Cortez,democratic-presidential-nominee-2028
2026-05-17,0.0865,Alexandria Ocasio-Cortez,democratic-presidential-nominee-2028
2026-05-18,0.086,Alexandria Ocasio-Cortez,democratic-presidential-nominee-2028
2026-05-19,0.1005,Alexandria Ocasio-Cortez,democratic-presidential-nominee-2028
2026-05-20,0.0855,Alexandria Ocasio-Cortez,democratic-presidential-nominee-2028
2026-05-21,0.0865,Alexandria Ocasio-Cortez,democratic-presidential-nominee-2028
2026-05-22,0.0865,Alexandria Ocasio-Cortez,democratic-presidential-nominee-2028
2026-05-23,0.0885,Alexandria Ocasio-Cortez,democratic-presidential-nominee-2028
2026-05-24,0.0885,Alexandria Ocasio-Cortez,democratic-presidential-nominee-2028
2026-05-25,0.0905,Alexandria Ocasio-Cortez,democratic-presidential-nominee-2028
2026-05-26,0.0905,Alexandria Ocasio-Cortez,democratic-presidential-nominee-2028
2026-05-27,0.1005,Alexandria Ocasio-Cortez,democratic-presidential-nominee-2028
2026-05-28,0.1035,Alexandria Ocasio-Cortez,democratic-presidential-nominee-2028
2026-05-29,0.1045,Alexandria Ocasio-Cortez,democratic-presidential-nominee-2028
2026-05-30,0.0905,Alexandria Ocasio-Cortez,democratic-presidential-nominee-2028
2026-05-31,0.1045,Alexandria Ocasio-Cortez,democratic-presidential-nominee-2028
2026-06-01,0.0905,Alexandria Ocasio-Cortez,democratic-presidential-nominee-2028
2026-06-02,0.1005,Alexandria Ocasio-Cortez,democratic-presidential-nominee-2028
2026-06-03,0.0995,Alexandria Ocasio-Cortez,democratic-presidential-nominee-2028
2026-06-04,0.0945,Alexandria Ocasio-Cortez,democratic-presidential-nominee-2028
2026-06-05,0.0965,Alexandria Ocasio-Cortez,democratic-presidential-nominee-2028
2026-06-06,0.0955,Alexandria Ocasio-Cortez,democratic-presidential-nominee-2028
2026-06-07,0.0915,Alexandria Ocasio-Cortez,democratic-presidential-nominee-2028
2026-06-08,0.0915,Alexandria Ocasio-Cortez,democratic-presidential-nominee-2028
2026-06-09,0.0915,Alexandria Ocasio-Cortez,democratic-presidential-nominee-2028
2026-06-10,0.0895,Alexandria Ocasio-Cortez,democratic-presidential-nominee-2028
2026-06-11,0.0885,Alexandria Ocasio-Cortez,democratic-presidential-nominee-2028
2026-06-12,0.0885,Alexandria Ocasio-Cortez,democratic-presidential-nominee-2028
2026-06-13,0.0885,Alexandria Ocasio-Cortez,democratic-presidential-nominee-2028
2026-06-14,0.0885,Alexandria Ocasio-Cortez,democratic-presidential-nominee-2028
2026-06-15,0.0935,Alexandria Ocasio-Cortez,democratic-presidential-nominee-2028
2026-06-16,0.0945,Alexandria Ocasio-Cortez,democratic-presidential-nominee-2028
2026-06-17,0.0925,Alexandria Ocasio-Cortez,democratic-presidential-nominee-2028
2026-06-18,0.0905,Alexandria Ocasio-Cortez,democratic-presidential-nominee-2028
2026-06-19,0.0905,Alexandria Ocasio-Cortez,democratic-presidential-nominee-2028
2026-06-20,0.0905,Alexandria Ocasio-Cortez,democratic-presidential-nominee-2028
2026-06-21,0.0905,Alexandria Ocasio-Cortez,democratic-presidential-nominee-2028
2026-06-22,0.1005,Alexandria Ocasio-Cortez,democratic-presidential-nominee-2028
2026-06-23,0.0945,Alexandria Ocasio-Cortez,democratic-presidential-nominee-2028
2026-06-24,0.0955,Alexandria Ocasio-Cortez,democratic-presidential-nominee-2028
2026-06-25,0.0955,Alexandria Ocasio-Cortez,democratic-presidential-nominee-2028
2026-06-26,0.0975,Alexandria Ocasio-Cortez,democratic-presidential-nominee-2028
2026-06-27,0.0915,Alexandria Ocasio-Cortez,democratic-presidential-nominee-2028
2026-06-28,0.0935,Alexandria Ocasio-Cortez,democratic-presidential-nominee-2028
2026-06-29,0.0935,Alexandria Ocasio-Cortez,democratic-presidential-nominee-2028
2026-06-30,0.133,Alexandria Ocasio-Cortez,democratic-presidential-nominee-2028
2026-07-01,0.1095,Alexandria Ocasio-Cortez,democratic-presidential-nominee-2028
2026-07-02,0.1115,Alexandria Ocasio-Cortez,democratic-presidential-nominee-2028
2026-07-03,0.113,Alexandria Ocasio-Cortez,democratic-presidential-nominee-2028
2026-07-04,0.1125,Alexandria Ocasio-Cortez,democratic-presidential-nominee-2028
2026-07-05,0.1185,Alexandria Ocasio-Cortez,democratic-presidential-nominee-2028
2026-07-06,0.1235,Alexandria Ocasio-Cortez,democratic-presidential-nominee-2028
2026-07-07,0.1365,Alexandria Ocasio-Cortez,democratic-presidential-nominee-2028
2026-07-08,0.163,Alexandria Ocasio-Cortez,democratic-presidential-nominee-2028
2026-07-09,0.1515,Alexandria Ocasio-Cortez,democratic-presidential-nominee-2028
2026-07-10,0.1415,Alexandria Ocasio-Cortez,democratic-presidential-nominee-2028
2026-07-11,0.1425,Alexandria Ocasio-Cortez,democratic-presidential-nominee-2028
2026-07-12,0.1435,Alexandria Ocasio-Cortez,democratic-presidential-nominee-2028
2026-07-13,0.1465,Alexandria Ocasio-Cortez,democratic-presidential-nominee-2028
2026-07-14,0.1455,Alexandria Ocasio-Cortez,democratic-presidential-nominee-2028
2026-07-15,0.1455,Alexandria Ocasio-Cortez,democratic-presidential-nominee-2028
2026-07-16,0.1445,Alexandria Ocasio-Cortez,democratic-presidential-nominee-2028
2026-07-17,0.1445,Alexandria Ocasio-Cortez,democratic-presidential-nominee-2028
2026-07-18,0.1445,Alexandria Ocasio-Cortez,democratic-presidential-nominee-2028
2026-07-19,0.1445,Alexandria Ocasio-Cortez,democratic-presidential-nominee-2028
2026-07-20,0.1445,Alexandria Ocasio-Cortez,democratic-presidential-nominee-2028
2026-07-21,0.1445,Alexandria Ocasio-Cortez,democratic-presidential-nominee-2028
2026-07-22,0.1445,Alexandria Ocasio-Cortez,democratic-presidential-nominee-2028
2026-07-23,0.1445,Alexandria Ocasio-Cortez,democratic-presidential-nominee-2028
2026-07-24,0.1445,Alexandria Ocasio-Cortez,democratic-presidential-nominee-2028
2026-07-25,0.1445,Alexandria Ocasio-Cortez,democratic-presidential-nominee-2028
2026-07-26,0.1375,Alexandria Ocasio-Cortez,democratic-presidential-nominee-2028
2026-07-27,0.1445,Alexandria Ocasio-Cortez,democratic-presidential-nominee-2028
2026-07-28,0.1405,Alexandria Ocasio-Cortez,democratic-presidential-nominee-2028
2026-07-30,0.1265,Alexandria Ocasio-Cortez,democratic-presidential-nominee-2028
2026-07-31,0.1265,Alexandria Ocasio-Cortez,democratic-presidential-nominee-2028
2026-08-01,0.1285,Alexandria Ocasio-Cortez,democratic-presidential-nominee-2028
2026-08-02,0.1465,Alexandria Ocasio-Cortez,democratic-presidential-nominee-2028
2026-08-03,0.1465,Alexandria Ocasio-Cortez,democratic-presidential-nominee-2028
2026-08-04,0.1415,Alexandria Ocasio-Cortez,democratic-presidential-nominee-2028
2026-08-05,0.1435,Alexandria Ocasio-Cortez,democratic-presidential-nominee-2028
2026-08-06,0.148,Alexandria Ocasio-Cortez,democratic-presidential-nominee-2028
2026-08-07,0.1475,Alexandria Ocasio-Cortez,democratic-presidential-nominee-2028
2026-08-08,0.1505,Alexandria Ocasio-Cortez,democratic-presidential-nominee-2028
2026-08-09,0.1505,Alexandria Ocasio-Cortez,democratic-presidential-nominee-2028
2026-08-10,0.1505,Alexandria Ocasio-Cortez,democratic-presidential-nominee-2028
2026-08-11,0.1485,Alexandria Ocasio-Cortez,democratic-presidential-nominee-2028
2026-08-12,0.1505,Alexandria Ocasio-Cortez,democratic-presidential-nominee-2028
2026-08-13,0.208,Alexandria Ocasio-Cortez,democratic-presidential-nominee-2028
2026-08-14,0.1875,Alexandria Ocasio-Cortez,democratic-presidential-nominee-2028
2026-08-15,0.2045,Alexandria Ocasio-Cortez,democratic-presidential-nominee-2028
2026-08-16,0.2005,Alexandria Ocasio-Cortez,democratic-presidential-nominee-2028
2026-08-17,0.2045,Alexandria Ocasio-Cortez,democratic-presidential-nominee-2028
2026-08-18,0.2005,Alexandria Ocasio-Cortez,democratic-presidential-nominee-2028
2026-08-19,0.195,Alexandria Ocasio-Cortez,democratic-presidential-nominee-2028
2026-08-20,0.1985,Alexandria Ocasio-Cortez,democratic-presidential-nominee-2028
2026-08-21,0.1785,Alexandria Ocasio-Cortez,democratic-presidential-nominee-2028
2026-08-22,0.1825,Alexandria Ocasio-Cortez,democratic-presidential-nominee-2028
2026-08-23,0.2135,Alexandria Ocasio-Cortez,democratic-presidential-nominee-2028
2026-08-24,0.2265,Alexandria Ocasio-Cortez,democratic-presidential-nominee-2028
2026-08-25,0.2065,Alexandria Ocasio-Cortez,democratic-presidential-nominee-2028
2025-07-19,0.115,Pete Buttigieg,democratic-presidential-nominee-2028
2025-07-20,0.125,Pete Buttigieg,democratic-presidential-nominee-2028
2025-07-21,0.125,Pete Buttigieg,democratic-presidential-nominee-2028
2025-07-22,0.125,Pete Buttigieg,democratic-presidential-nominee-2028
2025-07-23,0.115,Pete Buttigieg,democratic-presidential-nominee-2028
2025-07-24,0.115,Pete Buttigieg,democratic-presidential-nominee-2028
2025-07-25,0.115,Pete Buttigieg,democratic-presidential-nominee-2028
2025-07-26,0.115,Pete Buttigieg,democratic-presidential-nominee-2028
2025-07-27,0.115,Pete Buttigieg,democratic-presidential-nominee-2028
2025-07-28,0.115,Pete Buttigieg,democratic-presidential-nominee-2028
2025-07-29,0.115,Pete Buttigieg,democratic-presidential-nominee-2028
2025-07-30,0.115,Pete Buttigieg,democratic-presidential-nominee-2028
2025-07-31,0.115,Pete Buttigieg,democratic-presidential-nominee-2028
2025-08-01,0.115,Pete Buttigieg,democratic-presidential-nominee-2028
2025-08-02,0.115,Pete Buttigieg,democratic-presidential-nominee-2028
2025-08-03,0.115,Pete Buttigieg,democratic-presidential-nominee-2028
2025-08-04,0.115,Pete Buttigieg,democratic-presidential-nominee-2028
2025-08-05,0.115,Pete Buttigieg,democratic-presidential-nominee-2028
2025-08-06,0.115,Pete Buttigieg,democratic-presidential-nominee-2028
2025-08-07,0.115,Pete Buttigieg,democratic-presidential-nominee-2028
2025-08-08,0.115,Pete Buttigieg,democratic-presidential-nominee-2028
2025-08-09,0.115,Pete Buttigieg,democratic-presidential-nominee-2028
2025-08-10,0.115,Pete Buttigieg,democratic-presidential-nominee-2028
2025-08-11,0.115,Pete Buttigieg,democratic-presidential-nominee-2028
2025-08-12,0.115,Pete Buttigieg,democratic-presidential-nominee-2028
2025-08-13,0.115,Pete Buttigieg,democratic-presidential-nominee-2028
2025-08-14,0.115,Pete Buttigieg,democratic-presidential-nominee-2028
2025-08-15,0.115,Pete Buttigieg,democratic-presidential-nominee-2028
2025-08-16,0.065,Pete Buttigieg,democratic-presidential-nominee-2028
2025-08-17,0.075,Pete Buttigieg,democratic-presidential-nominee-2028
2025-08-18,0.085,Pete Buttigieg,democratic-presidential-nominee-2028
2025-08-19,0.085,Pete Buttigieg,democratic-presidential-nominee-2028
2025-08-20,0.075,Pete Buttigieg,democratic-presidential-nominee-2028
2025-08-21,0.075,Pete Buttigieg,democratic-presidential-nominee-2028
2025-08-22,0.065,Pete Buttigieg,democratic-presidential-nominee-2028
2025-08-23,0.065,Pete Buttigieg,democratic-presidential-nominee-2028
2025-08-24,0.065,Pete Buttigieg,democratic-presidential-nominee-2028
2025-08-25,0.065,Pete Buttigieg,democratic-presidential-nominee-2028
2025-08-26,0.065,Pete Buttigieg,democratic-presidential-nominee-2028
2025-08-27,0.055,Pete Buttigieg,democratic-presidential-nominee-2028
2025-08-28,0.065,Pete Buttigieg,democratic-presidential-nominee-2028
2025-08-29,0.065,Pete Buttigieg,democratic-presidential-nominee-2028
2025-08-30,0.065,Pete Buttigieg,democratic-presidential-nominee-2028
2025-08-31,0.065,Pete Buttigieg,democratic-presidential-nominee-2028
2025-09-01,0.065,Pete Buttigieg,democratic-presidential-nominee-2028
2025-09-02,0.055,Pete Buttigieg,democratic-presidential-nominee-2028
2025-09-03,0.055,Pete Buttigieg,democratic-presidential-nominee-2028
2025-09-04,0.055,Pete Buttigieg,democratic-presidential-nominee-2028
2025-09-05,0.055,Pete Buttigieg,democratic-presidential-nominee-2028
2025-09-06,0.055,Pete Buttigieg,democratic-presidential-nominee-2028
2025-09-07,0.055,Pete Buttigieg,democratic-presidential-nominee-2028
2025-09-08,0.055,Pete Buttigieg,democratic-presidential-nominee-2028
2025-09-09,0.055,Pete Buttigieg,democratic-presidential-nominee-2028
2025-09-10,0.055,Pete Buttigieg,democratic-presidential-nominee-2028
2025-09-11,0.055,Pete Buttigieg,democratic-presidential-nominee-2028
2025-09-12,0.055,Pete Buttigieg,democratic-presidential-nominee-2028
2025-09-13,0.055,Pete Buttigieg,democratic-presidential-nominee-2028
2025-09-14,0.055,Pete Buttigieg,democratic-presidential-nominee-2028
2025-09-15,0.055,Pete Buttigieg,democratic-presidential-nominee-2028
2025-09-16,0.055,Pete Buttigieg,democratic-presidential-nominee-2028
2025-09-17,0.055,Pete Buttigieg,democratic-presidential-nominee-2028
2025-09-18,0.055,Pete Buttigieg,democratic-presidential-nominee-2028
2025-09-19,0.055,Pete Buttigieg,democratic-presidential-nominee-2028
2025-09-20,0.055,Pete Buttigieg,democratic-presidential-nominee-2028
2025-09-21,0.055,Pete Buttigieg,democratic-presidential-nominee-2028
2025-09-22,0.055,Pete Buttigieg,democratic-presidential-nominee-2028
2025-09-23,0.055,Pete Buttigieg,democratic-presidential-nominee-2028
2025-09-24,0.055,Pete Buttigieg,democratic-presidential-nominee-2028
2025-09-25,0.055,Pete Buttigieg,democratic-presidential-nominee-2028
2025-09-26,0.055,Pete Buttigieg,democratic-presidential-nominee-2028
2025-09-27,0.055,Pete Buttigieg,democratic-presidential-nominee-2028
2025-09-28,0.055,Pete Buttigieg,democratic-presidential-nominee-2028
2025-09-29,0.055,Pete Buttigieg,democratic-presidential-nominee-2028
2025-09-30,0.055,Pete Buttigieg,democratic-presidential-nominee-2028
2025-10-01,0.055,Pete Buttigieg,democratic-presidential-nominee-2028
2025-10-02,0.055,Pete Buttigieg,democratic-presidential-nominee-2028
2025-10-03,0.055,Pete Buttigieg,democratic-presidential-nominee-2028
2025-10-04,0.055,Pete Buttigieg,democratic-presidential-nominee-2028
2025-10-05,0.055,Pete Buttigieg,democratic-presidential-nominee-2028
2025-10-06,0.055,Pete Buttigieg,democratic-presidential-nominee-2028
2025-10-07,0.055,Pete Buttigieg,democratic-presidential-nominee-2028
2025-10-08,0.055,Pete Buttigieg,democratic-presidential-nominee-2028
2025-10-09,0.045,Pete Buttigieg,democratic-presidential-nominee-2028
2025-10-10,0.045,Pete Buttigieg,democratic-presidential-nominee-2028
2025-10-11,0.045,Pete Buttigieg,democratic-presidential-nominee-2028
2025-10-12,0.045,Pete Buttigieg,democratic-presidential-nominee-2028
2025-10-13,0.045,Pete Buttigieg,democratic-presidential-nominee-2028
2025-10-14,0.045,Pete Buttigieg,democratic-presidential-nominee-2028
2025-10-15,0.045,Pete Buttigieg,democratic-presidential-nominee-2028
2025-10-16,0.045,Pete Buttigieg,democratic-presidential-nominee-2028
2025-10-17,0.045,Pete Buttigieg,democratic-presidential-nominee-2028
2025-10-18,0.045,Pete Buttigieg,democratic-presidential-nominee-2028
2025-10-19,0.045,Pete Buttigieg,democratic-presidential-nominee-2028
2025-10-20,0.045,Pete Buttigieg,democratic-presidential-nominee-2028
2025-10-21,0.045,Pete Buttigieg,democratic-presidential-nominee-2028
2025-10-22,0.05,Pete Buttigieg,democratic-presidential-nominee-2028
2025-10-23,0.05,Pete Buttigieg,democratic-presidential-nominee-2028
2025-10-24,0.055,Pete Buttigieg,democratic-presidential-nominee-2028
2025-10-25,0.055,Pete Buttigieg,democratic-presidential-nominee-2028
2025-10-26,0.055,Pete Buttigieg,democratic-presidential-nominee-2028
2025-10-27,0.055,Pete Buttigieg,democratic-presidential-nominee-2028
2025-10-28,0.05,Pete Buttigieg,democratic-presidential-nominee-2028
2025-10-29,0.055,Pete Buttigieg,democratic-presidential-nominee-2028
2025-10-30,0.055,Pete Buttigieg,democratic-presidential-nominee-2028
2025-10-31,0.055,Pete Buttigieg,democratic-presidential-nominee-2028
2025-11-01,0.065,Pete Buttigieg,democratic-presidential-nominee-2028
2025-11-02,0.055,Pete Buttigieg,democratic-presidential-nominee-2028
2025-11-03,0.055,Pete Buttigieg,democratic-presidential-nominee-2028
2025-11-04,0.045,Pete Buttigieg,democratic-presidential-nominee-2028
2025-11-05,0.05,Pete Buttigieg,democratic-presidential-nominee-2028
2025-11-06,0.055,Pete Buttigieg,democratic-presidential-nominee-2028
2025-11-07,0.055,Pete Buttigieg,democratic-presidential-nominee-2028
2025-11-08,0.055,Pete Buttigieg,democratic-presidential-nominee-2028
2025-11-09,0.055,Pete Buttigieg,democratic-presidential-nominee-2028
2025-11-10,0.055,Pete Buttigieg,democratic-presidential-nominee-2028
2025-11-11,0.055,Pete Buttigieg,democratic-presidential-nominee-2028
2025-11-12,0.055,Pete Buttigieg,democratic-presidential-nominee-2028
2025-11-13,0.045,Pete Buttigieg,democratic-presidential-nominee-2028
2025-11-14,0.045,Pete Buttigieg,democratic-presidential-nominee-2028
2025-11-15,0.045,Pete Buttigieg,democratic-presidential-nominee-2028
2025-11-16,0.045,Pete Buttigieg,democratic-presidential-nominee-2028
2025-11-17,0.045,Pete Buttigieg,democratic-presidential-nominee-2028
2025-11-18,0.045,Pete Buttigieg,democratic-presidential-nominee-2028
2025-11-19,0.045,Pete Buttigieg,democratic-presidential-nominee-2028
2025-11-20,0.045,Pete Buttigieg,democratic-presidential-nominee-2028
2025-11-21,0.045,Pete Buttigieg,democratic-presidential-nominee-2028
2025-11-22,0.045,Pete Buttigieg,democratic-presidential-nominee-2028
2025-11-23,0.045,Pete Buttigieg,democratic-presidential-nominee-2028
2025-11-24,0.045,Pete Buttigieg,democratic-presidential-nominee-2028
2025-11-25,0.045,Pete Buttigieg,democratic-presidential-nominee-2028
2025-11-26,0.045,Pete Buttigieg,democratic-presidential-nominee-2028
2025-11-27,0.045,Pete Buttigieg,democratic-presidential-nominee-2028
2025-11-28,0.055,Pete Buttigieg,democratic-presidential-nominee-2028
2025-11-29,0.055,Pete Buttigieg,democratic-presidential-nominee-2028
2025-11-30,0.055,Pete Buttigieg,democratic-presidential-nominee-2028
2025-12-01,0.05,Pete Buttigieg,democratic-presidential-nominee-2028
2025-12-02,0.045,Pete Buttigieg,democratic-presidential-nominee-2028
2025-12-03,0.05,Pete Buttigieg,democratic-presidential-nominee-2028
2025-12-04,0.045,Pete Buttigieg,democratic-presidential-nominee-2028
2025-12-05,0.045,Pete Buttigieg,democratic-presidential-nominee-2028
2025-12-06,0.055,Pete Buttigieg,democratic-presidential-nominee-2028
2025-12-07,0.045,Pete Buttigieg,democratic-presidential-nominee-2028
2025-12-08,0.045,Pete Buttigieg,democratic-presidential-nominee-2028
2025-12-09,0.045,Pete Buttigieg,democratic-presidential-nominee-2028
2025-12-10,0.045,Pete Buttigieg,democratic-presidential-nominee-2028
2025-12-11,0.045,Pete Buttigieg,democratic-presidential-nominee-2028
2025-12-12,0.045,Pete Buttigieg,democratic-presidential-nominee-2028
2025-12-13,0.045,Pete Buttigieg,democratic-presidential-nominee-2028
2025-12-14,0.045,Pete Buttigieg,democratic-presidential-nominee-2028
2025-12-15,0.045,Pete Buttigieg,democratic-presidential-nominee-2028
2025-12-16,0.045,Pete Buttigieg,democratic-presidential-nominee-2028
2025-12-17,0.045,Pete Buttigieg,democratic-presidential-nominee-2028
2025-12-18,0.045,Pete Buttigieg,democratic-presidential-nominee-2028
2025-12-19,0.045,Pete Buttigieg,democratic-presidential-nominee-2028
2025-12-20,0.045,Pete Buttigieg,democratic-presidential-nominee-2028
2025-12-21,0.045,Pete Buttigieg,democratic-presidential-nominee-2028
2025-12-22,0.045,Pete Buttigieg,democratic-presidential-nominee-2028
2025-12-23,0.045,Pete Buttigieg,democratic-presidential-nominee-2028
2025-12-24,0.045,Pete Buttigieg,democratic-presidential-nominee-2028
2025-12-25,0.045,Pete Buttigieg,democratic-presidential-nominee-2028
2025-12-26,0.045,Pete Buttigieg,democratic-presidential-nominee-2028
2025-12-27,0.045,Pete Buttigieg,democratic-presidential-nominee-2028
2025-12-28,0.045,Pete Buttigieg,democratic-presidential-nominee-2028
2025-12-29,0.045,Pete Buttigieg,democratic-presidential-nominee-2028
2025-12-30,0.045,Pete Buttigieg,democratic-presidential-nominee-2028
2025-12-31,0.045,Pete Buttigieg,democratic-presidential-nominee-2028
2026-01-01,0.045,Pete Buttigieg,democratic-presidential-nominee-2028
2026-01-02,0.045,Pete Buttigieg,democratic-presidential-nominee-2028
2026-01-03,0.045,Pete Buttigieg,democratic-presidential-nominee-2028
2026-01-04,0.045,Pete Buttigieg,democratic-presidential-nominee-2028
2026-01-05,0.045,Pete Buttigieg,democratic-presidential-nominee-2028
2026-01-06,0.045,Pete Buttigieg,democratic-presidential-nominee-2028
2026-01-07,0.045,Pete Buttigieg,democratic-presidential-nominee-2028
2026-01-08,0.045,Pete Buttigieg,democratic-presidential-nominee-2028
2026-01-09,0.045,Pete Buttigieg,democratic-presidential-nominee-2028
2026-01-10,0.045,Pete Buttigieg,democratic-presidential-nominee-2028
2026-01-11,0.045,Pete Buttigieg,democratic-presidential-nominee-2028
2026-01-12,0.045,Pete Buttigieg,democratic-presidential-nominee-2028
2026-01-13,0.045,Pete Buttigieg,democratic-presidential-nominee-2028
2026-01-14,0.045,Pete Buttigieg,democratic-presidential-nominee-2028
2026-01-15,0.045,Pete Buttigieg,democratic-presidential-nominee-2028
2026-01-16,0.045,Pete Buttigieg,democratic-presidential-nominee-2028
2026-01-17,0.045,Pete Buttigieg,democratic-presidential-nominee-2028
2026-01-18,0.045,Pete Buttigieg,democratic-presidential-nominee-2028
2026-01-19,0.045,Pete Buttigieg,democratic-presidential-nominee-2028
2026-01-20,0.045,Pete Buttigieg,democratic-presidential-nominee-2028
2026-01-21,0.045,Pete Buttigieg,democratic-presidential-nominee-2028
2026-01-22,0.045,Pete Buttigieg,democratic-presidential-nominee-2028
2026-01-23,0.045,Pete Buttigieg,democratic-presidential-nominee-2028
2026-01-24,0.045,Pete Buttigieg,democratic-presidential-nominee-2028
2026-01-25,0.045,Pete Buttigieg,democratic-presidential-nominee-2028
2026-01-26,0.045,Pete Buttigieg,democratic-presidential-nominee-2028
2026-01-27,0.045,Pete Buttigieg,democratic-presidential-nominee-2028
2026-01-28,0.045,Pete Buttigieg,democratic-presidential-nominee-2028
2026-01-29,0.045,Pete Buttigieg,democratic-presidential-nominee-2028
2026-01-30,0.045,Pete Buttigieg,democratic-presidential-nominee-2028
2026-01-31,0.045,Pete Buttigieg,democratic-presidential-nominee-2028
2026-02-01,0.045,Pete Buttigieg,democratic-presidential-nominee-2028
2026-02-02,0.045,Pete Buttigieg,democratic-presidential-nominee-2028
2026-02-03,0.045,Pete Buttigieg,democratic-presidential-nominee-2028
2026-02-04,0.045,Pete Buttigieg,democratic-presidential-nominee-2028
2026-02-05,0.045,Pete Buttigieg,democratic-presidential-nominee-2028
2026-02-06,0.045,Pete Buttigieg,democratic-presidential-nominee-2028
2026-02-07,0.045,Pete Buttigieg,democratic-presidential-nominee-2028
2026-02-08,0.045,Pete Buttigieg,democratic-presidential-nominee-2028
2026-02-09,0.0375,Pete Buttigieg,democratic-presidential-nominee-2028
2026-02-10,0.0365,Pete Buttigieg,democratic-presidential-nominee-2028
2026-02-11,0.036,Pete Buttigieg,democratic-presidential-nominee-2028
2026-02-12,0.04,Pete Buttigieg,democratic-presidential-nominee-2028
2026-02-13,0.0395,Pete Buttigieg,democratic-presidential-nominee-2028
2026-02-14,0.0375,Pete Buttigieg,democratic-presidential-nominee-2028
2026-02-15,0.0375,Pete Buttigieg,democratic-presidential-nominee-2028
2026-02-16,0.0385,Pete Buttigieg,democratic-presidential-nominee-2028
2026-02-17,0.0365,Pete Buttigieg,democratic-presidential-nominee-2028
2026-02-18,0.035,Pete Buttigieg,democratic-presidential-nominee-2028
2026-02-19,0.0365,Pete Buttigieg,democratic-presidential-nominee-2028
2026-02-20,0.0355,Pete Buttigieg,democratic-presidential-nominee-2028
2026-02-21,0.038,Pete Buttigieg,democratic-presidential-nominee-2028
2026-02-22,0.037,Pete Buttigieg,democratic-presidential-nominee-2028
2026-02-23,0.0365,Pete Buttigieg,democratic-presidential-nominee-2028
2026-02-24,0.037,Pete Buttigieg,democratic-presidential-nominee-2028
2026-02-25,0.0355,Pete Buttigieg,democratic-presidential-nominee-2028
2026-02-26,0.035,Pete Buttigieg,democratic-presidential-nominee-2028
2026-02-27,0.037,Pete Buttigieg,democratic-presidential-nominee-2028
2026-02-28,0.037,Pete Buttigieg,democratic-presidential-nominee-2028
2026-03-01,0.0355,Pete Buttigieg,democratic-presidential-nominee-2028
2026-03-02,0.036,Pete Buttigieg,democratic-presidential-nominee-2028
2026-03-03,0.037,Pete Buttigieg,democratic-presidential-nominee-2028
2026-03-04,0.0355,Pete Buttigieg,democratic-presidential-nominee-2028
2026-03-05,0.0345,Pete Buttigieg,democratic-presidential-nominee-2028
2026-03-06,0.035,Pete Buttigieg,democratic-presidential-nominee-2028
2026-03-07,0.035,Pete Buttigieg,democratic-presidential-nominee-2028
2026-03-08,0.0355,Pete Buttigieg,democratic-presidential-nominee-2028
2026-03-09,0.0355,Pete Buttigieg,democratic-presidential-nominee-2028
2026-03-10,0.0355,Pete Buttigieg,democratic-presidential-nominee-2028
2026-03-11,0.0355,Pete Buttigieg,democratic-presidential-nominee-2028
2026-03-12,0.036,Pete Buttigieg,democratic-presidential-nominee-2028
2026-03-13,0.035,Pete Buttigieg,democratic-presidential-nominee-2028
2026-03-14,0.036,Pete Buttigieg,democratic-presidential-nominee-2028
2026-03-15,0.0355,Pete Buttigieg,democratic-presidential-nominee-2028
2026-03-16,0.0355,Pete Buttigieg,democratic-presidential-nominee-2028
2026-03-17,0.0365,Pete Buttigieg,democratic-presidential-nominee-2028
2026-03-18,0.0365,Pete Buttigieg,democratic-presidential-nominee-2028
2026-03-19,0.0365,Pete Buttigieg,democratic-presidential-nominee-2028
2026-03-20,0.0365,Pete Buttigieg,democratic-presidential-nominee-2028
2026-03-21,0.0395,Pete Buttigieg,democratic-presidential-nominee-2028
2026-03-22,0.0415,Pete Buttigieg,democratic-presidential-nominee-2028
2026-03-23,0.0405,Pete Buttigieg,democratic-presidential-nominee-2028
2026-03-24,0.0395,Pete Buttigieg,democratic-presidential-nominee-2028
2026-03-25,0.0385,Pete Buttigieg,democratic-presidential-nominee-2028
2026-03-26,0.0365,Pete Buttigieg,democratic-presidential-nominee-2028
2026-03-27,0.0365,Pete Buttigieg,democratic-presidential-nominee-2028
2026-03-28,0.036,Pete Buttigieg,democratic-presidential-nominee-2028
2026-03-29,0.039,Pete Buttigieg,democratic-presidential-nominee-2028
2026-03-30,0.039,Pete Buttigieg,democratic-presidential-nominee-2028
2026-03-31,0.0365,Pete Buttigieg,democratic-presidential-nominee-2028
2026-04-01,0.0355,Pete Buttigieg,democratic-presidential-nominee-2028
2026-04-02,0.0365,Pete Buttigieg,democratic-presidential-nominee-2028
2026-04-03,0.0365,Pete Buttigieg,democratic-presidential-nominee-2028
2026-04-04,0.0395,Pete Buttigieg,democratic-presidential-nominee-2028
2026-04-06,0.0385,Pete Buttigieg,democratic-presidential-nominee-2028
2026-04-07,0.037,Pete Buttigieg,democratic-presidential-nominee-2028
2026-04-08,0.0375,Pete Buttigieg,democratic-presidential-nominee-2028
2026-04-09,0.0355,Pete Buttigieg,democratic-presidential-nominee-2028
2026-04-10,0.0355,Pete Buttigieg,democratic-presidential-nominee-2028
2026-04-11,0.0385,Pete Buttigieg,democratic-presidential-nominee-2028
2026-04-13,0.0365,Pete Buttigieg,democratic-presidential-nominee-2028
2026-04-15,0.0385,Pete Buttigieg,democratic-presidential-nominee-2028
2026-04-16,0.0395,Pete Buttigieg,democratic-presidential-nominee-2028
2026-04-22,0.0405,Pete Buttigieg,democratic-presidential-nominee-2028
2026-04-23,0.0405,Pete Buttigieg,democratic-presidential-nominee-2028
2026-04-24,0.0405,Pete Buttigieg,democratic-presidential-nominee-2028
2026-04-25,0.0415,Pete Buttigieg,democratic-presidential-nominee-2028
2026-04-26,0.041,Pete Buttigieg,democratic-presidential-nominee-2028
2026-04-27,0.0425,Pete Buttigieg,democratic-presidential-nominee-2028
2026-04-28,0.0445,Pete Buttigieg,democratic-presidential-nominee-2028
2026-04-29,0.0425,Pete Buttigieg,democratic-presidential-nominee-2028
2026-04-30,0.0425,Pete Buttigieg,democratic-presidential-nominee-2028
2026-05-01,0.0415,Pete Buttigieg,democratic-presidential-nominee-2028
2026-05-02,0.0405,Pete Buttigieg,democratic-presidential-nominee-2028
2026-05-03,0.0415,Pete Buttigieg,democratic-presidential-nominee-2028
2026-05-04,0.0425,Pete Buttigieg,democratic-presidential-nominee-2028
2026-05-05,0.0485,Pete Buttigieg,democratic-presidential-nominee-2028
2026-05-06,0.0475,Pete Buttigieg,democratic-presidential-nominee-2028
2026-05-07,0.0485,Pete Buttigieg,democratic-presidential-nominee-2028
2026-05-08,0.0475,Pete Buttigieg,democratic-presidential-nominee-2028
2026-05-09,0.0475,Pete Buttigieg,democratic-presidential-nominee-2028
2026-05-10,0.0475,Pete Buttigieg,democratic-presidential-nominee-2028
2026-05-11,0.0455,Pete Buttigieg,democratic-presidential-nominee-2028
2026-05-12,0.0425,Pete Buttigieg,democratic-presidential-nominee-2028
2026-05-13,0.0425,Pete Buttigieg,democratic-presidential-nominee-2028
2026-05-14,0.042,Pete Buttigieg,democratic-presidential-nominee-2028
2026-05-15,0.0425,Pete Buttigieg,democratic-presidential-nominee-2028
2026-05-16,0.0425,Pete Buttigieg,democratic-presidential-nominee-2028
2026-05-17,0.0425,Pete Buttigieg,democratic-presidential-nominee-2028
2026-05-18,0.0425,Pete Buttigieg,democratic-presidential-nominee-2028
2026-05-19,0.0425,Pete Buttigieg,democratic-presidential-nominee-2028
2026-05-20,0.0425,Pete Buttigieg,democratic-presidential-nominee-2028
2026-05-21,0.0425,Pete Buttigieg,democratic-presidential-nominee-2028
2026-05-22,0.0425,Pete Buttigieg,democratic-presidential-nominee-2028
2026-05-23,0.0425,Pete Buttigieg,democratic-presidential-nominee-2028
2026-05-24,0.0415,Pete Buttigieg,democratic-presidential-nominee-2028
2026-05-25,0.0415,Pete Buttigieg,democratic-presidential-nominee-2028
2026-05-26,0.0415,Pete Buttigieg,democratic-presidential-nominee-2028
2026-05-27,0.0415,Pete Buttigieg,democratic-presidential-nominee-2028
2026-05-28,0.0415,Pete Buttigieg,democratic-presidential-nominee-2028
2026-05-29,0.0435,Pete Buttigieg,democratic-presidential-nominee-2028
2026-05-30,0.0445,Pete Buttigieg,democratic-presidential-nominee-2028
2026-05-31,0.0445,Pete Buttigieg,democratic-presidential-nominee-2028
2026-06-01,0.0445,Pete Buttigieg,democratic-presidential-nominee-2028
2026-06-02,0.0445,Pete Buttigieg,democratic-presidential-nominee-2028
2026-06-03,0.0445,Pete Buttigieg,democratic-presidential-nominee-2028
2026-06-04,0.0445,Pete Buttigieg,democratic-presidential-nominee-2028
2026-06-05,0.0445,Pete Buttigieg,democratic-presidential-nominee-2028
2026-06-06,0.0445,Pete Buttigieg,democratic-presidential-nominee-2028
2026-06-07,0.0445,Pete Buttigieg,democratic-presidential-nominee-2028
2026-06-08,0.0445,Pete Buttigieg,democratic-presidential-nominee-2028
2026-06-09,0.0435,Pete Buttigieg,democratic-presidential-nominee-2028
2026-06-10,0.0435,Pete Buttigieg,democratic-presidential-nominee-2028
2026-06-11,0.0435,Pete Buttigieg,democratic-presidential-nominee-2028
2026-06-12,0.0435,Pete Buttigieg,democratic-presidential-nominee-2028
2026-06-13,0.0435,Pete Buttigieg,democratic-presidential-nominee-2028
2026-06-14,0.0425,Pete Buttigieg,democratic-presidential-nominee-2028
2026-06-15,0.0425,Pete Buttigieg,democratic-presidential-nominee-2028
2026-06-16,0.0425,Pete Buttigieg,democratic-presidential-nominee-2028
2026-06-17,0.0445,Pete Buttigieg,democratic-presidential-nominee-2028
2026-06-18,0.0435,Pete Buttigieg,democratic-presidential-nominee-2028
2026-06-19,0.0425,Pete Buttigieg,democratic-presidential-nominee-2028
2026-06-20,0.0435,Pete Buttigieg,democratic-presidential-nominee-2028
2026-06-21,0.0435,Pete Buttigieg,democratic-presidential-nominee-2028
2026-06-22,0.0435,Pete Buttigieg,democratic-presidential-nominee-2028
2026-06-23,0.0425,Pete Buttigieg,democratic-presidential-nominee-2028
2026-06-24,0.0415,Pete Buttigieg,democratic-presidential-nominee-2028
2026-06-25,0.0415,Pete Buttigieg,democratic-presidential-nominee-2028
2026-06-26,0.0425,Pete Buttigieg,democratic-presidential-nominee-2028
2026-06-27,0.0425,Pete Buttigieg,democratic-presidential-nominee-2028
2026-06-28,0.0425,Pete Buttigieg,democratic-presidential-nominee-2028
2026-06-29,0.0415,Pete Buttigieg,democratic-presidential-nominee-2028
2026-06-30,0.0405,Pete Buttigieg,democratic-presidential-nominee-2028
2026-07-01,0.0395,Pete Buttigieg,democratic-presidential-nominee-2028
2026-07-02,0.0415,Pete Buttigieg,democratic-presidential-nominee-2028
2026-07-03,0.0415,Pete Buttigieg,democratic-presidential-nominee-2028
2026-07-04,0.0405,Pete Buttigieg,democratic-presidential-nominee-2028
2026-07-05,0.0405,Pete Buttigieg,democratic-presidential-nominee-2028
2026-07-06,0.041,Pete Buttigieg,democratic-presidential-nominee-2028
2026-07-07,0.041,Pete Buttigieg,democratic-presidential-nominee-2028
2026-07-08,0.0405,Pete Buttigieg,democratic-presidential-nominee-2028
2026-07-09,0.0405,Pete Buttigieg,democratic-presidential-nominee-2028
2026-07-10,0.0485,Pete Buttigieg,democratic-presidential-nominee-2028
2026-07-11,0.0505,Pete Buttigieg,democratic-presidential-nominee-2028
2026-07-12,0.0525,Pete Buttigieg,democratic-presidential-nominee-2028
2026-07-13,0.052,Pete Buttigieg,democratic-presidential-nominee-2028
2026-07-14,0.0525,Pete Buttigieg,democratic-presidential-nominee-2028
2026-07-15,0.0525,Pete Buttigieg,democratic-presidential-nominee-2028
2026-07-16,0.0515,Pete Buttigieg,democratic-presidential-nominee-2028
2026-07-17,0.0505,Pete Buttigieg,democratic-presidential-nominee-2028
2026-07-18,0.0505,Pete Buttigieg,democratic-presidential-nominee-2028
2026-07-19,0.0485,Pete Buttigieg,democratic-presidential-nominee-2028
2026-07-20,0.0485,Pete Buttigieg,democratic-presidential-nominee-2028
2026-07-21,0.051,Pete Buttigieg,democratic-presidential-nominee-2028
2026-07-22,0.0505,Pete Buttigieg,democratic-presidential-nominee-2028
2026-07-23,0.0515,Pete Buttigieg,democratic-presidential-nominee-2028
2026-07-24,0.0525,Pete Buttigieg,democratic-presidential-nominee-2028
2026-07-25,0.0525,Pete Buttigieg,democratic-presidential-nominee-2028
2026-07-26,0.0515,Pete Buttigieg,democratic-presidential-nominee-2028
2026-07-27,0.0515,Pete Buttigieg,democratic-presidential-nominee-2028
2026-07-28,0.057,Pete Buttigieg,democratic-presidential-nominee-2028
2026-07-30,0.0565,Pete Buttigieg,democratic-presidential-nominee-2028
2026-07-31,0.055,Pete Buttigieg,democratic-presidential-nominee-2028
2026-08-01,0.0515,Pete Buttigieg,democratic-presidential-nominee-2028
2026-08-02,0.0515,Pete Buttigieg,democratic-presidential-nominee-2028
2026-08-03,0.0505,Pete Buttigieg,democratic-presidential-nominee-2028
2026-08-04,0.0515,Pete Buttigieg,democratic-presidential-nominee-2028
2026-08-05,0.0535,Pete Buttigieg,democratic-presidential-nominee-2028
2026-08-06,0.0525,Pete Buttigieg,democratic-presidential-nominee-2028
2026-08-07,0.0525,Pete Buttigieg,democratic-presidential-nominee-2028
2026-08-08,0.0535,Pete Buttigieg,democratic-presidential-nominee-2028
2026-08-09,0.0525,Pete Buttigieg,democratic-presidential-nominee-2028
2026-08-10,0.0525,Pete Buttigieg,democratic-presidential-nominee-2028
2026-08-11,0.0525,Pete Buttigieg,democratic-presidential-nominee-2028
2026-08-12,0.0525,Pete Buttigieg,democratic-presidential-nominee-2028
2026-08-13,0.0525,Pete Buttigieg,democratic-presidential-nominee-2028
2026-08-14,0.0525,Pete Buttigieg,democratic-presidential-nominee-2028
2026-08-15,0.0525,Pete Buttigieg,democratic-presidential-nominee-2028
2026-08-16,0.0525,Pete Buttigieg,democratic-presidential-nominee-2028
2026-08-17,0.0525,Pete Buttigieg,democratic-presidential-nominee-2028
2026-08-18,0.0525,Pete Buttigieg,democratic-presidential-nominee-2028
2026-08-19,0.0525,Pete Buttigieg,democratic-presidential-nominee-2028
2026-08-20,0.0525,Pete Buttigieg,democratic-presidential-nominee-2028
2026-08-21,0.0525,Pete Buttigieg,democratic-presidential-nominee-2028
2026-08-22,0.0525,Pete Buttigieg,democratic-presidential-nominee-2028
2026-08-23,0.0525,Pete Buttigieg,democratic-presidential-nominee-2028
2026-08-24,0.0525,Pete Buttigieg,democratic-presidential-nominee-2028
2026-08-25,0.0525,Pete Buttigieg,democratic-presidential-nominee-2028
2025-07-19,0.07,Josh Shapiro,democratic-presidential-nominee-2028
2025-07-20,0.065,Josh Shapiro,democratic-presidential-nominee-2028
2025-07-21,0.066,Josh Shapiro,democratic-presidential-nominee-2028
2025-07-22,0.0615,Josh Shapiro,democratic-presidential-nominee-2028
2025-07-23,0.0635,Josh Shapiro,democratic-presidential-nominee-2028
2025-07-24,0.0635,Josh Shapiro,democratic-presidential-nominee-2028
2025-07-25,0.0625,Josh Shapiro,democratic-presidential-nominee-2028
2025-07-26,0.0625,Josh Shapiro,democratic-presidential-nominee-2028
2025-07-27,0.062,Josh Shapiro,democratic-presidential-nominee-2028
2025-07-28,0.062,Josh Shapiro,democratic-presidential-nominee-2028
2025-07-29,0.062,Josh Shapiro,democratic-presidential-nominee-2028
2025-07-30,0.061,Josh Shapiro,democratic-presidential-nominee-2028
2025-07-31,0.0605,Josh Shapiro,democratic-presidential-nominee-2028
2025-08-01,0.061,Josh Shapiro,democratic-presidential-nominee-2028
2025-08-02,0.061,Josh Shapiro,democratic-presidential-nominee-2028
2025-08-03,0.061,Josh Shapiro,democratic-presidential-nominee-2028
2025-08-04,0.061,Josh Shapiro,democratic-presidential-nominee-2028
2025-08-05,0.061,Josh Shapiro,democratic-presidential-nominee-2028
2025-08-06,0.061,Josh Shapiro,democratic-presidential-nominee-2028
2025-08-07,0.061,Josh Shapiro,democratic-presidential-nominee-2028
2025-08-08,0.061,Josh Shapiro,democratic-presidential-nominee-2028
2025-08-09,0.0605,Josh Shapiro,democratic-presidential-nominee-2028
2025-08-10,0.0605,Josh Shapiro,democratic-presidential-nominee-2028
2025-08-11,0.0535,Josh Shapiro,democratic-presidential-nominee-2028
2025-08-12,0.0515,Josh Shapiro,democratic-presidential-nominee-2028
2025-08-13,0.0515,Josh Shapiro,democratic-presidential-nominee-2028
2025-08-14,0.0455,Josh Shapiro,democratic-presidential-nominee-2028
2025-08-15,0.0445,Josh Shapiro,democratic-presidential-nominee-2028
2025-08-16,0.0315,Josh Shapiro,democratic-presidential-nominee-2028
2025-08-17,0.0315,Josh Shapiro,democratic-presidential-nominee-2028
2025-08-18,0.0315,Josh Shapiro,democratic-presidential-nominee-2028
2025-08-19,0.0295,Josh Shapiro,democratic-presidential-nominee-2028
2025-08-20,0.0305,Josh Shapiro,democratic-presidential-nominee-2028
2025-08-21,0.0435,Josh Shapiro,democratic-presidential-nominee-2028
2025-08-22,0.042,Josh Shapiro,democratic-presidential-nominee-2028
2025-08-23,0.043,Josh Shapiro,democratic-presidential-nominee-2028
2025-08-24,0.042,Josh Shapiro,democratic-presidential-nominee-2028
2025-08-25,0.041,Josh Shapiro,democratic-presidential-nominee-2028
2025-08-26,0.0405,Josh Shapiro,democratic-presidential-nominee-2028
2025-08-27,0.041,Josh Shapiro,democratic-presidential-nominee-2028
2025-08-28,0.042,Josh Shapiro,democratic-presidential-nominee-2028
2025-08-29,0.042,Josh Shapiro,democratic-presidential-nominee-2028
2025-08-30,0.0405,Josh Shapiro,democratic-presidential-nominee-2028
2025-08-31,0.041,Josh Shapiro,democratic-presidential-nominee-2028
2025-09-01,0.0395,Josh Shapiro,democratic-presidential-nominee-2028
2025-09-02,0.039,Josh Shapiro,democratic-presidential-nominee-2028
2025-09-03,0.0395,Josh Shapiro,democratic-presidential-nominee-2028
2025-09-04,0.04,Josh Shapiro,democratic-presidential-nominee-2028
2025-09-05,0.0395,Josh Shapiro,democratic-presidential-nominee-2028
2025-09-06,0.04,Josh Shapiro,democratic-presidential-nominee-2028
2025-09-07,0.0385,Josh Shapiro,democratic-presidential-nominee-2028
2025-09-08,0.0385,Josh Shapiro,democratic-presidential-nominee-2028
2025-09-09,0.038,Josh Shapiro,democratic-presidential-nominee-2028
2025-09-10,0.0365,Josh Shapiro,democratic-presidential-nominee-2028
2025-09-11,0.0385,Josh Shapiro,democratic-presidential-nominee-2028
2025-09-12,0.0375,Josh Shapiro,democratic-presidential-nominee-2028
2025-09-13,0.0375,Josh Shapiro,democratic-presidential-nominee-2028
2025-09-14,0.037,Josh Shapiro,democratic-presidential-nominee-2028
2025-09-15,0.0375,Josh Shapiro,democratic-presidential-nominee-2028
2025-09-16,0.0425,Josh Shapiro,democratic-presidential-nominee-2028
2025-09-17,0.0425,Josh Shapiro,democratic-presidential-nominee-2028
2025-09-18,0.042,Josh Shapiro,democratic-presidential-nominee-2028
2025-09-19,0.042,Josh Shapiro,democratic-presidential-nominee-2028
2025-09-20,0.0415,Josh Shapiro,democratic-presidential-nominee-2028
2025-09-21,0.0415,Josh Shapiro,democratic-presidential-nominee-2028
2025-09-22,0.0415,Josh Shapiro,democratic-presidential-nominee-2028
2025-09-23,0.0415,Josh Shapiro,democratic-presidential-nominee-2028
2025-09-24,0.0385,Josh Shapiro,democratic-presidential-nominee-2028
2025-09-25,0.0385,Josh Shapiro,democratic-presidential-nominee-2028
2025-09-26,0.0395,Josh Shapiro,democratic-presidential-nominee-2028
2025-09-27,0.0395,Josh Shapiro,democratic-presidential-nominee-2028
2025-09-28,0.0385,Josh Shapiro,democratic-presidential-nominee-2028
2025-09-29,0.038,Josh Shapiro,democratic-presidential-nominee-2028
2025-09-30,0.0375,Josh Shapiro,democratic-presidential-nominee-2028
2025-10-01,0.037,Josh Shapiro,democratic-presidential-nominee-2028
2025-10-02,0.041,Josh Shapiro,democratic-presidential-nominee-2028
2025-10-03,0.04,Josh Shapiro,democratic-presidential-nominee-2028
2025-10-04,0.0395,Josh Shapiro,democratic-presidential-nominee-2028
2025-10-05,0.0365,Josh Shapiro,democratic-presidential-nominee-2028
2025-10-06,0.0385,Josh Shapiro,democratic-presidential-nominee-2028
2025-10-07,0.0375,Josh Shapiro,democratic-presidential-nominee-2028
2025-10-08,0.038,Josh Shapiro,democratic-presidential-nominee-2028
2025-10-09,0.039,Josh Shapiro,democratic-presidential-nominee-2028
2025-10-10,0.039,Josh Shapiro,democratic-presidential-nominee-2028
2025-10-11,0.0375,Josh Shapiro,democratic-presidential-nominee-2028
2025-10-12,0.039,Josh Shapiro,democratic-presidential-nominee-2028
2025-10-13,0.0385,Josh Shapiro,democratic-presidential-nominee-2028
2025-10-14,0.037,Josh Shapiro,democratic-presidential-nominee-2028
2025-10-15,0.0365,Josh Shapiro,democratic-presidential-nominee-2028
2025-10-16,0.0365,Josh Shapiro,democratic-presidential-nominee-2028
2025-10-17,0.0375,Josh Shapiro,democratic-presidential-nominee-2028
2025-10-18,0.037,Josh Shapiro,democratic-presidential-nominee-2028
2025-10-19,0.0375,Josh Shapiro,democratic-presidential-nominee-2028
2025-10-20,0.036,Josh Shapiro,democratic-presidential-nominee-2028
2025-10-21,0.0365,Josh Shapiro,democratic-presidential-nominee-2028
2025-10-22,0.0385,Josh Shapiro,democratic-presidential-nominee-2028
2025-10-23,0.039,Josh Shapiro,democratic-presidential-nominee-2028
2025-10-24,0.039,Josh Shapiro,democratic-presidential-nominee-2028
2025-10-25,0.039,Josh Shapiro,democratic-presidential-nominee-2028
2025-10-26,0.0395,Josh Shapiro,democratic-presidential-nominee-2028
2025-10-27,0.039,Josh Shapiro,democratic-presidential-nominee-2028
2025-10-28,0.038,Josh Shapiro,democratic-presidential-nominee-2028
2025-10-29,0.0375,Josh Shapiro,democratic-presidential-nominee-2028
2025-10-30,0.0375,Josh Shapiro,democratic-presidential-nominee-2028
2025-10-31,0.037,Josh Shapiro,democratic-presidential-nominee-2028
2025-11-01,0.0365,Josh Shapiro,democratic-presidential-nominee-2028
2025-11-02,0.037,Josh Shapiro,democratic-presidential-nominee-2028
2025-11-03,0.037,Josh Shapiro,democratic-presidential-nominee-2028
2025-11-04,0.037,Josh Shapiro,democratic-presidential-nominee-2028
2025-11-05,0.0355,Josh Shapiro,democratic-presidential-nominee-2028
2025-11-06,0.036,Josh Shapiro,democratic-presidential-nominee-2028
2025-11-07,0.0365,Josh Shapiro,democratic-presidential-nominee-2028
2025-11-08,0.037,Josh Shapiro,democratic-presidential-nominee-2028
2025-11-09,0.0365,Josh Shapiro,democratic-presidential-nominee-2028
2025-11-10,0.0365,Josh Shapiro,democratic-presidential-nominee-2028
2025-11-11,0.0365,Josh Shapiro,democratic-presidential-nominee-2028
2025-11-12,0.0365,Josh Shapiro,democratic-presidential-nominee-2028
2025-11-13,0.0365,Josh Shapiro,democratic-presidential-nominee-2028
2025-11-14,0.0365,Josh Shapiro,democratic-presidential-nominee-2028
2025-11-15,0.0365,Josh Shapiro,democratic-presidential-nominee-2028
2025-11-16,0.0355,Josh Shapiro,democratic-presidential-nominee-2028
2025-11-17,0.0365,Josh Shapiro,democratic-presidential-nominee-2028
2025-11-18,0.0395,Josh Shapiro,democratic-presidential-nominee-2028
2025-11-19,0.039,Josh Shapiro,democratic-presidential-nominee-2028
2025-11-20,0.039,Josh Shapiro,democratic-presidential-nominee-2028
2025-11-21,0.0395,Josh Shapiro,democratic-presidential-nominee-2028
2025-11-22,0.0415,Josh Shapiro,democratic-presidential-nominee-2028
2025-11-23,0.04,Josh Shapiro,democratic-presidential-nominee-2028
2025-11-24,0.0385,Josh Shapiro,democratic-presidential-nominee-2028
2025-11-25,0.039,Josh Shapiro,democratic-presidential-nominee-2028
2025-11-26,0.039,Josh Shapiro,democratic-presidential-nominee-2028
2025-11-27,0.0385,Josh Shapiro,democratic-presidential-nominee-2028
2025-11-28,0.039,Josh Shapiro,democratic-presidential-nominee-2028
2025-11-29,0.0395,Josh Shapiro,democratic-presidential-nominee-2028
2025-11-30,0.0395,Josh Shapiro,democratic-presidential-nominee-2028
2025-12-01,0.039,Josh Shapiro,democratic-presidential-nominee-2028
2025-12-02,0.0385,Josh Shapiro,democratic-presidential-nominee-2028
2025-12-03,0.0405,Josh Shapiro,democratic-presidential-nominee-2028
2025-12-04,0.041,Josh Shapiro,democratic-presidential-nominee-2028
2025-12-05,0.0415,Josh Shapiro,democratic-presidential-nominee-2028
2025-12-06,0.0425,Josh Shapiro,democratic-presidential-nominee-2028
2025-12-07,0.0415,Josh Shapiro,democratic-presidential-nominee-2028
2025-12-08,0.0385,Josh Shapiro,democratic-presidential-nominee-2028
2025-12-09,0.042,Josh Shapiro,democratic-presidential-nominee-2028
2025-12-10,0.041,Josh Shapiro,democratic-presidential-nominee-2028
2025-12-11,0.0435,Josh Shapiro,democratic-presidential-nominee-2028
2025-12-12,0.044,Josh Shapiro,democratic-presidential-nominee-2028
2025-12-13,0.0495,Josh Shapiro,democratic-presidential-nominee-2028
2025-12-14,0.049,Josh Shapiro,democratic-presidential-nominee-2028
2025-12-15,0.0505,Josh Shapiro,democratic-presidential-nominee-2028
2025-12-16,0.0485,Josh Shapiro,democratic-presidential-nominee-2028
2025-12-17,0.05,Josh Shapiro,democratic-presidential-nominee-2028
2025-12-18,0.0505,Josh Shapiro,democratic-presidential-nominee-2028
2025-12-19,0.0495,Josh Shapiro,democratic-presidential-nominee-2028
2025-12-20,0.049,Josh Shapiro,democratic-presidential-nominee-2028
2025-12-21,0.049,Josh Shapiro,democratic-presidential-nominee-2028
2025-12-22,0.05,Josh Shapiro,democratic-presidential-nominee-2028
2025-12-23,0.048,Josh Shapiro,democratic-presidential-nominee-2028
2025-12-24,0.0415,Josh Shapiro,democratic-presidential-nominee-2028
2025-12-25,0.0415,Josh Shapiro,democratic-presidential-nominee-2028
2025-12-26,0.0385,Josh Shapiro,democratic-presidential-nominee-2028
2025-12-27,0.0375,Josh Shapiro,democratic-presidential-nominee-2028
2025-12-28,0.0405,Josh Shapiro,democratic-presidential-nominee-2028
2025-12-29,0.039,Josh Shapiro,democratic-presidential-nominee-2028
2025-12-30,0.0385,Josh Shapiro,democratic-presidential-nominee-2028
2025-12-31,0.04,Josh Shapiro,democratic-presidential-nominee-2028
2026-01-01,0.0395,Josh Shapiro,democratic-presidential-nominee-2028
2026-01-02,0.0405,Josh Shapiro,democratic-presidential-nominee-2028
2026-01-03,0.0425,Josh Shapiro,democratic-presidential-nominee-2028
2026-01-04,0.0435,Josh Shapiro,democratic-presidential-nominee-2028
2026-01-05,0.0445,Josh Shapiro,democratic-presidential-nominee-2028
2026-01-06,0.043,Josh Shapiro,democratic-presidential-nominee-2028
2026-01-07,0.0425,Josh Shapiro,democratic-presidential-nominee-2028
2026-01-08,0.0445,Josh Shapiro,democratic-presidential-nominee-2028
2026-01-09,0.0435,Josh Shapiro,democratic-presidential-nominee-2028
2026-01-10,0.0445,Josh Shapiro,democratic-presidential-nominee-2028
2026-01-11,0.0465,Josh Shapiro,democratic-presidential-nominee-2028
2026-01-12,0.0445,Josh Shapiro,democratic-presidential-nominee-2028
2026-01-13,0.0465,Josh Shapiro,democratic-presidential-nominee-2028
2026-01-14,0.0475,Josh Shapiro,democratic-presidential-nominee-2028
2026-01-15,0.0625,Josh Shapiro,democratic-presidential-nominee-2028
2026-01-16,0.063,Josh Shapiro,democratic-presidential-nominee-2028
2026-01-17,0.068,Josh Shapiro,democratic-presidential-nominee-2028
2026-01-18,0.064,Josh Shapiro,democratic-presidential-nominee-2028
2026-01-19,0.067,Josh Shapiro,democratic-presidential-nominee-2028
2026-01-20,0.0715,Josh Shapiro,democratic-presidential-nominee-2028
2026-01-21,0.067,Josh Shapiro,democratic-presidential-nominee-2028
2026-01-22,0.0695,Josh Shapiro,democratic-presidential-nominee-2028
2026-01-23,0.066,Josh Shapiro,democratic-presidential-nominee-2028
2026-01-24,0.0665,Josh Shapiro,democratic-presidential-nominee-2028
2026-01-25,0.073,Josh Shapiro,democratic-presidential-nominee-2028
2026-01-26,0.0665,Josh Shapiro,democratic-presidential-nominee-2028
2026-01-27,0.0665,Josh Shapiro,democratic-presidential-nominee-2028
2026-01-28,0.0625,Josh Shapiro,democratic-presidential-nominee-2028
2026-01-29,0.0605,Josh Shapiro,democratic-presidential-nominee-2028
2026-01-30,0.0595,Josh Shapiro,democratic-presidential-nominee-2028
2026-01-31,0.0595,Josh Shapiro,democratic-presidential-nominee-2028
2026-02-01,0.0575,Josh Shapiro,democratic-presidential-nominee-2028
2026-02-02,0.058,Josh Shapiro,democratic-presidential-nominee-2028
2026-02-03,0.0585,Josh Shapiro,democratic-presidential-nominee-2028
2026-02-04,0.0585,Josh Shapiro,democratic-presidential-nominee-2028
2026-02-05,0.058,Josh Shapiro,democratic-presidential-nominee-2028
2026-02-06,0.057,Josh Shapiro,democratic-presidential-nominee-2028
2026-02-07,0.0565,Josh Shapiro,democratic-presidential-nominee-2028
2026-02-08,0.056,Josh Shapiro,democratic-presidential-nominee-2028
2026-02-09,0.0535,Josh Shapiro,democratic-presidential-nominee-2028
2026-02-10,0.0545,Josh Shapiro,democratic-presidential-nominee-2028
2026-02-11,0.055,Josh Shapiro,democratic-presidential-nominee-2028
2026-02-12,0.0525,Josh Shapiro,democratic-presidential-nominee-2028
2026-02-13,0.051,Josh Shapiro,democratic-presidential-nominee-2028
2026-02-14,0.049,Josh Shapiro,democratic-presidential-nominee-2028
2026-02-15,0.0505,Josh Shapiro,democratic-presidential-nominee-2028
2026-02-16,0.0495,Josh Shapiro,democratic-presidential-nominee-2028
2026-02-17,0.0485,Josh Shapiro,democratic-presidential-nominee-2028
2026-02-18,0.0455,Josh Shapiro,democratic-presidential-nominee-2028
2026-02-19,0.0455,Josh Shapiro,democratic-presidential-nominee-2028
2026-02-20,0.044,Josh Shapiro,democratic-presidential-nominee-2028
2026-02-21,0.0435,Josh Shapiro,democratic-presidential-nominee-2028
2026-02-22,0.0435,Josh Shapiro,democratic-presidential-nominee-2028
2026-02-23,0.0435,Josh Shapiro,democratic-presidential-nominee-2028
2026-02-24,0.0415,Josh Shapiro,democratic-presidential-nominee-2028
2026-02-25,0.0425,Josh Shapiro,democratic-presidential-nominee-2028
2026-02-26,0.041,Josh Shapiro,democratic-presidential-nominee-2028
2026-02-27,0.0415,Josh Shapiro,democratic-presidential-nominee-2028
2026-02-28,0.0415,Josh Shapiro,democratic-presidential-nominee-2028
2026-03-01,0.0415,Josh Shapiro,democratic-presidential-nominee-2028
2026-03-02,0.041,Josh Shapiro,democratic-presidential-nominee-2028
2026-03-03,0.041,Josh Shapiro,democratic-presidential-nominee-2028
2026-03-04,0.041,Josh Shapiro,democratic-presidential-nominee-2028
2026-03-05,0.0405,Josh Shapiro,democratic-presidential-nominee-2028
2026-03-06,0.0405,Josh Shapiro,democratic-presidential-nominee-2028
2026-03-07,0.0405,Josh Shapiro,democratic-presidential-nominee-2028
2026-03-08,0.0395,Josh Shapiro,democratic-presidential-nominee-2028
2026-03-09,0.0395,Josh Shapiro,democratic-presidential-nominee-2028
2026-03-10,0.0395,Josh Shapiro,democratic-presidential-nominee-2028
2026-03-11,0.0395,Josh Shapiro,democratic-presidential-nominee-2028
2026-03-12,0.04,Josh Shapiro,democratic-presidential-nominee-2028
2026-03-13,0.0405,Josh Shapiro,democratic-presidential-nominee-2028
2026-03-14,0.0405,Josh Shapiro,democratic-presidential-nominee-2028
2026-03-15,0.0405,Josh Shapiro,democratic-presidential-nominee-2028
2026-03-16,0.0395,Josh Shapiro,democratic-presidential-nominee-2028
2026-03-17,0.0405,Josh Shapiro,democratic-presidential-nominee-2028
2026-03-18,0.0395,Josh Shapiro,democratic-presidential-nominee-2028
2026-03-19,0.0395,Josh Shapiro,democratic-presidential-nominee-2028
2026-03-20,0.039,Josh Shapiro,democratic-presidential-nominee-2028
2026-03-21,0.0385,Josh Shapiro,democratic-presidential-nominee-2028
2026-03-22,0.0385,Josh Shapiro,democratic-presidential-nominee-2028
2026-03-23,0.0395,Josh Shapiro,democratic-presidential-nominee-2028
2026-03-24,0.0395,Josh Shapiro,democratic-presidential-nominee-2028
2026-03-25,0.0395,Josh Shapiro,democratic-presidential-nominee-2028
2026-03-26,0.0375,Josh Shapiro,democratic-presidential-nominee-2028
2026-03-27,0.0385,Josh Shapiro,democratic-presidential-nominee-2028
2026-03-28,0.0375,Josh Shapiro,democratic-presidential-nominee-2028
2026-03-29,0.038,Josh Shapiro,democratic-presidential-nominee-2028
2026-04-09,0.0365,Josh Shapiro,democratic-presidential-nominee-2028
2026-04-22,0.0365,Josh Shapiro,democratic-presidential-nominee-2028
2026-04-23,0.0365,Josh Shapiro,democratic-presidential-nominee-2028
2026-04-24,0.0365,Josh Shapiro,democratic-presidential-nominee-2028
2026-04-25,0.0365,Josh Shapiro,democratic-presidential-nominee-2028
2026-04-26,0.0365,Josh Shapiro,democratic-presidential-nominee-2028
2026-04-27,0.0375,Josh Shapiro,democratic-presidential-nominee-2028
2026-04-28,0.038,Josh Shapiro,democratic-presidential-nominee-2028
2026-04-29,0.0415,Josh Shapiro,democratic-presidential-nominee-2028
2026-04-30,0.0405,Josh Shapiro,democratic-presidential-nominee-2028
2026-05-01,0.0405,Josh Shapiro,democratic-presidential-nominee-2028
2026-05-02,0.0405,Josh Shapiro,democratic-presidential-nominee-2028
2026-05-03,0.0405,Josh Shapiro,democratic-presidential-nominee-2028
2026-05-04,0.0365,Josh Shapiro,democratic-presidential-nominee-2028
2026-05-05,0.037,Josh Shapiro,democratic-presidential-nominee-2028
2026-05-06,0.0455,Josh Shapiro,democratic-presidential-nominee-2028
2026-05-07,0.0465,Josh Shapiro,democratic-presidential-nominee-2028
2026-05-08,0.0465,Josh Shapiro,democratic-presidential-nominee-2028
2026-05-09,0.046,Josh Shapiro,democratic-presidential-nominee-2028
2026-05-10,0.046,Josh Shapiro,democratic-presidential-nominee-2028
2026-05-11,0.0475,Josh Shapiro,democratic-presidential-nominee-2028
2026-05-12,0.048,Josh Shapiro,democratic-presidential-nominee-2028
2026-05-13,0.0475,Josh Shapiro,democratic-presidential-nominee-2028
2026-05-14,0.0465,Josh Shapiro,democratic-presidential-nominee-2028
2026-05-15,0.0465,Josh Shapiro,democratic-presidential-nominee-2028
2026-05-16,0.0465,Josh Shapiro,democratic-presidential-nominee-2028
2026-05-17,0.0515,Josh Shapiro,democratic-presidential-nominee-2028
2026-05-18,0.0495,Josh Shapiro,democratic-presidential-nominee-2028
2026-05-19,0.0485,Josh Shapiro,democratic-presidential-nominee-2028
2026-05-20,0.0535,Josh Shapiro,democratic-presidential-nominee-2028
2026-05-21,0.0495,Josh Shapiro,democratic-presidential-nominee-2028
2026-05-22,0.0495,Josh Shapiro,democratic-presidential-nominee-2028
2026-05-23,0.0495,Josh Shapiro,democratic-presidential-nominee-2028
2026-05-24,0.0485,Josh Shapiro,democratic-presidential-nominee-2028
2026-05-25,0.0485,Josh Shapiro,democratic-presidential-nominee-2028
2026-05-26,0.0505,Josh Shapiro,democratic-presidential-nominee-2028
2026-05-27,0.0535,Josh Shapiro,democratic-presidential-nominee-2028
2026-05-28,0.0535,Josh Shapiro,democratic-presidential-nominee-2028
2026-05-29,0.0535,Josh Shapiro,democratic-presidential-nominee-2028
2026-05-30,0.0525,Josh Shapiro,democratic-presidential-nominee-2028
2026-05-31,0.0505,Josh Shapiro,democratic-presidential-nominee-2028
2026-06-01,0.0525,Josh Shapiro,democratic-presidential-nominee-2028
2026-06-02,0.0505,Josh Shapiro,democratic-presidential-nominee-2028
2026-06-03,0.0505,Josh Shapiro,democratic-presidential-nominee-2028
2026-06-04,0.0505,Josh Shapiro,democratic-presidential-nominee-2028
2026-06-05,0.0505,Josh Shapiro,democratic-presidential-nominee-2028
2026-06-06,0.0505,Josh Shapiro,democratic-presidential-nominee-2028
2026-06-07,0.0505,Josh Shapiro,democratic-presidential-nominee-2028
2026-06-08,0.0605,Josh Shapiro,democratic-presidential-nominee-2028
2026-06-09,0.0605,Josh Shapiro,democratic-presidential-nominee-2028
2026-06-10,0.0605,Josh Shapiro,democratic-presidential-nominee-2028
2026-06-11,0.0605,Josh Shapiro,democratic-presidential-nominee-2028
2026-06-12,0.0535,Josh Shapiro,democratic-presidential-nominee-2028
2026-06-13,0.0525,Josh Shapiro,democratic-presidential-nominee-2028
2026-06-14,0.0515,Josh Shapiro,democratic-presidential-nominee-2028
2026-06-15,0.0515,Josh Shapiro,democratic-presidential-nominee-2028
2026-06-16,0.0515,Josh Shapiro,democratic-presidential-nominee-2028
2026-06-17,0.0505,Josh Shapiro,democratic-presidential-nominee-2028
2026-06-18,0.0495,Josh Shapiro,democratic-presidential-nominee-2028
2026-06-19,0.0465,Josh Shapiro,democratic-presidential-nominee-2028
2026-06-20,0.0495,Josh Shapiro,democratic-presidential-nominee-2028
2026-06-21,0.0495,Josh Shapiro,democratic-presidential-nominee-2028
2026-06-22,0.0495,Josh Shapiro,democratic-presidential-nominee-2028
2026-06-23,0.0495,Josh Shapiro,democratic-presidential-nominee-2028
2026-06-24,0.0495,Josh Shapiro,democratic-presidential-nominee-2028
2026-06-25,0.0505,Josh Shapiro,democratic-presidential-nominee-2028
2026-06-26,0.0545,Josh Shapiro,democratic-presidential-nominee-2028
2026-06-27,0.0535,Josh Shapiro,democratic-presidential-nominee-2028
2026-06-28,0.0535,Josh Shapiro,democratic-presidential-nominee-2028
2026-06-29,0.0545,Josh Shapiro,democratic-presidential-nominee-2028
2026-06-30,0.0535,Josh Shapiro,democratic-presidential-nominee-2028
2026-07-01,0.052,Josh Shapiro,democratic-presidential-nominee-2028
2026-07-02,0.0525,Josh Shapiro,democratic-presidential-nominee-2028
2026-07-03,0.0515,Josh Shapiro,democratic-presidential-nominee-2028
2026-07-04,0.0525,Josh Shapiro,democratic-presidential-nominee-2028
2026-07-05,0.0505,Josh Shapiro,democratic-presidential-nominee-2028
2026-07-06,0.0525,Josh Shapiro,democratic-presidential-nominee-2028
2026-07-07,0.053,Josh Shapiro,democratic-presidential-nominee-2028
2026-07-08,0.0495,Josh Shapiro,democratic-presidential-nominee-2028
2026-07-09,0.0505,Josh Shapiro,democratic-presidential-nominee-2028
2026-07-10,0.051,Josh Shapiro,democratic-presidential-nominee-2028
2026-07-11,0.0505,Josh Shapiro,democratic-presidential-nominee-2028
2026-07-12,0.0545,Josh Shapiro,democratic-presidential-nominee-2028
2026-07-13,0.0545,Josh Shapiro,democratic-presidential-nominee-2028
2026-07-14,0.053,Josh Shapiro,democratic-presidential-nominee-2028
2026-07-15,0.0525,Josh Shapiro,democratic-presidential-nominee-2028
2026-07-16,0.0525,Josh Shapiro,democratic-presidential-nominee-2028
2026-07-17,0.0525,Josh Shapiro,democratic-presidential-nominee-2028
2026-07-18,0.0525,Josh Shapiro,democratic-presidential-nominee-2028
2026-07-19,0.051,Josh Shapiro,democratic-presidential-nominee-2028
2026-07-20,0.0495,Josh Shapiro,democratic-presidential-nominee-2028
2026-07-21,0.0505,Josh Shapiro,democratic-presidential-nominee-2028
2026-07-22,0.0495,Josh Shapiro,democratic-presidential-nominee-2028
2026-07-23,0.051,Josh Shapiro,democratic-presidential-nominee-2028
2026-07-24,0.0525,Josh Shapiro,democratic-presidential-nominee-2028
2026-07-25,0.0525,Josh Shapiro,democratic-presidential-nominee-2028
2026-07-26,0.0505,Josh Shapiro,democratic-presidential-nominee-2028
2026-07-27,0.051,Josh Shapiro,democratic-presidential-nominee-2028
2026-07-28,0.0485,Josh Shapiro,democratic-presidential-nominee-2028
2026-07-29,0.0485,Josh Shapiro,democratic-presidential-nominee-2028
2026-07-30,0.0485,Josh Shapiro,democratic-presidential-nominee-2028
2026-07-31,0.0485,Josh Shapiro,democratic-presidential-nominee-2028
2026-08-01,0.0485,Josh Shapiro,democratic-presidential-nominee-2028
2026-08-02,0.0485,Josh Shapiro,democratic-presidential-nominee-2028
2026-08-03,0.0485,Josh Shapiro,democratic-presidential-nominee-2028
2026-08-04,0.0485,Josh Shapiro,democratic-presidential-nominee-2028
2026-08-05,0.0485,Josh Shapiro,democratic-presidential-nominee-2028
2026-08-06,0.0485,Josh Shapiro,democratic-presidential-nominee-2028
2026-08-07,0.0495,Josh Shapiro,democratic-presidential-nominee-2028
2026-08-08,0.0495,Josh Shapiro,democratic-presidential-nominee-2028
2026-08-09,0.0495,Josh Shapiro,democratic-presidential-nominee-2028
2026-08-10,0.0495,Josh Shapiro,democratic-presidential-nominee-2028
2026-08-11,0.0495,Josh Shapiro,democratic-presidential-nominee-2028
2026-08-12,0.0495,Josh Shapiro,democratic-presidential-nominee-2028
2026-08-13,0.0495,Josh Shapiro,democratic-presidential-nominee-2028
2026-08-14,0.0485,Josh Shapiro,democratic-presidential-nominee-2028
2026-08-15,0.0485,Josh Shapiro,democratic-presidential-nominee-2028
2026-08-16,0.0485,Josh Shapiro,democratic-presidential-nominee-2028
2026-08-17,0.0485,Josh Shapiro,democratic-presidential-nominee-2028
2026-08-18,0.0495,Josh Shapiro,democratic-presidential-nominee-2028
2026-08-19,0.0505,Josh Shapiro,democratic-presidential-nominee-2028
2026-08-20,0.0505,Josh Shapiro,democratic-presidential-nominee-2028
2026-08-21,0.0505,Josh Shapiro,democratic-presidential-nominee-2028
2026-08-22,0.0505,Josh Shapiro,democratic-presidential-nominee-2028
2026-08-23,0.0505,Josh Shapiro,democratic-presidential-nominee-2028
2026-08-24,0.0495,Josh Shapiro,democratic-presidential-nominee-2028
2026-08-25,0.0515,Josh Shapiro,democratic-presidential-nominee-2028
2025-07-19,0.045,Kamala Harris,democratic-presidential-nominee-2028
2025-07-20,0.045,Kamala Harris,democratic-presidential-nominee-2028
2025-07-21,0.045,Kamala Harris,democratic-presidential-nominee-2028
2025-07-22,0.045,Kamala Harris,democratic-presidential-nominee-2028
2025-07-23,0.045,Kamala Harris,democratic-presidential-nominee-2028
2025-07-24,0.045,Kamala Harris,democratic-presidential-nominee-2028
2025-07-25,0.045,Kamala Harris,democratic-presidential-nominee-2028
2025-07-26,0.045,Kamala Harris,democratic-presidential-nominee-2028
2025-07-27,0.045,Kamala Harris,democratic-presidential-nominee-2028
2025-07-28,0.045,Kamala Harris,democratic-presidential-nominee-2028
2025-07-29,0.045,Kamala Harris,democratic-presidential-nominee-2028
2025-07-30,0.033,Kamala Harris,democratic-presidential-nominee-2028
2025-07-31,0.0555,Kamala Harris,democratic-presidential-nominee-2028
2025-08-01,0.062,Kamala Harris,democratic-presidential-nominee-2028
2025-08-02,0.057,Kamala Harris,democratic-presidential-nominee-2028
2025-08-03,0.0615,Kamala Harris,democratic-presidential-nominee-2028
2025-08-04,0.0585,Kamala Harris,democratic-presidential-nominee-2028
2025-08-05,0.058,Kamala Harris,democratic-presidential-nominee-2028
2025-08-06,0.0585,Kamala Harris,democratic-presidential-nominee-2028
2025-08-07,0.0585,Kamala Harris,democratic-presidential-nominee-2028
2025-08-08,0.059,Kamala Harris,democratic-presidential-nominee-2028
2025-08-09,0.059,Kamala Harris,democratic-presidential-nominee-2028
2025-08-10,0.057,Kamala Harris,democratic-presidential-nominee-2028
2025-08-11,0.053,Kamala Harris,democratic-presidential-nominee-2028
2025-08-12,0.052,Kamala Harris,democratic-presidential-nominee-2028
2025-08-13,0.052,Kamala Harris,democratic-presidential-nominee-2028
2025-08-14,0.0515,Kamala Harris,democratic-presidential-nominee-2028
2025-08-15,0.0515,Kamala Harris,democratic-presidential-nominee-2028
2025-08-16,0.0475,Kamala Harris,democratic-presidential-nominee-2028
2025-08-17,0.048,Kamala Harris,democratic-presidential-nominee-2028
2025-08-18,0.0475,Kamala Harris,democratic-presidential-nominee-2028
2025-08-19,0.0475,Kamala Harris,democratic-presidential-nominee-2028
2025-08-20,0.0495,Kamala Harris,democratic-presidential-nominee-2028
2025-08-21,0.0495,Kamala Harris,democratic-presidential-nominee-2028
2025-08-22,0.052,Kamala Harris,democratic-presidential-nominee-2028
2025-08-23,0.0505,Kamala Harris,democratic-presidential-nominee-2028
2025-08-24,0.0495,Kamala Harris,democratic-presidential-nominee-2028
2025-08-25,0.05,Kamala Harris,democratic-presidential-nominee-2028
2025-08-26,0.05,Kamala Harris,democratic-presidential-nominee-2028
2025-08-27,0.0505,Kamala Harris,democratic-presidential-nominee-2028
2025-08-28,0.0495,Kamala Harris,democratic-presidential-nominee-2028
2025-08-29,0.0495,Kamala Harris,democratic-presidential-nominee-2028
2025-08-30,0.0495,Kamala Harris,democratic-presidential-nominee-2028
2025-08-31,0.0485,Kamala Harris,democratic-presidential-nominee-2028
2025-09-01,0.047,Kamala Harris,democratic-presidential-nominee-2028
2025-09-02,0.0485,Kamala Harris,democratic-presidential-nominee-2028
2025-09-03,0.0475,Kamala Harris,democratic-presidential-nominee-2028
2025-09-04,0.047,Kamala Harris,democratic-presidential-nominee-2028
2025-09-05,0.047,Kamala Harris,democratic-presidential-nominee-2028
2025-09-06,0.047,Kamala Harris,democratic-presidential-nominee-2028
2025-09-07,0.047,Kamala Harris,democratic-presidential-nominee-2028
2025-09-08,0.0455,Kamala Harris,democratic-presidential-nominee-2028
2025-09-09,0.0455,Kamala Harris,democratic-presidential-nominee-2028
2025-09-10,0.0455,Kamala Harris,democratic-presidential-nominee-2028
2025-09-11,0.0455,Kamala Harris,democratic-presidential-nominee-2028
2025-09-12,0.0455,Kamala Harris,democratic-presidential-nominee-2028
2025-09-13,0.0445,Kamala Harris,democratic-presidential-nominee-2028
2025-09-14,0.037,Kamala Harris,democratic-presidential-nominee-2028
2025-09-15,0.038,Kamala Harris,democratic-presidential-nominee-2028
2025-09-16,0.043,Kamala Harris,democratic-presidential-nominee-2028
2025-09-17,0.039,Kamala Harris,democratic-presidential-nominee-2028
2025-09-18,0.04,Kamala Harris,democratic-presidential-nominee-2028
2025-09-19,0.04,Kamala Harris,democratic-presidential-nominee-2028
2025-09-20,0.04,Kamala Harris,democratic-presidential-nominee-2028
2025-09-21,0.0385,Kamala Harris,democratic-presidential-nominee-2028
2025-09-22,0.0385,Kamala Harris,democratic-presidential-nominee-2028
2025-09-23,0.0385,Kamala Harris,democratic-presidential-nominee-2028
2025-09-24,0.0385,Kamala Harris,democratic-presidential-nominee-2028
2025-09-25,0.0385,Kamala Harris,democratic-presidential-nominee-2028
2025-09-26,0.0375,Kamala Harris,democratic-presidential-nominee-2028
2025-09-27,0.038,Kamala Harris,democratic-presidential-nominee-2028
2025-09-28,0.04,Kamala Harris,democratic-presidential-nominee-2028
2025-09-29,0.0375,Kamala Harris,democratic-presidential-nominee-2028
2025-09-30,0.038,Kamala Harris,democratic-presidential-nominee-2028
2025-10-01,0.0375,Kamala Harris,democratic-presidential-nominee-2028
2025-10-02,0.038,Kamala Harris,democratic-presidential-nominee-2028
2025-10-03,0.038,Kamala Harris,democratic-presidential-nominee-2028
2025-10-04,0.0375,Kamala Harris,democratic-presidential-nominee-2028
2025-10-05,0.0315,Kamala Harris,democratic-presidential-nominee-2028
2025-10-06,0.031,Kamala Harris,democratic-presidential-nominee-2028
2025-10-07,0.0305,Kamala Harris,democratic-presidential-nominee-2028
2025-10-08,0.0305,Kamala Harris,democratic-presidential-nominee-2028
2025-10-09,0.028,Kamala Harris,democratic-presidential-nominee-2028
2025-10-10,0.028,Kamala Harris,democratic-presidential-nominee-2028
2025-10-11,0.028,Kamala Harris,democratic-presidential-nominee-2028
2025-10-12,0.028,Kamala Harris,democratic-presidential-nominee-2028
2025-10-13,0.028,Kamala Harris,democratic-presidential-nominee-2028
2025-10-14,0.025,Kamala Harris,democratic-presidential-nominee-2028
2025-10-15,0.0245,Kamala Harris,democratic-presidential-nominee-2028
2025-10-16,0.0205,Kamala Harris,democratic-presidential-nominee-2028
2025-10-17,0.021,Kamala Harris,democratic-presidential-nominee-2028
2025-10-18,0.0215,Kamala Harris,democratic-presidential-nominee-2028
2025-10-19,0.0225,Kamala Harris,democratic-presidential-nominee-2028
2025-10-20,0.0215,Kamala Harris,democratic-presidential-nominee-2028
2025-10-21,0.0235,Kamala Harris,democratic-presidential-nominee-2028
2025-10-22,0.026,Kamala Harris,democratic-presidential-nominee-2028
2025-10-23,0.0245,Kamala Harris,democratic-presidential-nominee-2028
2025-10-24,0.024,Kamala Harris,democratic-presidential-nominee-2028
2025-10-25,0.0245,Kamala Harris,democratic-presidential-nominee-2028
2025-10-26,0.0395,Kamala Harris,democratic-presidential-nominee-2028
2025-10-27,0.045,Kamala Harris,democratic-presidential-nominee-2028
2025-10-28,0.0415,Kamala Harris,democratic-presidential-nominee-2028
2025-10-29,0.0475,Kamala Harris,democratic-presidential-nominee-2028
2025-10-30,0.0475,Kamala Harris,democratic-presidential-nominee-2028
2025-10-31,0.052,Kamala Harris,democratic-presidential-nominee-2028
2025-11-01,0.065,Kamala Harris,democratic-presidential-nominee-2028
2025-11-02,0.057,Kamala Harris,democratic-presidential-nominee-2028
2025-11-03,0.052,Kamala Harris,democratic-presidential-nominee-2028
2025-11-04,0.0495,Kamala Harris,democratic-presidential-nominee-2028
2025-11-05,0.0495,Kamala Harris,democratic-presidential-nominee-2028
2025-11-06,0.049,Kamala Harris,democratic-presidential-nominee-2028
2025-11-07,0.0425,Kamala Harris,democratic-presidential-nominee-2028
2025-11-08,0.039,Kamala Harris,democratic-presidential-nominee-2028
2025-11-09,0.0455,Kamala Harris,democratic-presidential-nominee-2028
2025-11-10,0.0425,Kamala Harris,democratic-presidential-nominee-2028
2025-11-11,0.0435,Kamala Harris,democratic-presidential-nominee-2028
2025-11-12,0.0455,Kamala Harris,democratic-presidential-nominee-2028
2025-11-13,0.0455,Kamala Harris,democratic-presidential-nominee-2028
2025-11-14,0.047,Kamala Harris,democratic-presidential-nominee-2028
2025-11-15,0.0455,Kamala Harris,democratic-presidential-nominee-2028
2025-11-16,0.0465,Kamala Harris,democratic-presidential-nominee-2028
2025-11-17,0.044,Kamala Harris,democratic-presidential-nominee-2028
2025-11-18,0.0435,Kamala Harris,democratic-presidential-nominee-2028
2025-11-19,0.043,Kamala Harris,democratic-presidential-nominee-2028
2025-11-20,0.0445,Kamala Harris,democratic-presidential-nominee-2028
2025-11-21,0.043,Kamala Harris,democratic-presidential-nominee-2028
2025-11-22,0.0435,Kamala Harris,democratic-presidential-nominee-2028
2025-11-23,0.044,Kamala Harris,democratic-presidential-nominee-2028
2025-11-24,0.045,Kamala Harris,democratic-presidential-nominee-2028
2025-11-25,0.0445,Kamala Harris,democratic-presidential-nominee-2028
2025-11-26,0.043,Kamala Harris,democratic-presidential-nominee-2028
2025-11-27,0.0455,Kamala Harris,democratic-presidential-nominee-2028
2025-11-28,0.0425,Kamala Harris,democratic-presidential-nominee-2028
2025-11-29,0.044,Kamala Harris,democratic-presidential-nominee-2028
2025-11-30,0.0425,Kamala Harris,democratic-presidential-nominee-2028
2025-12-01,0.0435,Kamala Harris,democratic-presidential-nominee-2028
2025-12-02,0.0425,Kamala Harris,democratic-presidential-nominee-2028
2025-12-03,0.0455,Kamala Harris,democratic-presidential-nominee-2028
2025-12-04,0.0425,Kamala Harris,democratic-presidential-nominee-2028
2025-12-05,0.0445,Kamala Harris,democratic-presidential-nominee-2028
2025-12-06,0.0425,Kamala Harris,democratic-presidential-nominee-2028
2025-12-07,0.043,Kamala Harris,democratic-presidential-nominee-2028
2025-12-08,0.0345,Kamala Harris,democratic-presidential-nominee-2028
2025-12-09,0.034,Kamala Harris,democratic-presidential-nominee-2028
2025-12-10,0.0455,Kamala Harris,democratic-presidential-nominee-2028
2025-12-11,0.0405,Kamala Harris,democratic-presidential-nominee-2028
2025-12-12,0.0395,Kamala Harris,democratic-presidential-nominee-2028
2025-12-13,0.0385,Kamala Harris,democratic-presidential-nominee-2028
2025-12-14,0.0365,Kamala Harris,democratic-presidential-nominee-2028
2025-12-15,0.037,Kamala Harris,democratic-presidential-nominee-2028
2025-12-16,0.0505,Kamala Harris,democratic-presidential-nominee-2028
2025-12-17,0.049,Kamala Harris,democratic-presidential-nominee-2028
2025-12-18,0.0505,Kamala Harris,democratic-presidential-nominee-2028
2025-12-19,0.0465,Kamala Harris,democratic-presidential-nominee-2028
2025-12-20,0.0455,Kamala Harris,democratic-presidential-nominee-2028
2025-12-21,0.045,Kamala Harris,democratic-presidential-nominee-2028
2025-12-22,0.0435,Kamala Harris,democratic-presidential-nominee-2028
2025-12-23,0.0425,Kamala Harris,democratic-presidential-nominee-2028
2025-12-24,0.0445,Kamala Harris,democratic-presidential-nominee-2028
2025-12-25,0.0445,Kamala Harris,democratic-presidential-nominee-2028
2025-12-26,0.0425,Kamala Harris,democratic-presidential-nominee-2028
2025-12-27,0.0415,Kamala Harris,democratic-presidential-nominee-2028
2025-12-28,0.0415,Kamala Harris,democratic-presidential-nominee-2028
2025-12-29,0.042,Kamala Harris,democratic-presidential-nominee-2028
2025-12-30,0.0405,Kamala Harris,democratic-presidential-nominee-2028
2025-12-31,0.0425,Kamala Harris,democratic-presidential-nominee-2028
2026-01-01,0.0375,Kamala Harris,democratic-presidential-nominee-2028
2026-01-02,0.0385,Kamala Harris,democratic-presidential-nominee-2028
2026-01-03,0.0395,Kamala Harris,democratic-presidential-nominee-2028
2026-01-04,0.0385,Kamala Harris,democratic-presidential-nominee-2028
2026-01-05,0.0385,Kamala Harris,democratic-presidential-nominee-2028
2026-01-06,0.0365,Kamala Harris,democratic-presidential-nominee-2028
2026-01-07,0.037,Kamala Harris,democratic-presidential-nominee-2028
2026-01-08,0.036,Kamala Harris,democratic-presidential-nominee-2028
2026-01-09,0.0355,Kamala Harris,democratic-presidential-nominee-2028
2026-01-10,0.0345,Kamala Harris,democratic-presidential-nominee-2028
2026-01-11,0.0385,Kamala Harris,democratic-presidential-nominee-2028
2026-01-12,0.0375,Kamala Harris,democratic-presidential-nominee-2028
2026-01-13,0.0385,Kamala Harris,democratic-presidential-nominee-2028
2026-01-14,0.0395,Kamala Harris,democratic-presidential-nominee-2028
2026-01-15,0.0395,Kamala Harris,democratic-presidential-nominee-2028
2026-01-16,0.0395,Kamala Harris,democratic-presidential-nominee-2028
2026-01-17,0.0405,Kamala Harris,democratic-presidential-nominee-2028
2026-01-18,0.04,Kamala Harris,democratic-presidential-nominee-2028
2026-01-19,0.041,Kamala Harris,democratic-presidential-nominee-2028
2026-01-20,0.0415,Kamala Harris,democratic-presidential-nominee-2028
2026-01-21,0.042,Kamala Harris,democratic-presidential-nominee-2028
2026-01-22,0.042,Kamala Harris,democratic-presidential-nominee-2028
2026-01-23,0.042,Kamala Harris,democratic-presidential-nominee-2028
2026-01-24,0.043,Kamala Harris,democratic-presidential-nominee-2028
2026-01-25,0.0425,Kamala Harris,democratic-presidential-nominee-2028
2026-01-26,0.043,Kamala Harris,democratic-presidential-nominee-2028
2026-01-27,0.042,Kamala Harris,democratic-presidential-nominee-2028
2026-01-28,0.0495,Kamala Harris,democratic-presidential-nominee-2028
2026-01-29,0.0495,Kamala Harris,democratic-presidential-nominee-2028
2026-01-30,0.0575,Kamala Harris,democratic-presidential-nominee-2028
2026-01-31,0.0555,Kamala Harris,democratic-presidential-nominee-2028
2026-02-01,0.054,Kamala Harris,democratic-presidential-nominee-2028
2026-02-02,0.0485,Kamala Harris,democratic-presidential-nominee-2028
2026-02-03,0.0535,Kamala Harris,democratic-presidential-nominee-2028
2026-02-04,0.0525,Kamala Harris,democratic-presidential-nominee-2028
2026-02-05,0.055,Kamala Harris,democratic-presidential-nominee-2028
2026-02-06,0.061,Kamala Harris,democratic-presidential-nominee-2028
2026-02-07,0.0605,Kamala Harris,democratic-presidential-nominee-2028
2026-02-08,0.0605,Kamala Harris,democratic-presidential-nominee-2028
2026-02-09,0.0555,Kamala Harris,democratic-presidential-nominee-2028
2026-02-10,0.0515,Kamala Harris,democratic-presidential-nominee-2028
2026-02-11,0.0505,Kamala Harris,democratic-presidential-nominee-2028
2026-02-12,0.0455,Kamala Harris,democratic-presidential-nominee-2028
2026-02-13,0.0455,Kamala Harris,democratic-presidential-nominee-2028
2026-02-14,0.0535,Kamala Harris,democratic-presidential-nominee-2028
2026-02-15,0.0525,Kamala Harris,democratic-presidential-nominee-2028
2026-02-16,0.0515,Kamala Harris,democratic-presidential-nominee-2028
2026-02-17,0.059,Kamala Harris,democratic-presidential-nominee-2028
2026-02-18,0.059,Kamala Harris,democratic-presidential-nominee-2028
2026-02-19,0.058,Kamala Harris,democratic-presidential-nominee-2028
2026-02-20,0.0575,Kamala Harris,democratic-presidential-nominee-2028
2026-02-21,0.0585,Kamala Harris,democratic-presidential-nominee-2028
2026-02-22,0.0585,Kamala Harris,democratic-presidential-nominee-2028
2026-02-23,0.0585,Kamala Harris,democratic-presidential-nominee-2028
2026-02-24,0.059,Kamala Harris,democratic-presidential-nominee-2028
2026-02-25,0.06,Kamala Harris,democratic-presidential-nominee-2028
2026-02-26,0.062,Kamala Harris,democratic-presidential-nominee-2028
2026-02-27,0.064,Kamala Harris,democratic-presidential-nominee-2028
2026-02-28,0.0625,Kamala Harris,democratic-presidential-nominee-2028
2026-03-01,0.0575,Kamala Harris,democratic-presidential-nominee-2028
2026-03-02,0.0565,Kamala Harris,democratic-presidential-nominee-2028
2026-03-03,0.055,Kamala Harris,democratic-presidential-nominee-2028
2026-03-04,0.055,Kamala Harris,democratic-presidential-nominee-2028
2026-03-05,0.0545,Kamala Harris,democratic-presidential-nominee-2028
2026-03-06,0.0525,Kamala Harris,democratic-presidential-nominee-2028
2026-03-07,0.053,Kamala Harris,democratic-presidential-nominee-2028
2026-03-08,0.052,Kamala Harris,democratic-presidential-nominee-2028
2026-03-09,0.0535,Kamala Harris,democratic-presidential-nominee-2028
2026-03-10,0.053,Kamala Harris,democratic-presidential-nominee-2028
2026-03-11,0.052,Kamala Harris,democratic-presidential-nominee-2028
2026-03-12,0.0485,Kamala Harris,democratic-presidential-nominee-2028
2026-03-13,0.0495,Kamala Harris,democratic-presidential-nominee-2028
2026-03-14,0.0545,Kamala Harris,democratic-presidential-nominee-2028
2026-03-15,0.0555,Kamala Harris,democratic-presidential-nominee-2028
2026-03-16,0.0545,Kamala Harris,democratic-presidential-nominee-2028
2026-03-17,0.0505,Kamala Harris,democratic-presidential-nominee-2028
2026-03-18,0.0535,Kamala Harris,democratic-presidential-nominee-2028
2026-03-19,0.052,Kamala Harris,democratic-presidential-nominee-2028
2026-03-20,0.051,Kamala Harris,democratic-presidential-nominee-2028
2026-03-21,0.0505,Kamala Harris,democratic-presidential-nominee-2028
2026-03-22,0.0505,Kamala Harris,democratic-presidential-nominee-2028
2026-03-23,0.0495,Kamala Harris,democratic-presidential-nominee-2028
2026-03-24,0.0495,Kamala Harris,democratic-presidential-nominee-2028
2026-03-25,0.0465,Kamala Harris,democratic-presidential-nominee-2028
2026-03-26,0.0455,Kamala Harris,democratic-presidential-nominee-2028
2026-03-27,0.0445,Kamala Harris,democratic-presidential-nominee-2028
2026-03-28,0.0445,Kamala Harris,democratic-presidential-nominee-2028
2026-04-05,0.042,Kamala Harris,democratic-presidential-nominee-2028
2026-04-09,0.042,Kamala Harris,democratic-presidential-nominee-2028
2026-04-12,0.057,Kamala Harris,democratic-presidential-nominee-2028
2026-04-22,0.0645,Kamala Harris,democratic-presidential-nominee-2028
2026-04-23,0.072,Kamala Harris,democratic-presidential-nominee-2028
2026-04-24,0.0765,Kamala Harris,democratic-presidential-nominee-2028
2026-04-25,0.077,Kamala Harris,democratic-presidential-nominee-2028
2026-04-26,0.0755,Kamala Harris,democratic-presidential-nominee-2028
2026-04-27,0.084,Kamala Harris,democratic-presidential-nominee-2028
2026-04-28,0.077,Kamala Harris,democratic-presidential-nominee-2028
2026-04-29,0.0755,Kamala Harris,democratic-presidential-nominee-2028
2026-04-30,0.0755,Kamala Harris,democratic-presidential-nominee-2028
2026-05-01,0.0935,Kamala Harris,democratic-presidential-nominee-2028
2026-05-02,0.112,Kamala Harris,democratic-presidential-nominee-2028
2026-05-03,0.1055,Kamala Harris,democratic-presidential-nominee-2028
2026-05-04,0.1045,Kamala Harris,democratic-presidential-nominee-2028
2026-05-05,0.079,Kamala Harris,democratic-presidential-nominee-2028
2026-05-06,0.091,Kamala Harris,democratic-presidential-nominee-2028
2026-05-07,0.0845,Kamala Harris,democratic-presidential-nominee-2028
2026-05-08,0.082,Kamala Harris,democratic-presidential-nominee-2028
2026-05-09,0.0835,Kamala Harris,democratic-presidential-nominee-2028
2026-05-10,0.0845,Kamala Harris,democratic-presidential-nominee-2028
2026-05-11,0.0905,Kamala Harris,democratic-presidential-nominee-2028
2026-05-12,0.0855,Kamala Harris,democratic-presidential-nominee-2028
2026-05-13,0.0885,Kamala Harris,democratic-presidential-nominee-2028
2026-05-14,0.0905,Kamala Harris,democratic-presidential-nominee-2028
2026-05-15,0.093,Kamala Harris,democratic-presidential-nominee-2028
2026-05-16,0.0905,Kamala Harris,democratic-presidential-nominee-2028
2026-05-17,0.0895,Kamala Harris,democratic-presidential-nominee-2028
2026-05-18,0.0865,Kamala Harris,democratic-presidential-nominee-2028
2026-05-19,0.0995,Kamala Harris,democratic-presidential-nominee-2028
2026-05-20,0.0875,Kamala Harris,democratic-presidential-nominee-2028
2026-05-21,0.0935,Kamala Harris,democratic-presidential-nominee-2028
2026-05-22,0.0985,Kamala Harris,democratic-presidential-nominee-2028
2026-05-23,0.0925,Kamala Harris,democratic-presidential-nominee-2028
2026-05-24,0.0875,Kamala Harris,democratic-presidential-nominee-2028
2026-05-25,0.0875,Kamala Harris,democratic-presidential-nominee-2028
2026-05-26,0.0875,Kamala Harris,democratic-presidential-nominee-2028
2026-05-27,0.0835,Kamala Harris,democratic-presidential-nominee-2028
2026-05-28,0.0835,Kamala Harris,democratic-presidential-nominee-2028
2026-05-29,0.0815,Kamala Harris,democratic-presidential-nominee-2028
2026-05-30,0.0815,Kamala Harris,democratic-presidential-nominee-2028
2026-05-31,0.08,Kamala Harris,democratic-presidential-nominee-2028
2026-06-01,0.0785,Kamala Harris,democratic-presidential-nominee-2028
2026-06-02,0.0835,Kamala Harris,democratic-presidential-nominee-2028
2026-06-03,0.0825,Kamala Harris,democratic-presidential-nominee-2028
2026-06-04,0.0795,Kamala Harris,democratic-presidential-nominee-2028
2026-06-05,0.0775,Kamala Harris,democratic-presidential-nominee-2028
2026-06-06,0.0765,Kamala Harris,democratic-presidential-nominee-2028
2026-06-07,0.0775,Kamala Harris,democratic-presidential-nominee-2028
2026-06-08,0.0775,Kamala Harris,democratic-presidential-nominee-2028
2026-06-09,0.0775,Kamala Harris,democratic-presidential-nominee-2028
2026-06-10,0.0775,Kamala Harris,democratic-presidential-nominee-2028
2026-06-11,0.0775,Kamala Harris,democratic-presidential-nominee-2028
2026-06-12,0.0765,Kamala Harris,democratic-presidential-nominee-2028
2026-06-13,0.0745,Kamala Harris,democratic-presidential-nominee-2028
2026-06-14,0.0745,Kamala Harris,democratic-presidential-nominee-2028
2026-06-15,0.0735,Kamala Harris,democratic-presidential-nominee-2028
2026-06-16,0.0705,Kamala Harris,democratic-presidential-nominee-2028
2026-06-17,0.071,Kamala Harris,democratic-presidential-nominee-2028
2026-06-18,0.0715,Kamala Harris,democratic-presidential-nominee-2028
2026-06-19,0.0715,Kamala Harris,democratic-presidential-nominee-2028
2026-06-20,0.0715,Kamala Harris,democratic-presidential-nominee-2028
2026-06-21,0.0715,Kamala Harris,democratic-presidential-nominee-2028
2026-06-22,0.0715,Kamala Harris,democratic-presidential-nominee-2028
2026-06-23,0.0715,Kamala Harris,democratic-presidential-nominee-2028
2026-06-24,0.0715,Kamala Harris,democratic-presidential-nominee-2028
2026-06-25,0.0675,Kamala Harris,democratic-presidential-nominee-2028
2026-06-26,0.0665,Kamala Harris,democratic-presidential-nominee-2028
2026-06-27,0.0665,Kamala Harris,democratic-presidential-nominee-2028
2026-06-28,0.065,Kamala Harris,democratic-presidential-nominee-2028
2026-06-29,0.064,Kamala Harris,democratic-presidential-nominee-2028
2026-06-30,0.0635,Kamala Harris,democratic-presidential-nominee-2028
2026-07-01,0.063,Kamala Harris,democratic-presidential-nominee-2028
2026-07-02,0.061,Kamala Harris,democratic-presidential-nominee-2028
2026-07-03,0.0675,Kamala Harris,democratic-presidential-nominee-2028
2026-07-04,0.0685,Kamala Harris,democratic-presidential-nominee-2028
2026-07-05,0.0665,Kamala Harris,democratic-presidential-nominee-2028
2026-07-06,0.0675,Kamala Harris,democratic-presidential-nominee-2028
2026-07-07,0.066,Kamala Harris,democratic-presidential-nominee-2028
2026-07-08,0.0745,Kamala Harris,democratic-presidential-nominee-2028
2026-07-09,0.0735,Kamala Harris,democratic-presidential-nominee-2028
2026-07-10,0.0735,Kamala Harris,democratic-presidential-nominee-2028
2026-07-11,0.0735,Kamala Harris,democratic-presidential-nominee-2028
2026-07-12,0.0685,Kamala Harris,democratic-presidential-nominee-2028
2026-07-13,0.0695,Kamala Harris,democratic-presidential-nominee-2028
2026-07-14,0.0695,Kamala Harris,democratic-presidential-nominee-2028
2026-07-15,0.0695,Kamala Harris,democratic-presidential-nominee-2028
2026-07-16,0.069,Kamala Harris,democratic-presidential-nominee-2028
2026-07-17,0.0665,Kamala Harris,democratic-presidential-nominee-2028
2026-07-18,0.0675,Kamala Harris,democratic-presidential-nominee-2028
2026-07-19,0.0665,Kamala Harris,democratic-presidential-nominee-2028
2026-07-20,0.0675,Kamala Harris,democratic-presidential-nominee-2028
2026-07-21,0.0675,Kamala Harris,democratic-presidential-nominee-2028
2026-07-22,0.0695,Kamala Harris,democratic-presidential-nominee-2028
2026-07-23,0.0695,Kamala Harris,democratic-presidential-nominee-2028
2026-07-24,0.0695,Kamala Harris,democratic-presidential-nominee-2028
2026-07-25,0.0695,Kamala Harris,democratic-presidential-nominee-2028
2026-07-26,0.0865,Kamala Harris,democratic-presidential-nominee-2028
2026-07-27,0.0855,Kamala Harris,democratic-presidential-nominee-2028
2026-07-28,0.0875,Kamala Harris,democratic-presidential-nominee-2028
2026-07-30,0.0855,Kamala Harris,democratic-presidential-nominee-2028
2026-07-31,0.0845,Kamala Harris,democratic-presidential-nominee-2028
2026-08-01,0.0855,Kamala Harris,democratic-presidential-nominee-2028
2026-08-02,0.0855,Kamala Harris,democratic-presidential-nominee-2028
2026-08-03,0.0855,Kamala Harris,democratic-presidential-nominee-2028
2026-08-04,0.0855,Kamala Harris,democratic-presidential-nominee-2028
2026-08-05,0.0855,Kamala Harris,democratic-presidential-nominee-2028
2026-08-06,0.0785,Kamala Harris,democratic-presidential-nominee-2028
2026-08-07,0.0765,Kamala Harris,democratic-presidential-nominee-2028
2026-08-08,0.0755,Kamala Harris,democratic-presidential-nominee-2028
2026-08-09,0.0755,Kamala Harris,democratic-presidential-nominee-2028
2026-08-10,0.0755,Kamala Harris,democratic-presidential-nominee-2028
2026-08-11,0.0765,Kamala Harris,democratic-presidential-nominee-2028
2026-08-12,0.0755,Kamala Harris,democratic-presidential-nominee-2028
2026-08-13,0.0745,Kamala Harris,democratic-presidential-nominee-2028
2026-08-14,0.0745,Kamala Harris,democratic-presidential-nominee-2028
2026-08-15,0.0745,Kamala Harris,democratic-presidential-nominee-2028
2026-08-16,0.0745,Kamala Harris,democratic-presidential-nominee-2028
2026-08-17,0.0745,Kamala Harris,democratic-presidential-nominee-2028
2026-08-18,0.0745,Kamala Harris,democratic-presidential-nominee-2028
2026-08-19,0.0785,Kamala Harris,democratic-presidential-nominee-2028
2026-08-20,0.0745,Kamala Harris,democratic-presidential-nominee-2028
2026-08-21,0.0745,Kamala Harris,democratic-presidential-nominee-2028
2026-08-22,0.0745,Kamala Harris,democratic-presidential-nominee-2028
2026-08-23,0.0745,Kamala Harris,democratic-presidential-nominee-2028
2026-08-24,0.0745,Kamala Harris,democratic-presidential-nominee-2028
2026-08-25,0.0745,Kamala Harris,democratic-presidential-nominee-2028
2025-07-19,0.0415,Gretchen Whitmer,democratic-presidential-nominee-2028
2025-07-20,0.041,Gretchen Whitmer,democratic-presidential-nominee-2028
2025-07-21,0.041,Gretchen Whitmer,democratic-presidential-nominee-2028
2025-07-22,0.037,Gretchen Whitmer,democratic-presidential-nominee-2028
2025-07-23,0.037,Gretchen Whitmer,democratic-presidential-nominee-2028
2025-07-24,0.0365,Gretchen Whitmer,democratic-presidential-nominee-2028
2025-07-25,0.0385,Gretchen Whitmer,democratic-presidential-nominee-2028
2025-07-26,0.04,Gretchen Whitmer,democratic-presidential-nominee-2028
2025-07-27,0.044,Gretchen Whitmer,democratic-presidential-nominee-2028
2025-07-28,0.051,Gretchen Whitmer,democratic-presidential-nominee-2028
2025-07-29,0.048,Gretchen Whitmer,democratic-presidential-nominee-2028
2025-07-30,0.048,Gretchen Whitmer,democratic-presidential-nominee-2028
2025-07-31,0.0415,Gretchen Whitmer,democratic-presidential-nominee-2028
2025-08-01,0.0495,Gretchen Whitmer,democratic-presidential-nominee-2028
2025-08-02,0.047,Gretchen Whitmer,democratic-presidential-nominee-2028
2025-08-03,0.0525,Gretchen Whitmer,democratic-presidential-nominee-2028
2025-08-04,0.0525,Gretchen Whitmer,democratic-presidential-nominee-2028
2025-08-05,0.0535,Gretchen Whitmer,democratic-presidential-nominee-2028
2025-08-06,0.0525,Gretchen Whitmer,democratic-presidential-nominee-2028
2025-08-07,0.055,Gretchen Whitmer,democratic-presidential-nominee-2028
2025-08-08,0.057,Gretchen Whitmer,democratic-presidential-nominee-2028
2025-08-09,0.0565,Gretchen Whitmer,democratic-presidential-nominee-2028
2025-08-10,0.0565,Gretchen Whitmer,democratic-presidential-nominee-2028
2025-08-11,0.0505,Gretchen Whitmer,democratic-presidential-nominee-2028
2025-08-12,0.052,Gretchen Whitmer,democratic-presidential-nominee-2028
2025-08-13,0.0515,Gretchen Whitmer,democratic-presidential-nominee-2028
2025-08-14,0.0515,Gretchen Whitmer,democratic-presidential-nominee-2028
2025-08-15,0.051,Gretchen Whitmer,democratic-presidential-nominee-2028
2025-08-16,0.0445,Gretchen Whitmer,democratic-presidential-nominee-2028
2025-08-17,0.0495,Gretchen Whitmer,democratic-presidential-nominee-2028
2025-08-18,0.048,Gretchen Whitmer,democratic-presidential-nominee-2028
2025-08-19,0.0505,Gretchen Whitmer,democratic-presidential-nominee-2028
2025-08-20,0.0515,Gretchen Whitmer,democratic-presidential-nominee-2028
2025-08-21,0.051,Gretchen Whitmer,democratic-presidential-nominee-2028
2025-08-22,0.05,Gretchen Whitmer,democratic-presidential-nominee-2028
2025-08-23,0.0465,Gretchen Whitmer,democratic-presidential-nominee-2028
2025-08-24,0.048,Gretchen Whitmer,democratic-presidential-nominee-2028
2025-08-25,0.0475,Gretchen Whitmer,democratic-presidential-nominee-2028
2025-08-26,0.0455,Gretchen Whitmer,democratic-presidential-nominee-2028
2025-08-27,0.042,Gretchen Whitmer,democratic-presidential-nominee-2028
2025-08-28,0.0455,Gretchen Whitmer,democratic-presidential-nominee-2028
2025-08-29,0.0425,Gretchen Whitmer,democratic-presidential-nominee-2028
2025-08-30,0.041,Gretchen Whitmer,democratic-presidential-nominee-2028
2025-08-31,0.041,Gretchen Whitmer,democratic-presidential-nominee-2028
2025-09-01,0.043,Gretchen Whitmer,democratic-presidential-nominee-2028
2025-09-02,0.0415,Gretchen Whitmer,democratic-presidential-nominee-2028
2025-09-03,0.042,Gretchen Whitmer,democratic-presidential-nominee-2028
2025-09-04,0.045,Gretchen Whitmer,democratic-presidential-nominee-2028
2025-09-05,0.0425,Gretchen Whitmer,democratic-presidential-nominee-2028
2025-09-06,0.047,Gretchen Whitmer,democratic-presidential-nominee-2028
2025-09-07,0.0435,Gretchen Whitmer,democratic-presidential-nominee-2028
2025-09-08,0.0445,Gretchen Whitmer,democratic-presidential-nominee-2028
2025-09-09,0.045,Gretchen Whitmer,democratic-presidential-nominee-2028
2025-09-10,0.045,Gretchen Whitmer,democratic-presidential-nominee-2028
2025-09-11,0.044,Gretchen Whitmer,democratic-presidential-nominee-2028
2025-09-12,0.0445,Gretchen Whitmer,democratic-presidential-nominee-2028
2025-09-13,0.044,Gretchen Whitmer,democratic-presidential-nominee-2028
2025-09-14,0.0415,Gretchen Whitmer,democratic-presidential-nominee-2028
2025-09-15,0.042,Gretchen Whitmer,democratic-presidential-nominee-2028
2025-09-16,0.0425,Gretchen Whitmer,democratic-presidential-nominee-2028
2025-09-17,0.0375,Gretchen Whitmer,democratic-presidential-nominee-2028
2025-09-18,0.0375,Gretchen Whitmer,democratic-presidential-nominee-2028
2025-09-19,0.0365,Gretchen Whitmer,democratic-presidential-nominee-2028
2025-09-20,0.0345,Gretchen Whitmer,democratic-presidential-nominee-2028
2025-09-21,0.0335,Gretchen Whitmer,democratic-presidential-nominee-2028
2025-09-22,0.0395,Gretchen Whitmer,democratic-presidential-nominee-2028
2025-09-23,0.0395,Gretchen Whitmer,democratic-presidential-nominee-2028
2025-09-24,0.0385,Gretchen Whitmer,democratic-presidential-nominee-2028
2025-09-25,0.0375,Gretchen Whitmer,democratic-presidential-nominee-2028
2025-09-26,0.0365,Gretchen Whitmer,democratic-presidential-nominee-2028
2025-09-27,0.0345,Gretchen Whitmer,democratic-presidential-nominee-2028
2025-09-28,0.0325,Gretchen Whitmer,democratic-presidential-nominee-2028
2025-09-29,0.0315,Gretchen Whitmer,democratic-presidential-nominee-2028
2025-09-30,0.0305,Gretchen Whitmer,democratic-presidential-nominee-2028
2025-10-01,0.0305,Gretchen Whitmer,democratic-presidential-nominee-2028
2025-10-02,0.032,Gretchen Whitmer,democratic-presidential-nominee-2028
2025-10-03,0.032,Gretchen Whitmer,democratic-presidential-nominee-2028
2025-10-04,0.031,Gretchen Whitmer,democratic-presidential-nominee-2028
2025-10-05,0.0295,Gretchen Whitmer,democratic-presidential-nominee-2028
2025-10-06,0.0285,Gretchen Whitmer,democratic-presidential-nominee-2028
2025-10-07,0.0275,Gretchen Whitmer,democratic-presidential-nominee-2028
2025-10-08,0.0275,Gretchen Whitmer,democratic-presidential-nominee-2028
2025-10-09,0.029,Gretchen Whitmer,democratic-presidential-nominee-2028
2025-10-10,0.029,Gretchen Whitmer,democratic-presidential-nominee-2028
2025-10-11,0.028,Gretchen Whitmer,democratic-presidential-nominee-2028
2025-10-12,0.0305,Gretchen Whitmer,democratic-presidential-nominee-2028
2025-10-13,0.026,Gretchen Whitmer,democratic-presidential-nominee-2028
2025-10-14,0.0245,Gretchen Whitmer,democratic-presidential-nominee-2028
2025-10-15,0.0215,Gretchen Whitmer,democratic-presidential-nominee-2028
2025-10-16,0.022,Gretchen Whitmer,democratic-presidential-nominee-2028
2025-10-17,0.021,Gretchen Whitmer,democratic-presidential-nominee-2028
2025-10-18,0.0225,Gretchen Whitmer,democratic-presidential-nominee-2028
2025-10-19,0.0225,Gretchen Whitmer,democratic-presidential-nominee-2028
2025-10-20,0.0225,Gretchen Whitmer,democratic-presidential-nominee-2028
2025-10-21,0.0225,Gretchen Whitmer,democratic-presidential-nominee-2028
2025-10-22,0.022,Gretchen Whitmer,democratic-presidential-nominee-2028
2025-10-23,0.0195,Gretchen Whitmer,democratic-presidential-nominee-2028
2025-10-24,0.0195,Gretchen Whitmer,democratic-presidential-nominee-2028
2025-10-25,0.0195,Gretchen Whitmer,democratic-presidential-nominee-2028
2025-10-26,0.0155,Gretchen Whitmer,democratic-presidential-nominee-2028
2025-10-27,0.0145,Gretchen Whitmer,democratic-presidential-nominee-2028
2025-10-28,0.0115,Gretchen Whitmer,democratic-presidential-nominee-2028
2025-10-29,0.0115,Gretchen Whitmer,democratic-presidential-nominee-2028
2025-10-30,0.0105,Gretchen Whitmer,democratic-presidential-nominee-2028
2025-10-31,0.0105,Gretchen Whitmer,democratic-presidential-nominee-2028
2025-11-01,0.0125,Gretchen Whitmer,democratic-presidential-nominee-2028
2025-11-02,0.0135,Gretchen Whitmer,democratic-presidential-nominee-2028
2025-11-03,0.0125,Gretchen Whitmer,democratic-presidential-nominee-2028
2025-11-04,0.0125,Gretchen Whitmer,democratic-presidential-nominee-2028
2025-11-05,0.015,Gretchen Whitmer,democratic-presidential-nominee-2028
2025-11-06,0.014,Gretchen Whitmer,democratic-presidential-nominee-2028
2025-11-07,0.014,Gretchen Whitmer,democratic-presidential-nominee-2028
2025-11-08,0.014,Gretchen Whitmer,democratic-presidential-nominee-2028
2025-11-09,0.0135,Gretchen Whitmer,democratic-presidential-nominee-2028
2025-11-10,0.0145,Gretchen Whitmer,democratic-presidential-nominee-2028
2025-11-11,0.014,Gretchen Whitmer,democratic-presidential-nominee-2028
2025-11-12,0.0135,Gretchen Whitmer,democratic-presidential-nominee-2028
2025-11-13,0.0145,Gretchen Whitmer,democratic-presidential-nominee-2028
2025-11-14,0.0145,Gretchen Whitmer,democratic-presidential-nominee-2028
2025-11-15,0.015,Gretchen Whitmer,democratic-presidential-nominee-2028
2025-11-16,0.0155,Gretchen Whitmer,democratic-presidential-nominee-2028
2025-11-17,0.0165,Gretchen Whitmer,democratic-presidential-nominee-2028
2025-11-18,0.016,Gretchen Whitmer,democratic-presidential-nominee-2028
2025-11-19,0.0145,Gretchen Whitmer,democratic-presidential-nominee-2028
2025-11-20,0.0155,Gretchen Whitmer,democratic-presidential-nominee-2028
2025-11-21,0.015,Gretchen Whitmer,democratic-presidential-nominee-2028
2025-11-22,0.0155,Gretchen Whitmer,democratic-presidential-nominee-2028
2025-11-23,0.016,Gretchen Whitmer,democratic-presidential-nominee-2028
2025-11-24,0.016,Gretchen Whitmer,democratic-presidential-nominee-2028
2025-11-25,0.0165,Gretchen Whitmer,democratic-presidential-nominee-2028
2025-11-26,0.015,Gretchen Whitmer,democratic-presidential-nominee-2028
2025-11-27,0.016,Gretchen Whitmer,democratic-presidential-nominee-2028
2025-11-28,0.0175,Gretchen Whitmer,democratic-presidential-nominee-2028
2025-11-29,0.017,Gretchen Whitmer,democratic-presidential-nominee-2028
2025-11-30,0.0175,Gretchen Whitmer,democratic-presidential-nominee-2028
2025-12-01,0.017,Gretchen Whitmer,democratic-presidential-nominee-2028
2025-12-02,0.0175,Gretchen Whitmer,democratic-presidential-nominee-2028
2025-12-03,0.0165,Gretchen Whitmer,democratic-presidential-nominee-2028
2025-12-04,0.0185,Gretchen Whitmer,democratic-presidential-nominee-2028
2025-12-05,0.019,Gretchen Whitmer,democratic-presidential-nominee-2028
2025-12-06,0.0195,Gretchen Whitmer,democratic-presidential-nominee-2028
2025-12-07,0.021,Gretchen Whitmer,democratic-presidential-nominee-2028
2025-12-08,0.021,Gretchen Whitmer,democratic-presidential-nominee-2028
2025-12-09,0.0225,Gretchen Whitmer,democratic-presidential-nominee-2028
2025-12-10,0.0215,Gretchen Whitmer,democratic-presidential-nominee-2028
2025-12-11,0.0205,Gretchen Whitmer,democratic-presidential-nominee-2028
2025-12-12,0.0225,Gretchen Whitmer,democratic-presidential-nominee-2028
2025-12-13,0.0255,Gretchen Whitmer,democratic-presidential-nominee-2028
2025-12-14,0.0245,Gretchen Whitmer,democratic-presidential-nominee-2028
2025-12-15,0.0215,Gretchen Whitmer,democratic-presidential-nominee-2028
2025-12-16,0.022,Gretchen Whitmer,democratic-presidential-nominee-2028
2025-12-17,0.0195,Gretchen Whitmer,democratic-presidential-nominee-2028
2025-12-18,0.0175,Gretchen Whitmer,democratic-presidential-nominee-2028
2025-12-19,0.021,Gretchen Whitmer,democratic-presidential-nominee-2028
2025-12-20,0.0205,Gretchen Whitmer,democratic-presidential-nominee-2028
2025-12-21,0.02,Gretchen Whitmer,democratic-presidential-nominee-2028
2025-12-22,0.0205,Gretchen Whitmer,democratic-presidential-nominee-2028
2025-12-23,0.0225,Gretchen Whitmer,democratic-presidential-nominee-2028
2025-12-24,0.0195,Gretchen Whitmer,democratic-presidential-nominee-2028
2025-12-25,0.0205,Gretchen Whitmer,democratic-presidential-nominee-2028
2025-12-26,0.0195,Gretchen Whitmer,democratic-presidential-nominee-2028
2025-12-27,0.0195,Gretchen Whitmer,democratic-presidential-nominee-2028
2025-12-28,0.0185,Gretchen Whitmer,democratic-presidential-nominee-2028
2025-12-29,0.0185,Gretchen Whitmer,democratic-presidential-nominee-2028
2025-12-30,0.0185,Gretchen Whitmer,democratic-presidential-nominee-2028
2025-12-31,0.0195,Gretchen Whitmer,democratic-presidential-nominee-2028
2026-01-01,0.0185,Gretchen Whitmer,democratic-presidential-nominee-2028
2026-01-02,0.0185,Gretchen Whitmer,democratic-presidential-nominee-2028
2026-01-03,0.018,Gretchen Whitmer,democratic-presidential-nominee-2028
2026-01-04,0.018,Gretchen Whitmer,democratic-presidential-nominee-2028
2026-01-05,0.0175,Gretchen Whitmer,democratic-presidential-nominee-2028
2026-01-06,0.0175,Gretchen Whitmer,democratic-presidential-nominee-2028
2026-01-07,0.0175,Gretchen Whitmer,democratic-presidential-nominee-2028
2026-01-08,0.0165,Gretchen Whitmer,democratic-presidential-nominee-2028
2026-01-09,0.018,Gretchen Whitmer,democratic-presidential-nominee-2028
2026-01-10,0.0175,Gretchen Whitmer,democratic-presidential-nominee-2028
2026-01-11,0.0175,Gretchen Whitmer,democratic-presidential-nominee-2028
2026-01-12,0.0165,Gretchen Whitmer,democratic-presidential-nominee-2028
2026-01-13,0.0175,Gretchen Whitmer,democratic-presidential-nominee-2028
2026-01-14,0.0195,Gretchen Whitmer,democratic-presidential-nominee-2028
2026-01-15,0.0195,Gretchen Whitmer,democratic-presidential-nominee-2028
2026-01-16,0.0195,Gretchen Whitmer,democratic-presidential-nominee-2028
2026-01-17,0.02,Gretchen Whitmer,democratic-presidential-nominee-2028
2026-01-18,0.0205,Gretchen Whitmer,democratic-presidential-nominee-2028
2026-01-19,0.0205,Gretchen Whitmer,democratic-presidential-nominee-2028
2026-01-20,0.0175,Gretchen Whitmer,democratic-presidential-nominee-2028
2026-01-21,0.0205,Gretchen Whitmer,democratic-presidential-nominee-2028
2026-01-22,0.0175,Gretchen Whitmer,democratic-presidential-nominee-2028
2026-01-23,0.0195,Gretchen Whitmer,democratic-presidential-nominee-2028
2026-01-24,0.02,Gretchen Whitmer,democratic-presidential-nominee-2028
2026-01-25,0.02,Gretchen Whitmer,democratic-presidential-nominee-2028
2026-01-26,0.0195,Gretchen Whitmer,democratic-presidential-nominee-2028
2026-01-27,0.0195,Gretchen Whitmer,democratic-presidential-nominee-2028
2026-01-28,0.0175,Gretchen Whitmer,democratic-presidential-nominee-2028
2026-01-29,0.017,Gretchen Whitmer,democratic-presidential-nominee-2028
2026-01-30,0.018,Gretchen Whitmer,democratic-presidential-nominee-2028
2026-01-31,0.0165,Gretchen Whitmer,democratic-presidential-nominee-2028
2026-02-01,0.0155,Gretchen Whitmer,democratic-presidential-nominee-2028
2026-02-02,0.0155,Gretchen Whitmer,democratic-presidential-nominee-2028
2026-02-03,0.0165,Gretchen Whitmer,democratic-presidential-nominee-2028
2026-02-04,0.0175,Gretchen Whitmer,democratic-presidential-nominee-2028
2026-02-05,0.0175,Gretchen Whitmer,democratic-presidential-nominee-2028
2026-02-06,0.0175,Gretchen Whitmer,democratic-presidential-nominee-2028
2026-02-07,0.0175,Gretchen Whitmer,democratic-presidential-nominee-2028
2026-02-08,0.0225,Gretchen Whitmer,democratic-presidential-nominee-2028
2026-02-09,0.0245,Gretchen Whitmer,democratic-presidential-nominee-2028
2026-02-10,0.0245,Gretchen Whitmer,democratic-presidential-nominee-2028
2026-02-11,0.0245,Gretchen Whitmer,democratic-presidential-nominee-2028
2026-02-12,0.0275,Gretchen Whitmer,democratic-presidential-nominee-2028
2026-02-13,0.0285,Gretchen Whitmer,democratic-presidential-nominee-2028
2026-02-14,0.0255,Gretchen Whitmer,democratic-presidential-nominee-2028
2026-02-15,0.0245,Gretchen Whitmer,democratic-presidential-nominee-2028
2026-02-16,0.0245,Gretchen Whitmer,democratic-presidential-nominee-2028
2026-02-17,0.0205,Gretchen Whitmer,democratic-presidential-nominee-2028
2026-02-18,0.025,Gretchen Whitmer,democratic-presidential-nominee-2028
2026-02-19,0.024,Gretchen Whitmer,democratic-presidential-nominee-2028
2026-02-20,0.0235,Gretchen Whitmer,democratic-presidential-nominee-2028
2026-02-21,0.0215,Gretchen Whitmer,democratic-presidential-nominee-2028
2026-02-22,0.0225,Gretchen Whitmer,democratic-presidential-nominee-2028
2026-02-23,0.022,Gretchen Whitmer,democratic-presidential-nominee-2028
2026-02-24,0.0215,Gretchen Whitmer,democratic-presidential-nominee-2028
2026-02-25,0.0205,Gretchen Whitmer,democratic-presidential-nominee-2028
2026-02-26,0.0205,Gretchen Whitmer,democratic-presidential-nominee-2028
2026-02-27,0.0205,Gretchen Whitmer,democratic-presidential-nominee-2028
2026-02-28,0.0195,Gretchen Whitmer,democratic-presidential-nominee-2028
2026-03-02,0.0165,Gretchen Whitmer,democratic-presidential-nominee-2028
2026-03-03,0.0175,Gretchen Whitmer,democratic-presidential-nominee-2028
2026-03-04,0.0155,Gretchen Whitmer,democratic-presidential-nominee-2028
2026-03-05,0.0165,Gretchen Whitmer,democratic-presidential-nominee-2028
2026-03-06,0.0165,Gretchen Whitmer,democratic-presidential-nominee-2028
2026-03-07,0.0155,Gretchen Whitmer,democratic-presidential-nominee-2028
2026-03-08,0.0165,Gretchen Whitmer,democratic-presidential-nominee-2028
2026-03-09,0.0165,Gretchen Whitmer,democratic-presidential-nominee-2028
2026-03-10,0.0165,Gretchen Whitmer,democratic-presidential-nominee-2028
2026-03-11,0.015,Gretchen Whitmer,democratic-presidential-nominee-2028
2026-03-12,0.014,Gretchen Whitmer,democratic-presidential-nominee-2028
2026-03-14,0.0145,Gretchen Whitmer,democratic-presidential-nominee-2028
2026-03-17,0.014,Gretchen Whitmer,democratic-presidential-nominee-2028
2026-03-18,0.016,Gretchen Whitmer,democratic-presidential-nominee-2028
2026-03-20,0.015,Gretchen Whitmer,democratic-presidential-nominee-2028
2026-03-21,0.0165,Gretchen Whitmer,democratic-presidential-nominee-2028
2026-03-22,0.0155,Gretchen Whitmer,democratic-presidential-nominee-2028
2026-03-23,0.0155,Gretchen Whitmer,democratic-presidential-nominee-2028
2026-03-24,0.0155,Gretchen Whitmer,democratic-presidential-nominee-2028
2026-03-25,0.0155,Gretchen Whitmer,democratic-presidential-nominee-2028
2026-03-26,0.0155,Gretchen Whitmer,democratic-presidential-nominee-2028
2026-03-27,0.0155,Gretchen Whitmer,democratic-presidential-nominee-2028
2026-03-28,0.0145,Gretchen Whitmer,democratic-presidential-nominee-2028
2026-03-29,0.0145,Gretchen Whitmer,democratic-presidential-nominee-2028
2026-03-30,0.014,Gretchen Whitmer,democratic-presidential-nominee-2028
2026-03-31,0.0145,Gretchen Whitmer,democratic-presidential-nominee-2028
2026-04-01,0.0155,Gretchen Whitmer,democratic-presidential-nominee-2028
2026-04-02,0.0145,Gretchen Whitmer,democratic-presidential-nominee-2028
2026-04-03,0.0145,Gretchen Whitmer,democratic-presidential-nominee-2028
2026-04-04,0.0125,Gretchen Whitmer,democratic-presidential-nominee-2028
2026-04-07,0.0125,Gretchen Whitmer,democratic-presidential-nominee-2028
2026-04-09,0.0125,Gretchen Whitmer,democratic-presidential-nominee-2028
2026-04-13,0.0125,Gretchen Whitmer,democratic-presidential-nominee-2028
2026-04-15,0.0115,Gretchen Whitmer,democratic-presidential-nominee-2028
2026-04-17,0.0125,Gretchen Whitmer,democratic-presidential-nominee-2028
2026-04-19,0.0125,Gretchen Whitmer,democratic-presidential-nominee-2028
2026-04-20,0.0135,Gretchen Whitmer,democratic-presidential-nominee-2028
2026-04-21,0.0125,Gretchen Whitmer,democratic-presidential-nominee-2028
2026-04-22,0.0125,Gretchen Whitmer,democratic-presidential-nominee-2028
2026-04-23,0.0125,Gretchen Whitmer,democratic-presidential-nominee-2028
2026-04-24,0.0125,Gretchen Whitmer,democratic-presidential-nominee-2028
2026-04-25,0.0135,Gretchen Whitmer,democratic-presidential-nominee-2028
2026-04-26,0.0125,Gretchen Whitmer,democratic-presidential-nominee-2028
2026-04-27,0.0135,Gretchen Whitmer,democratic-presidential-nominee-2028
2026-04-28,0.0125,Gretchen Whitmer,democratic-presidential-nominee-2028
2026-04-29,0.0135,Gretchen Whitmer,democratic-presidential-nominee-2028
2026-04-30,0.0135,Gretchen Whitmer,democratic-presidential-nominee-2028
2026-05-01,0.0135,Gretchen Whitmer,democratic-presidential-nominee-2028
2026-05-02,0.0135,Gretchen Whitmer,democratic-presidential-nominee-2028
2026-05-03,0.0135,Gretchen Whitmer,democratic-presidential-nominee-2028
2026-05-04,0.0135,Gretchen Whitmer,democratic-presidential-nominee-2028
2026-05-05,0.0135,Gretchen Whitmer,democratic-presidential-nominee-2028
2026-05-06,0.0135,Gretchen Whitmer,democratic-presidential-nominee-2028
2026-05-07,0.0125,Gretchen Whitmer,democratic-presidential-nominee-2028
2026-05-08,0.0125,Gretchen Whitmer,democratic-presidential-nominee-2028
2026-05-09,0.0125,Gretchen Whitmer,democratic-presidential-nominee-2028
2026-05-10,0.0125,Gretchen Whitmer,democratic-presidential-nominee-2028
2026-05-11,0.0125,Gretchen Whitmer,democratic-presidential-nominee-2028
2026-05-12,0.0125,Gretchen Whitmer,democratic-presidential-nominee-2028
2026-05-13,0.0125,Gretchen Whitmer,democratic-presidential-nominee-2028
2026-05-14,0.0115,Gretchen Whitmer,democratic-presidential-nominee-2028
2026-05-15,0.0115,Gretchen Whitmer,democratic-presidential-nominee-2028
2026-05-16,0.011,Gretchen Whitmer,democratic-presidential-nominee-2028
2026-05-17,0.0115,Gretchen Whitmer,democratic-presidential-nominee-2028
2026-05-18,0.0115,Gretchen Whitmer,democratic-presidential-nominee-2028
2026-05-19,0.0115,Gretchen Whitmer,democratic-presidential-nominee-2028
2026-05-20,0.0125,Gretchen Whitmer,democratic-presidential-nominee-2028
2026-05-21,0.0125,Gretchen Whitmer,democratic-presidential-nominee-2028
2026-05-22,0.0125,Gretchen Whitmer,democratic-presidential-nominee-2028
2026-05-23,0.0125,Gretchen Whitmer,democratic-presidential-nominee-2028
2026-05-24,0.0125,Gretchen Whitmer,democratic-presidential-nominee-2028
2026-05-25,0.0125,Gretchen Whitmer,democratic-presidential-nominee-2028
2026-05-26,0.0125,Gretchen Whitmer,democratic-presidential-nominee-2028
2026-05-27,0.0115,Gretchen Whitmer,democratic-presidential-nominee-2028
2026-05-28,0.0115,Gretchen Whitmer,democratic-presidential-nominee-2028
2026-05-29,0.0105,Gretchen Whitmer,democratic-presidential-nominee-2028
2026-05-30,0.0105,Gretchen Whitmer,democratic-presidential-nominee-2028
2026-05-31,0.0105,Gretchen Whitmer,democratic-presidential-nominee-2028
2026-06-01,0.0105,Gretchen Whitmer,democratic-presidential-nominee-2028
2026-06-02,0.0095,Gretchen Whitmer,democratic-presidential-nominee-2028
2026-06-03,0.0095,Gretchen Whitmer,democratic-presidential-nominee-2028
2026-06-04,0.0095,Gretchen Whitmer,democratic-presidential-nominee-2028
2026-06-05,0.0095,Gretchen Whitmer,democratic-presidential-nominee-2028
2026-06-06,0.0095,Gretchen Whitmer,democratic-presidential-nominee-2028
2026-06-07,0.0095,Gretchen Whitmer,democratic-presidential-nominee-2028
2026-06-08,0.0095,Gretchen Whitmer,democratic-presidential-nominee-2028
2026-06-09,0.0095,Gretchen Whitmer,democratic-presidential-nominee-2028
2026-06-10,0.0085,Gretchen Whitmer,democratic-presidential-nominee-2028
2026-06-11,0.0085,Gretchen Whitmer,democratic-presidential-nominee-2028
2026-06-12,0.0085,Gretchen Whitmer,democratic-presidential-nominee-2028
2026-06-13,0.0085,Gretchen Whitmer,democratic-presidential-nominee-2028
2026-06-14,0.0085,Gretchen Whitmer,democratic-presidential-nominee-2028
2026-06-15,0.0085,Gretchen Whitmer,democratic-presidential-nominee-2028
2026-06-16,0.0085,Gretchen Whitmer,democratic-presidential-nominee-2028
2026-06-17,0.0085,Gretchen Whitmer,democratic-presidential-nominee-2028
2026-06-18,0.0085,Gretchen Whitmer,democratic-presidential-nominee-2028
2026-06-19,0.0085,Gretchen Whitmer,democratic-presidential-nominee-2028
2026-06-20,0.0085,Gretchen Whitmer,democratic-presidential-nominee-2028
2026-06-21,0.0085,Gretchen Whitmer,democratic-presidential-nominee-2028
2026-06-22,0.0085,Gretchen Whitmer,democratic-presidential-nominee-2028
2026-06-23,0.0085,Gretchen Whitmer,democratic-presidential-nominee-2028
2026-06-24,0.0085,Gretchen Whitmer,democratic-presidential-nominee-2028
2026-06-25,0.0085,Gretchen Whitmer,democratic-presidential-nominee-2028
2026-06-26,0.0085,Gretchen Whitmer,democratic-presidential-nominee-2028
2026-06-27,0.0085,Gretchen Whitmer,democratic-presidential-nominee-2028
2026-06-28,0.0085,Gretchen Whitmer,democratic-presidential-nominee-2028
2026-06-29,0.0085,Gretchen Whitmer,democratic-presidential-nominee-2028
2026-06-30,0.0085,Gretchen Whitmer,democratic-presidential-nominee-2028
2026-07-01,0.0085,Gretchen Whitmer,democratic-presidential-nominee-2028
2026-07-02,0.0085,Gretchen Whitmer,democratic-presidential-nominee-2028
2026-07-03,0.0085,Gretchen Whitmer,democratic-presidential-nominee-2028
2026-07-04,0.0085,Gretchen Whitmer,democratic-presidential-nominee-2028
2026-07-05,0.0085,Gretchen Whitmer,democratic-presidential-nominee-2028
2026-07-06,0.0085,Gretchen Whitmer,democratic-presidential-nominee-2028
2026-07-07,0.0085,Gretchen Whitmer,democratic-presidential-nominee-2028
2026-07-08,0.0085,Gretchen Whitmer,democratic-presidential-nominee-2028
2026-07-09,0.0085,Gretchen Whitmer,democratic-presidential-nominee-2028
2026-07-10,0.0085,Gretchen Whitmer,democratic-presidential-nominee-2028
2026-07-11,0.0075,Gretchen Whitmer,democratic-presidential-nominee-2028
2026-07-12,0.0075,Gretchen Whitmer,democratic-presidential-nominee-2028
2026-07-13,0.0075,Gretchen Whitmer,democratic-presidential-nominee-2028
2026-07-14,0.0075,Gretchen Whitmer,democratic-presidential-nominee-2028
2026-07-15,0.007,Gretchen Whitmer,democratic-presidential-nominee-2028
2026-07-16,0.0065,Gretchen Whitmer,democratic-presidential-nominee-2028
2026-07-17,0.0065,Gretchen Whitmer,democratic-presidential-nominee-2028
2026-07-18,0.0065,Gretchen Whitmer,democratic-presidential-nominee-2028
2026-07-19,0.0055,Gretchen Whitmer,democratic-presidential-nominee-2028
2026-07-20,0.0065,Gretchen Whitmer,democratic-presidential-nominee-2028
2026-07-21,0.0055,Gretchen Whitmer,democratic-presidential-nominee-2028
2026-07-22,0.0175,Gretchen Whitmer,democratic-presidential-nominee-2028
2026-07-23,0.0165,Gretchen Whitmer,democratic-presidential-nominee-2028
2026-07-24,0.0165,Gretchen Whitmer,democratic-presidential-nominee-2028
2026-07-25,0.0165,Gretchen Whitmer,democratic-presidential-nominee-2028
2026-07-26,0.0165,Gretchen Whitmer,democratic-presidential-nominee-2028
2026-07-27,0.0155,Gretchen Whitmer,democratic-presidential-nominee-2028
2026-07-28,0.0155,Gretchen Whitmer,democratic-presidential-nominee-2028
2026-07-29,0.0155,Gretchen Whitmer,democratic-presidential-nominee-2028
2026-07-30,0.0155,Gretchen Whitmer,democratic-presidential-nominee-2028
2026-07-31,0.0145,Gretchen Whitmer,democratic-presidential-nominee-2028
2026-08-01,0.0145,Gretchen Whitmer,democratic-presidential-nominee-2028
2026-08-02,0.0145,Gretchen Whitmer,democratic-presidential-nominee-2028
2026-08-03,0.0145,Gretchen Whitmer,democratic-presidential-nominee-2028
2026-08-04,0.0145,Gretchen Whitmer,democratic-presidential-nominee-2028
2026-08-05,0.0145,Gretchen Whitmer,democratic-presidential-nominee-2028
2026-08-06,0.0125,Gretchen Whitmer,democratic-presidential-nominee-2028
2026-08-07,0.0125,Gretchen Whitmer,democratic-presidential-nominee-2028
2026-08-08,0.0125,Gretchen Whitmer,democratic-presidential-nominee-2028
2026-08-09,0.0125,Gretchen Whitmer,democratic-presidential-nominee-2028
2026-08-10,0.0115,Gretchen Whitmer,democratic-presidential-nominee-2028
2026-08-11,0.0115,Gretchen Whitmer,democratic-presidential-nominee-2028
2026-08-12,0.0115,Gretchen Whitmer,democratic-presidential-nominee-2028
2026-08-13,0.0105,Gretchen Whitmer,democratic-presidential-nominee-2028
2026-08-14,0.0095,Gretchen Whitmer,democratic-presidential-nominee-2028
2026-08-15,0.0075,Gretchen Whitmer,democratic-presidential-nominee-2028
2026-08-16,0.009,Gretchen Whitmer,democratic-presidential-nominee-2028
2026-08-17,0.009,Gretchen Whitmer,democratic-presidential-nominee-2028
2026-08-18,0.0085,Gretchen Whitmer,democratic-presidential-nominee-2028
2026-08-19,0.0085,Gretchen Whitmer,democratic-presidential-nominee-2028
2026-08-20,0.0085,Gretchen Whitmer,democratic-presidential-nominee-2028
2026-08-21,0.0085,Gretchen Whitmer,democratic-presidential-nominee-2028
2026-08-22,0.0085,Gretchen Whitmer,democratic-presidential-nominee-2028
2026-08-23,0.0075,Gretchen Whitmer,democratic-presidential-nominee-2028
2026-08-24,0.0075,Gretchen Whitmer,democratic-presidential-nominee-2028
2026-08-25,0.0075,Gretchen Whitmer,democratic-presidential-nominee-2028
2025-07-19,0.03,Andy Beshear,democratic-presidential-nominee-2028
2025-07-20,0.0345,Andy Beshear,democratic-presidential-nominee-2028
2025-07-21,0.0345,Andy Beshear,democratic-presidential-nominee-2028
2025-07-22,0.036,Andy Beshear,democratic-presidential-nominee-2028
2025-07-23,0.039,Andy Beshear,democratic-presidential-nominee-2028
2025-07-24,0.0425,Andy Beshear,democratic-presidential-nominee-2028
2025-07-25,0.042,Andy Beshear,democratic-presidential-nominee-2028
2025-07-26,0.0425,Andy Beshear,democratic-presidential-nominee-2028
2025-07-27,0.0855,Andy Beshear,democratic-presidential-nominee-2028
2025-07-28,0.0735,Andy Beshear,democratic-presidential-nominee-2028
2025-07-29,0.074,Andy Beshear,democratic-presidential-nominee-2028
2025-07-30,0.0735,Andy Beshear,democratic-presidential-nominee-2028
2025-07-31,0.0995,Andy Beshear,democratic-presidential-nominee-2028
2025-08-01,0.082,Andy Beshear,democratic-presidential-nominee-2028
2025-08-02,0.0795,Andy Beshear,democratic-presidential-nominee-2028
2025-08-03,0.068,Andy Beshear,democratic-presidential-nominee-2028
2025-08-04,0.066,Andy Beshear,democratic-presidential-nominee-2028
2025-08-05,0.0575,Andy Beshear,democratic-presidential-nominee-2028
2025-08-06,0.064,Andy Beshear,democratic-presidential-nominee-2028
2025-08-07,0.063,Andy Beshear,democratic-presidential-nominee-2028
2025-08-08,0.063,Andy Beshear,democratic-presidential-nominee-2028
2025-08-09,0.0625,Andy Beshear,democratic-presidential-nominee-2028
2025-08-10,0.0645,Andy Beshear,democratic-presidential-nominee-2028
2025-08-11,0.063,Andy Beshear,democratic-presidential-nominee-2028
2025-08-12,0.062,Andy Beshear,democratic-presidential-nominee-2028
2025-08-13,0.06,Andy Beshear,democratic-presidential-nominee-2028
2025-08-14,0.057,Andy Beshear,democratic-presidential-nominee-2028
2025-08-15,0.056,Andy Beshear,democratic-presidential-nominee-2028
2025-08-16,0.048,Andy Beshear,democratic-presidential-nominee-2028
2025-08-17,0.052,Andy Beshear,democratic-presidential-nominee-2028
2025-08-18,0.054,Andy Beshear,democratic-presidential-nominee-2028
2025-08-19,0.057,Andy Beshear,democratic-presidential-nominee-2028
2025-08-20,0.057,Andy Beshear,democratic-presidential-nominee-2028
2025-08-21,0.058,Andy Beshear,democratic-presidential-nominee-2028
2025-08-22,0.055,Andy Beshear,democratic-presidential-nominee-2028
2025-08-23,0.0505,Andy Beshear,democratic-presidential-nominee-2028
2025-08-24,0.0515,Andy Beshear,democratic-presidential-nominee-2028
2025-08-25,0.0515,Andy Beshear,democratic-presidential-nominee-2028
2025-08-26,0.0485,Andy Beshear,democratic-presidential-nominee-2028
2025-08-27,0.0505,Andy Beshear,democratic-presidential-nominee-2028
2025-08-28,0.049,Andy Beshear,democratic-presidential-nominee-2028
2025-08-29,0.0495,Andy Beshear,democratic-presidential-nominee-2028
2025-08-30,0.0485,Andy Beshear,democratic-presidential-nominee-2028
2025-08-31,0.049,Andy Beshear,democratic-presidential-nominee-2028
2025-09-01,0.052,Andy Beshear,democratic-presidential-nominee-2028
2025-09-02,0.052,Andy Beshear,democratic-presidential-nominee-2028
2025-09-03,0.0515,Andy Beshear,democratic-presidential-nominee-2028
2025-09-04,0.051,Andy Beshear,democratic-presidential-nominee-2028
2025-09-05,0.0515,Andy Beshear,democratic-presidential-nominee-2028
2025-09-06,0.052,Andy Beshear,democratic-presidential-nominee-2028
2025-09-07,0.0465,Andy Beshear,democratic-presidential-nominee-2028
2025-09-08,0.0455,Andy Beshear,democratic-presidential-nominee-2028
2025-09-09,0.0405,Andy Beshear,democratic-presidential-nominee-2028
2025-09-10,0.0405,Andy Beshear,democratic-presidential-nominee-2028
2025-09-11,0.0405,Andy Beshear,democratic-presidential-nominee-2028
2025-09-12,0.041,Andy Beshear,democratic-presidential-nominee-2028
2025-09-13,0.0405,Andy Beshear,democratic-presidential-nominee-2028
2025-09-14,0.0405,Andy Beshear,democratic-presidential-nominee-2028
2025-09-15,0.0405,Andy Beshear,democratic-presidential-nominee-2028
2025-09-16,0.0405,Andy Beshear,democratic-presidential-nominee-2028
2025-09-17,0.038,Andy Beshear,democratic-presidential-nominee-2028
2025-09-18,0.0365,Andy Beshear,democratic-presidential-nominee-2028
2025-09-19,0.036,Andy Beshear,democratic-presidential-nominee-2028
2025-09-20,0.036,Andy Beshear,democratic-presidential-nominee-2028
2025-09-21,0.0365,Andy Beshear,democratic-presidential-nominee-2028
2025-09-22,0.037,Andy Beshear,democratic-presidential-nominee-2028
2025-09-23,0.036,Andy Beshear,democratic-presidential-nominee-2028
2025-09-24,0.037,Andy Beshear,democratic-presidential-nominee-2028
2025-09-25,0.0365,Andy Beshear,democratic-presidential-nominee-2028
2025-09-26,0.0365,Andy Beshear,democratic-presidential-nominee-2028
2025-09-27,0.037,Andy Beshear,democratic-presidential-nominee-2028
2025-09-28,0.0365,Andy Beshear,democratic-presidential-nominee-2028
2025-09-29,0.035,Andy Beshear,democratic-presidential-nominee-2028
2025-09-30,0.0365,Andy Beshear,democratic-presidential-nominee-2028
2025-10-01,0.0365,Andy Beshear,democratic-presidential-nominee-2028
2025-10-02,0.0365,Andy Beshear,democratic-presidential-nominee-2028
2025-10-03,0.037,Andy Beshear,democratic-presidential-nominee-2028
2025-10-04,0.0355,Andy Beshear,democratic-presidential-nominee-2028
2025-10-05,0.036,Andy Beshear,democratic-presidential-nominee-2028
2025-10-06,0.0335,Andy Beshear,democratic-presidential-nominee-2028
2025-10-07,0.0335,Andy Beshear,democratic-presidential-nominee-2028
2025-10-08,0.033,Andy Beshear,democratic-presidential-nominee-2028
2025-10-09,0.031,Andy Beshear,democratic-presidential-nominee-2028
2025-10-10,0.0325,Andy Beshear,democratic-presidential-nominee-2028
2025-10-11,0.032,Andy Beshear,democratic-presidential-nominee-2028
2025-10-12,0.031,Andy Beshear,democratic-presidential-nominee-2028
2025-10-13,0.0295,Andy Beshear,democratic-presidential-nominee-2028
2025-10-14,0.0295,Andy Beshear,democratic-presidential-nominee-2028
2025-10-15,0.0265,Andy Beshear,democratic-presidential-nominee-2028
2025-10-16,0.0265,Andy Beshear,democratic-presidential-nominee-2028
2025-10-17,0.028,Andy Beshear,democratic-presidential-nominee-2028
2025-10-18,0.0285,Andy Beshear,democratic-presidential-nominee-2028
2025-10-19,0.027,Andy Beshear,democratic-presidential-nominee-2028
2025-10-20,0.028,Andy Beshear,democratic-presidential-nominee-2028
2025-10-21,0.028,Andy Beshear,democratic-presidential-nominee-2028
2025-10-22,0.0285,Andy Beshear,democratic-presidential-nominee-2028
2025-10-23,0.0285,Andy Beshear,democratic-presidential-nominee-2028
2025-10-24,0.027,Andy Beshear,democratic-presidential-nominee-2028
2025-10-25,0.027,Andy Beshear,democratic-presidential-nominee-2028
2025-10-26,0.0255,Andy Beshear,democratic-presidential-nominee-2028
2025-10-27,0.0255,Andy Beshear,democratic-presidential-nominee-2028
2025-10-28,0.025,Andy Beshear,democratic-presidential-nominee-2028
2025-10-29,0.0255,Andy Beshear,democratic-presidential-nominee-2028
2025-10-30,0.026,Andy Beshear,democratic-presidential-nominee-2028
2025-10-31,0.027,Andy Beshear,democratic-presidential-nominee-2028
2025-11-01,0.025,Andy Beshear,democratic-presidential-nominee-2028
2025-11-02,0.0245,Andy Beshear,democratic-presidential-nominee-2028
2025-11-03,0.0255,Andy Beshear,democratic-presidential-nominee-2028
2025-11-04,0.025,Andy Beshear,democratic-presidential-nominee-2028
2025-11-05,0.0255,Andy Beshear,democratic-presidential-nominee-2028
2025-11-06,0.024,Andy Beshear,democratic-presidential-nominee-2028
2025-11-07,0.025,Andy Beshear,democratic-presidential-nominee-2028
2025-11-08,0.0245,Andy Beshear,democratic-presidential-nominee-2028
2025-11-09,0.024,Andy Beshear,democratic-presidential-nominee-2028
2025-11-10,0.0235,Andy Beshear,democratic-presidential-nominee-2028
2025-11-11,0.024,Andy Beshear,democratic-presidential-nominee-2028
2025-11-12,0.024,Andy Beshear,democratic-presidential-nominee-2028
2025-11-13,0.0235,Andy Beshear,democratic-presidential-nominee-2028
2025-11-14,0.024,Andy Beshear,democratic-presidential-nominee-2028
2025-11-15,0.0235,Andy Beshear,democratic-presidential-nominee-2028
2025-11-16,0.0235,Andy Beshear,democratic-presidential-nominee-2028
2025-11-17,0.0225,Andy Beshear,democratic-presidential-nominee-2028
2025-11-18,0.023,Andy Beshear,democratic-presidential-nominee-2028
2025-11-19,0.024,Andy Beshear,democratic-presidential-nominee-2028
2025-11-20,0.0245,Andy Beshear,democratic-presidential-nominee-2028
2025-11-21,0.024,Andy Beshear,democratic-presidential-nominee-2028
2025-11-22,0.0245,Andy Beshear,democratic-presidential-nominee-2028
2025-11-23,0.0245,Andy Beshear,democratic-presidential-nominee-2028
2025-11-24,0.025,Andy Beshear,democratic-presidential-nominee-2028
2025-11-25,0.0245,Andy Beshear,democratic-presidential-nominee-2028
2025-11-26,0.024,Andy Beshear,democratic-presidential-nominee-2028
2025-11-27,0.023,Andy Beshear,democratic-presidential-nominee-2028
2025-11-28,0.0225,Andy Beshear,democratic-presidential-nominee-2028
2025-11-29,0.0225,Andy Beshear,democratic-presidential-nominee-2028
2025-11-30,0.0235,Andy Beshear,democratic-presidential-nominee-2028
2025-12-01,0.0225,Andy Beshear,democratic-presidential-nominee-2028
2025-12-02,0.0225,Andy Beshear,democratic-presidential-nominee-2028
2025-12-03,0.0225,Andy Beshear,democratic-presidential-nominee-2028
2025-12-04,0.0245,Andy Beshear,democratic-presidential-nominee-2028
2025-12-05,0.025,Andy Beshear,democratic-presidential-nominee-2028
2025-12-06,0.024,Andy Beshear,democratic-presidential-nominee-2028
2025-12-07,0.0245,Andy Beshear,democratic-presidential-nominee-2028
2025-12-08,0.0245,Andy Beshear,democratic-presidential-nominee-2028
2025-12-09,0.0255,Andy Beshear,democratic-presidential-nominee-2028
2025-12-10,0.0225,Andy Beshear,democratic-presidential-nominee-2028
2025-12-11,0.0225,Andy Beshear,democratic-presidential-nominee-2028
2025-12-12,0.023,Andy Beshear,democratic-presidential-nominee-2028
2025-12-13,0.0235,Andy Beshear,democratic-presidential-nominee-2028
2025-12-14,0.0225,Andy Beshear,democratic-presidential-nominee-2028
2025-12-15,0.023,Andy Beshear,democratic-presidential-nominee-2028
2025-12-16,0.0275,Andy Beshear,democratic-presidential-nominee-2028
2025-12-17,0.0245,Andy Beshear,democratic-presidential-nominee-2028
2025-12-18,0.0245,Andy Beshear,democratic-presidential-nominee-2028
2025-12-19,0.0225,Andy Beshear,democratic-presidential-nominee-2028
2025-12-20,0.0225,Andy Beshear,democratic-presidential-nominee-2028
2025-12-21,0.0215,Andy Beshear,democratic-presidential-nominee-2028
2025-12-22,0.024,Andy Beshear,democratic-presidential-nominee-2028
2025-12-23,0.0235,Andy Beshear,democratic-presidential-nominee-2028
2025-12-24,0.0215,Andy Beshear,democratic-presidential-nominee-2028
2025-12-25,0.0215,Andy Beshear,democratic-presidential-nominee-2028
2025-12-26,0.0215,Andy Beshear,democratic-presidential-nominee-2028
2025-12-27,0.0305,Andy Beshear,democratic-presidential-nominee-2028
2025-12-28,0.0315,Andy Beshear,democratic-presidential-nominee-2028
2025-12-29,0.0315,Andy Beshear,democratic-presidential-nominee-2028
2025-12-30,0.0295,Andy Beshear,democratic-presidential-nominee-2028
2025-12-31,0.0275,Andy Beshear,democratic-presidential-nominee-2028
2026-01-01,0.0275,Andy Beshear,democratic-presidential-nominee-2028
2026-01-02,0.0255,Andy Beshear,democratic-presidential-nominee-2028
2026-01-03,0.025,Andy Beshear,democratic-presidential-nominee-2028
2026-01-04,0.027,Andy Beshear,democratic-presidential-nominee-2028
2026-01-05,0.0215,Andy Beshear,democratic-presidential-nominee-2028
2026-01-06,0.0225,Andy Beshear,democratic-presidential-nominee-2028
2026-01-07,0.0215,Andy Beshear,democratic-presidential-nominee-2028
2026-01-08,0.0225,Andy Beshear,democratic-presidential-nominee-2028
2026-01-09,0.0235,Andy Beshear,democratic-presidential-nominee-2028
2026-01-10,0.0235,Andy Beshear,democratic-presidential-nominee-2028
2026-01-11,0.0245,Andy Beshear,democratic-presidential-nominee-2028
2026-01-12,0.0245,Andy Beshear,democratic-presidential-nominee-2028
2026-01-13,0.0245,Andy Beshear,democratic-presidential-nominee-2028
2026-01-14,0.026,Andy Beshear,democratic-presidential-nominee-2028
2026-01-15,0.0255,Andy Beshear,democratic-presidential-nominee-2028
2026-01-16,0.026,Andy Beshear,democratic-presidential-nominee-2028
2026-01-17,0.033,Andy Beshear,democratic-presidential-nominee-2028
2026-01-18,0.0345,Andy Beshear,democratic-presidential-nominee-2028
2026-01-19,0.033,Andy Beshear,democratic-presidential-nominee-2028
2026-01-20,0.034,Andy Beshear,democratic-presidential-nominee-2028
2026-01-21,0.0345,Andy Beshear,democratic-presidential-nominee-2028
2026-01-22,0.041,Andy Beshear,democratic-presidential-nominee-2028
2026-01-23,0.0385,Andy Beshear,democratic-presidential-nominee-2028
2026-01-24,0.036,Andy Beshear,democratic-presidential-nominee-2028
2026-01-25,0.0335,Andy Beshear,democratic-presidential-nominee-2028
2026-01-26,0.034,Andy Beshear,democratic-presidential-nominee-2028
2026-01-27,0.0355,Andy Beshear,democratic-presidential-nominee-2028
2026-01-28,0.0385,Andy Beshear,democratic-presidential-nominee-2028
2026-01-29,0.0275,Andy Beshear,democratic-presidential-nominee-2028
2026-01-30,0.0265,Andy Beshear,democratic-presidential-nominee-2028
2026-01-31,0.0305,Andy Beshear,democratic-presidential-nominee-2028
2026-02-01,0.0275,Andy Beshear,democratic-presidential-nominee-2028
2026-02-02,0.0275,Andy Beshear,democratic-presidential-nominee-2028
2026-02-03,0.0275,Andy Beshear,democratic-presidential-nominee-2028
2026-02-04,0.0275,Andy Beshear,democratic-presidential-nominee-2028
2026-02-05,0.03,Andy Beshear,democratic-presidential-nominee-2028
2026-02-06,0.0295,Andy Beshear,democratic-presidential-nominee-2028
2026-02-07,0.0295,Andy Beshear,democratic-presidential-nominee-2028
2026-02-08,0.028,Andy Beshear,democratic-presidential-nominee-2028
2026-02-09,0.0275,Andy Beshear,democratic-presidential-nominee-2028
2026-02-10,0.0285,Andy Beshear,democratic-presidential-nominee-2028
2026-02-11,0.0275,Andy Beshear,democratic-presidential-nominee-2028
2026-02-12,0.0285,Andy Beshear,democratic-presidential-nominee-2028
2026-02-13,0.0305,Andy Beshear,democratic-presidential-nominee-2028
2026-02-14,0.0315,Andy Beshear,democratic-presidential-nominee-2028
2026-02-15,0.0305,Andy Beshear,democratic-presidential-nominee-2028
2026-02-16,0.0305,Andy Beshear,democratic-presidential-nominee-2028
2026-02-17,0.0285,Andy Beshear,democratic-presidential-nominee-2028
2026-02-18,0.0255,Andy Beshear,democratic-presidential-nominee-2028
2026-02-19,0.0265,Andy Beshear,democratic-presidential-nominee-2028
2026-02-20,0.0265,Andy Beshear,democratic-presidential-nominee-2028
2026-02-21,0.026,Andy Beshear,democratic-presidential-nominee-2028
2026-02-22,0.025,Andy Beshear,democratic-presidential-nominee-2028
2026-02-23,0.0255,Andy Beshear,democratic-presidential-nominee-2028
2026-02-24,0.0255,Andy Beshear,democratic-presidential-nominee-2028
2026-02-25,0.0275,Andy Beshear,democratic-presidential-nominee-2028
2026-02-26,0.026,Andy Beshear,democratic-presidential-nominee-2028
2026-02-27,0.024,Andy Beshear,democratic-presidential-nominee-2028
2026-02-28,0.024,Andy Beshear,democratic-presidential-nominee-2028
2026-03-02,0.023,Andy Beshear,democratic-presidential-nominee-2028
2026-03-03,0.023,Andy Beshear,democratic-presidential-nominee-2028
2026-03-04,0.0235,Andy Beshear,democratic-presidential-nominee-2028
2026-03-05,0.022,Andy Beshear,democratic-presidential-nominee-2028
2026-03-06,0.0225,Andy Beshear,democratic-presidential-nominee-2028
2026-03-07,0.0215,Andy Beshear,democratic-presidential-nominee-2028
2026-03-08,0.0215,Andy Beshear,democratic-presidential-nominee-2028
2026-03-09,0.0215,Andy Beshear,democratic-presidential-nominee-2028
2026-03-10,0.0225,Andy Beshear,democratic-presidential-nominee-2028
2026-03-11,0.022,Andy Beshear,democratic-presidential-nominee-2028
2026-03-12,0.0215,Andy Beshear,democratic-presidential-nominee-2028
2026-03-14,0.029,Andy Beshear,democratic-presidential-nominee-2028
2026-03-17,0.0265,Andy Beshear,democratic-presidential-nominee-2028
2026-03-18,0.0215,Andy Beshear,democratic-presidential-nominee-2028
2026-03-20,0.0225,Andy Beshear,democratic-presidential-nominee-2028
2026-03-21,0.0225,Andy Beshear,democratic-presidential-nominee-2028
2026-03-22,0.0245,Andy Beshear,democratic-presidential-nominee-2028
2026-03-23,0.025,Andy Beshear,democratic-presidential-nominee-2028
2026-03-24,0.0225,Andy Beshear,democratic-presidential-nominee-2028
2026-03-25,0.0225,Andy Beshear,democratic-presidential-nominee-2028
2026-03-26,0.0215,Andy Beshear,democratic-presidential-nominee-2028
2026-03-27,0.0205,Andy Beshear,democratic-presidential-nominee-2028
2026-03-28,0.0205,Andy Beshear,democratic-presidential-nominee-2028
2026-03-29,0.021,Andy Beshear,democratic-presidential-nominee-2028
2026-03-30,0.0225,Andy Beshear,democratic-presidential-nominee-2028
2026-03-31,0.0215,Andy Beshear,democratic-presidential-nominee-2028
2026-04-01,0.0285,Andy Beshear,democratic-presidential-nominee-2028
2026-04-02,0.0305,Andy Beshear,democratic-presidential-nominee-2028
2026-04-03,0.0295,Andy Beshear,democratic-presidential-nominee-2028
2026-04-04,0.02,Andy Beshear,democratic-presidential-nominee-2028
2026-04-07,0.02,Andy Beshear,democratic-presidential-nominee-2028
2026-04-09,0.019,Andy Beshear,democratic-presidential-nominee-2028
2026-04-13,0.0215,Andy Beshear,democratic-presidential-nominee-2028
2026-04-15,0.0295,Andy Beshear,democratic-presidential-nominee-2028
2026-04-18,0.0255,Andy Beshear,democratic-presidential-nominee-2028
2026-04-22,0.0235,Andy Beshear,democratic-presidential-nominee-2028
2026-04-23,0.0235,Andy Beshear,democratic-presidential-nominee-2028
2026-04-24,0.0235,Andy Beshear,democratic-presidential-nominee-2028
2026-04-25,0.0195,Andy Beshear,democratic-presidential-nominee-2028
2026-04-26,0.0215,Andy Beshear,democratic-presidential-nominee-2028
2026-04-27,0.022,Andy Beshear,democratic-presidential-nominee-2028
2026-04-28,0.022,Andy Beshear,democratic-presidential-nominee-2028
2026-04-29,0.0225,Andy Beshear,democratic-presidential-nominee-2028
2026-04-30,0.0255,Andy Beshear,democratic-presidential-nominee-2028
2026-05-01,0.025,Andy Beshear,democratic-presidential-nominee-2028
2026-05-02,0.0265,Andy Beshear,democratic-presidential-nominee-2028
2026-05-03,0.0265,Andy Beshear,democratic-presidential-nominee-2028
2026-05-04,0.027,Andy Beshear,democratic-presidential-nominee-2028
2026-05-05,0.026,Andy Beshear,democratic-presidential-nominee-2028
2026-05-06,0.0265,Andy Beshear,democratic-presidential-nominee-2028
2026-05-07,0.0285,Andy Beshear,democratic-presidential-nominee-2028
2026-05-08,0.0275,Andy Beshear,democratic-presidential-nominee-2028
2026-05-09,0.0275,Andy Beshear,democratic-presidential-nominee-2028
2026-05-10,0.0275,Andy Beshear,democratic-presidential-nominee-2028
2026-05-11,0.0265,Andy Beshear,democratic-presidential-nominee-2028
2026-05-12,0.0285,Andy Beshear,democratic-presidential-nominee-2028
2026-05-13,0.0285,Andy Beshear,democratic-presidential-nominee-2028
2026-05-14,0.0275,Andy Beshear,democratic-presidential-nominee-2028
2026-05-15,0.0275,Andy Beshear,democratic-presidential-nominee-2028
2026-05-16,0.0275,Andy Beshear,democratic-presidential-nominee-2028
2026-05-17,0.0275,Andy Beshear,democratic-presidential-nominee-2028
2026-05-18,0.0265,Andy Beshear,democratic-presidential-nominee-2028
2026-05-19,0.0265,Andy Beshear,democratic-presidential-nominee-2028
2026-05-20,0.0265,Andy Beshear,democratic-presidential-nominee-2028
2026-05-21,0.0265,Andy Beshear,democratic-presidential-nominee-2028
2026-05-22,0.0265,Andy Beshear,democratic-presidential-nominee-2028
2026-05-23,0.0265,Andy Beshear,democratic-presidential-nominee-2028
2026-05-24,0.0265,Andy Beshear,democratic-presidential-nominee-2028
2026-05-25,0.0255,Andy Beshear,democratic-presidential-nominee-2028
2026-05-26,0.0255,Andy Beshear,democratic-presidential-nominee-2028
2026-05-27,0.0255,Andy Beshear,democratic-presidential-nominee-2028
2026-05-28,0.0275,Andy Beshear,democratic-presidential-nominee-2028
2026-05-29,0.0315,Andy Beshear,democratic-presidential-nominee-2028
2026-05-30,0.029,Andy Beshear,democratic-presidential-nominee-2028
2026-05-31,0.0315,Andy Beshear,democratic-presidential-nominee-2028
2026-06-01,0.0305,Andy Beshear,democratic-presidential-nominee-2028
2026-06-02,0.0285,Andy Beshear,democratic-presidential-nominee-2028
2026-06-03,0.0285,Andy Beshear,democratic-presidential-nominee-2028
2026-06-04,0.0355,Andy Beshear,democratic-presidential-nominee-2028
2026-06-05,0.0315,Andy Beshear,democratic-presidential-nominee-2028
2026-06-06,0.0305,Andy Beshear,democratic-presidential-nominee-2028
2026-06-07,0.0285,Andy Beshear,democratic-presidential-nominee-2028
2026-06-08,0.0285,Andy Beshear,democratic-presidential-nominee-2028
2026-06-09,0.0285,Andy Beshear,democratic-presidential-nominee-2028
2026-06-10,0.0285,Andy Beshear,democratic-presidential-nominee-2028
2026-06-11,0.0275,Andy Beshear,democratic-presidential-nominee-2028
2026-06-12,0.0275,Andy Beshear,democratic-presidential-nominee-2028
2026-06-13,0.0275,Andy Beshear,democratic-presidential-nominee-2028
2026-06-14,0.0275,Andy Beshear,democratic-presidential-nominee-2028
2026-06-15,0.0255,Andy Beshear,democratic-presidential-nominee-2028
2026-06-16,0.0255,Andy Beshear,democratic-presidential-nominee-2028
2026-06-17,0.0255,Andy Beshear,democratic-presidential-nominee-2028
2026-06-18,0.0245,Andy Beshear,democratic-presidential-nominee-2028
2026-06-19,0.0245,Andy Beshear,democratic-presidential-nominee-2028
2026-06-20,0.0245,Andy Beshear,democratic-presidential-nominee-2028
2026-06-21,0.0235,Andy Beshear,democratic-presidential-nominee-2028
2026-06-22,0.0235,Andy Beshear,democratic-presidential-nominee-2028
2026-06-23,0.0225,Andy Beshear,democratic-presidential-nominee-2028
2026-06-24,0.0225,Andy Beshear,democratic-presidential-nominee-2028
2026-06-25,0.0225,Andy Beshear,democratic-presidential-nominee-2028
2026-06-26,0.0225,Andy Beshear,democratic-presidential-nominee-2028
2026-06-27,0.0225,Andy Beshear,democratic-presidential-nominee-2028
2026-06-28,0.0225,Andy Beshear,democratic-presidential-nominee-2028
2026-06-29,0.0225,Andy Beshear,democratic-presidential-nominee-2028
2026-06-30,0.0225,Andy Beshear,democratic-presidential-nominee-2028
2026-07-01,0.0225,Andy Beshear,democratic-presidential-nominee-2028
2026-07-02,0.0225,Andy Beshear,democratic-presidential-nominee-2028
2026-07-03,0.0225,Andy Beshear,democratic-presidential-nominee-2028
2026-07-04,0.0225,Andy Beshear,democratic-presidential-nominee-2028
2026-07-05,0.0225,Andy Beshear,democratic-presidential-nominee-2028
2026-07-06,0.0225,Andy Beshear,democratic-presidential-nominee-2028
2026-07-07,0.0225,Andy Beshear,democratic-presidential-nominee-2028
2026-07-08,0.0215,Andy Beshear,democratic-presidential-nominee-2028
2026-07-09,0.0225,Andy Beshear,democratic-presidential-nominee-2028
2026-07-10,0.0225,Andy Beshear,democratic-presidential-nominee-2028
2026-07-11,0.0215,Andy Beshear,democratic-presidential-nominee-2028
2026-07-12,0.0225,Andy Beshear,democratic-presidential-nominee-2028
2026-07-13,0.0215,Andy Beshear,democratic-presidential-nominee-2028
2026-07-14,0.0215,Andy Beshear,democratic-presidential-nominee-2028
2026-07-15,0.0215,Andy Beshear,democratic-presidential-nominee-2028
2026-07-16,0.0205,Andy Beshear,democratic-presidential-nominee-2028
2026-07-17,0.0225,Andy Beshear,democratic-presidential-nominee-2028
2026-07-18,0.0225,Andy Beshear,democratic-presidential-nominee-2028
2026-07-19,0.022,Andy Beshear,democratic-presidential-nominee-2028
2026-07-20,0.0225,Andy Beshear,democratic-presidential-nominee-2028
2026-07-21,0.0225,Andy Beshear,democratic-presidential-nominee-2028
2026-07-22,0.0225,Andy Beshear,democratic-presidential-nominee-2028
2026-07-23,0.0225,Andy Beshear,democratic-presidential-nominee-2028
2026-07-24,0.0235,Andy Beshear,democratic-presidential-nominee-2028
2026-07-25,0.0235,Andy Beshear,democratic-presidential-nominee-2028
2026-07-26,0.0235,Andy Beshear,democratic-presidential-nominee-2028
2026-07-27,0.0235,Andy Beshear,democratic-presidential-nominee-2028
2026-07-28,0.0245,Andy Beshear,democratic-presidential-nominee-2028
2026-07-30,0.0255,Andy Beshear,democratic-presidential-nominee-2028
2026-07-31,0.0255,Andy Beshear,democratic-presidential-nominee-2028
2026-08-01,0.0255,Andy Beshear,democratic-presidential-nominee-2028
2026-08-02,0.0255,Andy Beshear,democratic-presidential-nominee-2028
2026-08-03,0.0255,Andy Beshear,democratic-presidential-nominee-2028
2026-08-04,0.0255,Andy Beshear,democratic-presidential-nominee-2028
2026-08-05,0.0255,Andy Beshear,democratic-presidential-nominee-2028
2026-08-06,0.0255,Andy Beshear,democratic-presidential-nominee-2028
2026-08-07,0.0255,Andy Beshear,democratic-presidential-nominee-2028
2026-08-08,0.0235,Andy Beshear,democratic-presidential-nominee-2028
2026-08-09,0.0235,Andy Beshear,democratic-presidential-nominee-2028
2026-08-10,0.0235,Andy Beshear,democratic-presidential-nominee-2028
2026-08-11,0.0235,Andy Beshear,democratic-presidential-nominee-2028
2026-08-12,0.0235,Andy Beshear,democratic-presidential-nominee-2028
2026-08-13,0.0235,Andy Beshear,democratic-presidential-nominee-2028
2026-08-14,0.0225,Andy Beshear,democratic-presidential-nominee-2028
2026-08-15,0.0225,Andy Beshear,democratic-presidential-nominee-2028
2026-08-16,0.0225,Andy Beshear,democratic-presidential-nominee-2028
2026-08-17,0.0225,Andy Beshear,democratic-presidential-nominee-2028
2026-08-18,0.0225,Andy Beshear,democratic-presidential-nominee-2028
2026-08-19,0.0225,Andy Beshear,democratic-presidential-nominee-2028
2026-08-20,0.0225,Andy Beshear,democratic-presidential-nominee-2028
2026-08-21,0.0225,Andy Beshear,democratic-presidential-nominee-2028
2026-08-22,0.0225,Andy Beshear,democratic-presidential-nominee-2028
2026-08-23,0.0225,Andy Beshear,democratic-presidential-nominee-2028
2026-08-24,0.0245,Andy Beshear,democratic-presidential-nominee-2028
2026-08-25,0.023,Andy Beshear,democratic-presidential-nominee-2028
2025-07-19,0.037,Jon Ossoff,democratic-presidential-nominee-2028
2025-07-20,0.039,Jon Ossoff,democratic-presidential-nominee-2028
2025-07-21,0.0375,Jon Ossoff,democratic-presidential-nominee-2028
2025-07-22,0.0385,Jon Ossoff,democratic-presidential-nominee-2028
2025-07-23,0.0385,Jon Ossoff,democratic-presidential-nominee-2028
2025-07-24,0.038,Jon Ossoff,democratic-presidential-nominee-2028
2025-07-25,0.0365,Jon Ossoff,democratic-presidential-nominee-2028
2025-07-26,0.036,Jon Ossoff,democratic-presidential-nominee-2028
2025-07-27,0.035,Jon Ossoff,democratic-presidential-nominee-2028
2025-07-28,0.036,Jon Ossoff,democratic-presidential-nominee-2028
2025-07-29,0.0365,Jon Ossoff,democratic-presidential-nominee-2028
2025-07-30,0.0365,Jon Ossoff,democratic-presidential-nominee-2028
2025-07-31,0.0345,Jon Ossoff,democratic-presidential-nominee-2028
2025-08-01,0.0355,Jon Ossoff,democratic-presidential-nominee-2028
2025-08-02,0.0355,Jon Ossoff,democratic-presidential-nominee-2028
2025-08-03,0.036,Jon Ossoff,democratic-presidential-nominee-2028
2025-08-04,0.0355,Jon Ossoff,democratic-presidential-nominee-2028
2025-08-05,0.0355,Jon Ossoff,democratic-presidential-nominee-2028
2025-08-06,0.0355,Jon Ossoff,democratic-presidential-nominee-2028
2025-08-07,0.0345,Jon Ossoff,democratic-presidential-nominee-2028
2025-08-08,0.0355,Jon Ossoff,democratic-presidential-nominee-2028
2025-08-09,0.035,Jon Ossoff,democratic-presidential-nominee-2028
2025-08-10,0.0355,Jon Ossoff,democratic-presidential-nominee-2028
2025-08-11,0.0345,Jon Ossoff,democratic-presidential-nominee-2028
2025-08-12,0.035,Jon Ossoff,democratic-presidential-nominee-2028
2025-08-13,0.0345,Jon Ossoff,democratic-presidential-nominee-2028
2025-08-14,0.0345,Jon Ossoff,democratic-presidential-nominee-2028
2025-08-15,0.034,Jon Ossoff,democratic-presidential-nominee-2028
2025-08-16,0.0305,Jon Ossoff,democratic-presidential-nominee-2028
2025-08-17,0.0305,Jon Ossoff,democratic-presidential-nominee-2028
2025-08-18,0.0305,Jon Ossoff,democratic-presidential-nominee-2028
2025-08-19,0.031,Jon Ossoff,democratic-presidential-nominee-2028
2025-08-20,0.0305,Jon Ossoff,democratic-presidential-nominee-2028
2025-08-21,0.0305,Jon Ossoff,democratic-presidential-nominee-2028
2025-08-22,0.0305,Jon Ossoff,democratic-presidential-nominee-2028
2025-08-23,0.039,Jon Ossoff,democratic-presidential-nominee-2028
2025-08-24,0.039,Jon Ossoff,democratic-presidential-nominee-2028
2025-08-25,0.0385,Jon Ossoff,democratic-presidential-nominee-2028
2025-08-26,0.0375,Jon Ossoff,democratic-presidential-nominee-2028
2025-08-27,0.038,Jon Ossoff,democratic-presidential-nominee-2028
2025-08-28,0.038,Jon Ossoff,democratic-presidential-nominee-2028
2025-08-29,0.0375,Jon Ossoff,democratic-presidential-nominee-2028
2025-08-30,0.036,Jon Ossoff,democratic-presidential-nominee-2028
2025-08-31,0.0365,Jon Ossoff,democratic-presidential-nominee-2028
2025-09-01,0.0365,Jon Ossoff,democratic-presidential-nominee-2028
2025-09-02,0.038,Jon Ossoff,democratic-presidential-nominee-2028
2025-09-03,0.0375,Jon Ossoff,democratic-presidential-nominee-2028
2025-09-04,0.037,Jon Ossoff,democratic-presidential-nominee-2028
2025-09-05,0.037,Jon Ossoff,democratic-presidential-nominee-2028
2025-09-06,0.038,Jon Ossoff,democratic-presidential-nominee-2028
2025-09-07,0.061,Jon Ossoff,democratic-presidential-nominee-2028
2025-09-08,0.0635,Jon Ossoff,democratic-presidential-nominee-2028
2025-09-09,0.0625,Jon Ossoff,democratic-presidential-nominee-2028
2025-09-10,0.063,Jon Ossoff,democratic-presidential-nominee-2028
2025-09-11,0.0615,Jon Ossoff,democratic-presidential-nominee-2028
2025-09-12,0.0565,Jon Ossoff,democratic-presidential-nominee-2028
2025-09-13,0.044,Jon Ossoff,democratic-presidential-nominee-2028
2025-09-14,0.0305,Jon Ossoff,democratic-presidential-nominee-2028
2025-09-15,0.038,Jon Ossoff,democratic-presidential-nominee-2028
2025-09-16,0.034,Jon Ossoff,democratic-presidential-nominee-2028
2025-09-17,0.033,Jon Ossoff,democratic-presidential-nominee-2028
2025-09-18,0.032,Jon Ossoff,democratic-presidential-nominee-2028
2025-09-19,0.041,Jon Ossoff,democratic-presidential-nominee-2028
2025-09-20,0.0445,Jon Ossoff,democratic-presidential-nominee-2028
2025-09-21,0.044,Jon Ossoff,democratic-presidential-nominee-2028
2025-09-22,0.042,Jon Ossoff,democratic-presidential-nominee-2028
2025-09-23,0.041,Jon Ossoff,democratic-presidential-nominee-2028
2025-09-24,0.039,Jon Ossoff,democratic-presidential-nominee-2028
2025-09-25,0.0405,Jon Ossoff,democratic-presidential-nominee-2028
2025-09-26,0.0445,Jon Ossoff,democratic-presidential-nominee-2028
2025-09-27,0.0425,Jon Ossoff,democratic-presidential-nominee-2028
2025-09-28,0.0425,Jon Ossoff,democratic-presidential-nominee-2028
2025-09-29,0.0405,Jon Ossoff,democratic-presidential-nominee-2028
2025-09-30,0.0395,Jon Ossoff,democratic-presidential-nominee-2028
2025-10-01,0.038,Jon Ossoff,democratic-presidential-nominee-2028
2025-10-02,0.0365,Jon Ossoff,democratic-presidential-nominee-2028
2025-10-03,0.0335,Jon Ossoff,democratic-presidential-nominee-2028
2025-10-04,0.036,Jon Ossoff,democratic-presidential-nominee-2028
2025-10-05,0.035,Jon Ossoff,democratic-presidential-nominee-2028
2025-10-06,0.0345,Jon Ossoff,democratic-presidential-nominee-2028
2025-10-07,0.0345,Jon Ossoff,democratic-presidential-nominee-2028
2025-10-08,0.0345,Jon Ossoff,democratic-presidential-nominee-2028
2025-10-09,0.036,Jon Ossoff,democratic-presidential-nominee-2028
2025-10-10,0.0375,Jon Ossoff,democratic-presidential-nominee-2028
2025-10-11,0.037,Jon Ossoff,democratic-presidential-nominee-2028
2025-10-12,0.0365,Jon Ossoff,democratic-presidential-nominee-2028
2025-10-13,0.037,Jon Ossoff,democratic-presidential-nominee-2028
2025-10-14,0.0355,Jon Ossoff,democratic-presidential-nominee-2028
2025-10-15,0.0315,Jon Ossoff,democratic-presidential-nominee-2028
2025-10-16,0.03,Jon Ossoff,democratic-presidential-nominee-2028
2025-10-17,0.0285,Jon Ossoff,democratic-presidential-nominee-2028
2025-10-18,0.03,Jon Ossoff,democratic-presidential-nominee-2028
2025-10-19,0.03,Jon Ossoff,democratic-presidential-nominee-2028
2025-10-20,0.0315,Jon Ossoff,democratic-presidential-nominee-2028
2025-10-21,0.029,Jon Ossoff,democratic-presidential-nominee-2028
2025-10-22,0.0305,Jon Ossoff,democratic-presidential-nominee-2028
2025-10-23,0.0295,Jon Ossoff,democratic-presidential-nominee-2028
2025-10-24,0.0315,Jon Ossoff,democratic-presidential-nominee-2028
2025-10-25,0.0325,Jon Ossoff,democratic-presidential-nominee-2028
2025-10-26,0.032,Jon Ossoff,democratic-presidential-nominee-2028
2025-10-27,0.0315,Jon Ossoff,democratic-presidential-nominee-2028
2025-10-28,0.028,Jon Ossoff,democratic-presidential-nominee-2028
2025-10-29,0.0275,Jon Ossoff,democratic-presidential-nominee-2028
2025-10-30,0.027,Jon Ossoff,democratic-presidential-nominee-2028
2025-10-31,0.027,Jon Ossoff,democratic-presidential-nominee-2028
2025-11-01,0.026,Jon Ossoff,democratic-presidential-nominee-2028
2025-11-02,0.0455,Jon Ossoff,democratic-presidential-nominee-2028
2025-11-03,0.046,Jon Ossoff,democratic-presidential-nominee-2028
2025-11-04,0.0485,Jon Ossoff,democratic-presidential-nominee-2028
2025-11-05,0.0455,Jon Ossoff,democratic-presidential-nominee-2028
2025-11-06,0.04,Jon Ossoff,democratic-presidential-nominee-2028
2025-11-07,0.0425,Jon Ossoff,democratic-presidential-nominee-2028
2025-11-08,0.042,Jon Ossoff,democratic-presidential-nominee-2028
2025-11-09,0.0415,Jon Ossoff,democratic-presidential-nominee-2028
2025-11-10,0.0415,Jon Ossoff,democratic-presidential-nominee-2028
2025-11-11,0.0465,Jon Ossoff,democratic-presidential-nominee-2028
2025-11-12,0.045,Jon Ossoff,democratic-presidential-nominee-2028
2025-11-13,0.0445,Jon Ossoff,democratic-presidential-nominee-2028
2025-11-14,0.039,Jon Ossoff,democratic-presidential-nominee-2028
2025-11-15,0.041,Jon Ossoff,democratic-presidential-nominee-2028
2025-11-16,0.041,Jon Ossoff,democratic-presidential-nominee-2028
2025-11-17,0.038,Jon Ossoff,democratic-presidential-nominee-2028
2025-11-18,0.0375,Jon Ossoff,democratic-presidential-nominee-2028
2025-11-19,0.035,Jon Ossoff,democratic-presidential-nominee-2028
2025-11-20,0.033,Jon Ossoff,democratic-presidential-nominee-2028
2025-11-21,0.0335,Jon Ossoff,democratic-presidential-nominee-2028
2025-11-22,0.0405,Jon Ossoff,democratic-presidential-nominee-2028
2025-11-23,0.0395,Jon Ossoff,democratic-presidential-nominee-2028
2025-11-24,0.039,Jon Ossoff,democratic-presidential-nominee-2028
2025-11-25,0.0355,Jon Ossoff,democratic-presidential-nominee-2028
2025-11-26,0.0335,Jon Ossoff,democratic-presidential-nominee-2028
2025-11-27,0.037,Jon Ossoff,democratic-presidential-nominee-2028
2025-11-28,0.034,Jon Ossoff,democratic-presidential-nominee-2028
2025-11-29,0.0335,Jon Ossoff,democratic-presidential-nominee-2028
2025-11-30,0.042,Jon Ossoff,democratic-presidential-nominee-2028
2025-12-01,0.0405,Jon Ossoff,democratic-presidential-nominee-2028
2025-12-02,0.0465,Jon Ossoff,democratic-presidential-nominee-2028
2025-12-03,0.0485,Jon Ossoff,democratic-presidential-nominee-2028
2025-12-04,0.044,Jon Ossoff,democratic-presidential-nominee-2028
2025-12-05,0.042,Jon Ossoff,democratic-presidential-nominee-2028
2025-12-06,0.0405,Jon Ossoff,democratic-presidential-nominee-2028
2025-12-07,0.037,Jon Ossoff,democratic-presidential-nominee-2028
2025-12-08,0.0365,Jon Ossoff,democratic-presidential-nominee-2028
2025-12-09,0.0375,Jon Ossoff,democratic-presidential-nominee-2028
2025-12-10,0.036,Jon Ossoff,democratic-presidential-nominee-2028
2025-12-11,0.034,Jon Ossoff,democratic-presidential-nominee-2028
2025-12-12,0.0315,Jon Ossoff,democratic-presidential-nominee-2028
2025-12-13,0.0325,Jon Ossoff,democratic-presidential-nominee-2028
2025-12-14,0.0285,Jon Ossoff,democratic-presidential-nominee-2028
2025-12-15,0.0275,Jon Ossoff,democratic-presidential-nominee-2028
2025-12-16,0.0265,Jon Ossoff,democratic-presidential-nominee-2028
2025-12-17,0.032,Jon Ossoff,democratic-presidential-nominee-2028
2025-12-18,0.0305,Jon Ossoff,democratic-presidential-nominee-2028
2025-12-19,0.0355,Jon Ossoff,democratic-presidential-nominee-2028
2025-12-20,0.0345,Jon Ossoff,democratic-presidential-nominee-2028
2025-12-21,0.032,Jon Ossoff,democratic-presidential-nominee-2028
2025-12-22,0.032,Jon Ossoff,democratic-presidential-nominee-2028
2025-12-23,0.036,Jon Ossoff,democratic-presidential-nominee-2028
2025-12-24,0.035,Jon Ossoff,democratic-presidential-nominee-2028
2025-12-25,0.0345,Jon Ossoff,democratic-presidential-nominee-2028
2025-12-26,0.0355,Jon Ossoff,democratic-presidential-nominee-2028
2025-12-27,0.0345,Jon Ossoff,democratic-presidential-nominee-2028
2025-12-28,0.033,Jon Ossoff,democratic-presidential-nominee-2028
2025-12-29,0.033,Jon Ossoff,democratic-presidential-nominee-2028
2025-12-30,0.0335,Jon Ossoff,democratic-presidential-nominee-2028
2025-12-31,0.0335,Jon Ossoff,democratic-presidential-nominee-2028
2026-01-01,0.0365,Jon Ossoff,democratic-presidential-nominee-2028
2026-01-02,0.0365,Jon Ossoff,democratic-presidential-nominee-2028
2026-01-03,0.035,Jon Ossoff,democratic-presidential-nominee-2028
2026-01-04,0.034,Jon Ossoff,democratic-presidential-nominee-2028
2026-01-05,0.0295,Jon Ossoff,democratic-presidential-nominee-2028
2026-01-06,0.0305,Jon Ossoff,democratic-presidential-nominee-2028
2026-01-07,0.031,Jon Ossoff,democratic-presidential-nominee-2028
2026-01-08,0.0295,Jon Ossoff,democratic-presidential-nominee-2028
2026-01-09,0.0295,Jon Ossoff,democratic-presidential-nominee-2028
2026-01-10,0.0285,Jon Ossoff,democratic-presidential-nominee-2028
2026-01-11,0.03,Jon Ossoff,democratic-presidential-nominee-2028
2026-01-12,0.0295,Jon Ossoff,democratic-presidential-nominee-2028
2026-01-13,0.028,Jon Ossoff,democratic-presidential-nominee-2028
2026-01-14,0.033,Jon Ossoff,democratic-presidential-nominee-2028
2026-01-15,0.0335,Jon Ossoff,democratic-presidential-nominee-2028
2026-01-16,0.0355,Jon Ossoff,democratic-presidential-nominee-2028
2026-01-17,0.035,Jon Ossoff,democratic-presidential-nominee-2028
2026-01-18,0.0345,Jon Ossoff,democratic-presidential-nominee-2028
2026-01-19,0.0325,Jon Ossoff,democratic-presidential-nominee-2028
2026-01-20,0.034,Jon Ossoff,democratic-presidential-nominee-2028
2026-01-21,0.0335,Jon Ossoff,democratic-presidential-nominee-2028
2026-01-22,0.0435,Jon Ossoff,democratic-presidential-nominee-2028
2026-01-23,0.035,Jon Ossoff,democratic-presidential-nominee-2028
2026-01-24,0.0385,Jon Ossoff,democratic-presidential-nominee-2028
2026-01-25,0.0345,Jon Ossoff,democratic-presidential-nominee-2028
2026-01-26,0.0385,Jon Ossoff,democratic-presidential-nominee-2028
2026-01-27,0.0385,Jon Ossoff,democratic-presidential-nominee-2028
2026-01-28,0.0375,Jon Ossoff,democratic-presidential-nominee-2028
2026-01-29,0.0355,Jon Ossoff,democratic-presidential-nominee-2028
2026-01-30,0.0345,Jon Ossoff,democratic-presidential-nominee-2028
2026-01-31,0.0355,Jon Ossoff,democratic-presidential-nominee-2028
2026-02-01,0.0345,Jon Ossoff,democratic-presidential-nominee-2028
2026-02-02,0.034,Jon Ossoff,democratic-presidential-nominee-2028
2026-02-03,0.0315,Jon Ossoff,democratic-presidential-nominee-2028
2026-02-04,0.034,Jon Ossoff,democratic-presidential-nominee-2028
2026-02-05,0.0345,Jon Ossoff,democratic-presidential-nominee-2028
2026-02-06,0.0325,Jon Ossoff,democratic-presidential-nominee-2028
2026-02-07,0.0335,Jon Ossoff,democratic-presidential-nominee-2028
2026-02-08,0.0335,Jon Ossoff,democratic-presidential-nominee-2028
2026-02-09,0.0465,Jon Ossoff,democratic-presidential-nominee-2028
2026-02-10,0.0455,Jon Ossoff,democratic-presidential-nominee-2028
2026-02-11,0.049,Jon Ossoff,democratic-presidential-nominee-2028
2026-02-12,0.0555,Jon Ossoff,democratic-presidential-nominee-2028
2026-02-13,0.047,Jon Ossoff,democratic-presidential-nominee-2028
2026-02-14,0.0455,Jon Ossoff,democratic-presidential-nominee-2028
2026-02-15,0.044,Jon Ossoff,democratic-presidential-nominee-2028
2026-02-16,0.0465,Jon Ossoff,democratic-presidential-nominee-2028
2026-02-17,0.042,Jon Ossoff,democratic-presidential-nominee-2028
2026-02-18,0.0465,Jon Ossoff,democratic-presidential-nominee-2028
2026-02-19,0.045,Jon Ossoff,democratic-presidential-nominee-2028
2026-02-20,0.045,Jon Ossoff,democratic-presidential-nominee-2028
2026-02-21,0.0455,Jon Ossoff,democratic-presidential-nominee-2028
2026-02-22,0.0445,Jon Ossoff,democratic-presidential-nominee-2028
2026-02-23,0.0445,Jon Ossoff,democratic-presidential-nominee-2028
2026-02-24,0.043,Jon Ossoff,democratic-presidential-nominee-2028
2026-02-25,0.043,Jon Ossoff,democratic-presidential-nominee-2028
2026-02-26,0.0415,Jon Ossoff,democratic-presidential-nominee-2028
2026-02-27,0.0425,Jon Ossoff,democratic-presidential-nominee-2028
2026-02-28,0.042,Jon Ossoff,democratic-presidential-nominee-2028
2026-03-01,0.043,Jon Ossoff,democratic-presidential-nominee-2028
2026-03-02,0.042,Jon Ossoff,democratic-presidential-nominee-2028
2026-03-03,0.044,Jon Ossoff,democratic-presidential-nominee-2028
2026-03-04,0.0415,Jon Ossoff,democratic-presidential-nominee-2028
2026-03-05,0.0435,Jon Ossoff,democratic-presidential-nominee-2028
2026-03-06,0.0455,Jon Ossoff,democratic-presidential-nominee-2028
2026-03-07,0.0445,Jon Ossoff,democratic-presidential-nominee-2028
2026-03-08,0.048,Jon Ossoff,democratic-presidential-nominee-2028
2026-03-09,0.0465,Jon Ossoff,democratic-presidential-nominee-2028
2026-03-10,0.046,Jon Ossoff,democratic-presidential-nominee-2028
2026-03-11,0.0475,Jon Ossoff,democratic-presidential-nominee-2028
2026-03-12,0.0495,Jon Ossoff,democratic-presidential-nominee-2028
2026-03-13,0.0485,Jon Ossoff,democratic-presidential-nominee-2028
2026-03-14,0.0485,Jon Ossoff,democratic-presidential-nominee-2028
2026-03-15,0.0565,Jon Ossoff,democratic-presidential-nominee-2028
2026-03-17,0.0545,Jon Ossoff,democratic-presidential-nominee-2028
2026-03-18,0.0535,Jon Ossoff,democratic-presidential-nominee-2028
2026-03-20,0.0595,Jon Ossoff,democratic-presidential-nominee-2028
2026-03-21,0.07,Jon Ossoff,democratic-presidential-nominee-2028
2026-03-22,0.0685,Jon Ossoff,democratic-presidential-nominee-2028
2026-03-23,0.068,Jon Ossoff,democratic-presidential-nominee-2028
2026-03-24,0.0615,Jon Ossoff,democratic-presidential-nominee-2028
2026-03-25,0.0625,Jon Ossoff,democratic-presidential-nominee-2028
2026-03-26,0.062,Jon Ossoff,democratic-presidential-nominee-2028
2026-03-27,0.0605,Jon Ossoff,democratic-presidential-nominee-2028
2026-03-28,0.0595,Jon Ossoff,democratic-presidential-nominee-2028
2026-03-29,0.0575,Jon Ossoff,democratic-presidential-nominee-2028
2026-03-30,0.0575,Jon Ossoff,democratic-presidential-nominee-2028
2026-03-31,0.0555,Jon Ossoff,democratic-presidential-nominee-2028
2026-04-01,0.0545,Jon Ossoff,democratic-presidential-nominee-2028
2026-04-02,0.068,Jon Ossoff,democratic-presidential-nominee-2028
2026-04-03,0.053,Jon Ossoff,democratic-presidential-nominee-2028
2026-04-04,0.053,Jon Ossoff,democratic-presidential-nominee-2028
2026-04-06,0.0695,Jon Ossoff,democratic-presidential-nominee-2028
2026-04-07,0.0645,Jon Ossoff,democratic-presidential-nominee-2028
2026-04-09,0.064,Jon Ossoff,democratic-presidential-nominee-2028
2026-04-13,0.0585,Jon Ossoff,democratic-presidential-nominee-2028
2026-04-15,0.0595,Jon Ossoff,democratic-presidential-nominee-2028
2026-04-18,0.065,Jon Ossoff,democratic-presidential-nominee-2028
2026-04-22,0.0765,Jon Ossoff,democratic-presidential-nominee-2028
2026-04-23,0.072,Jon Ossoff,democratic-presidential-nominee-2028
2026-04-24,0.0635,Jon Ossoff,democratic-presidential-nominee-2028
2026-04-25,0.052,Jon Ossoff,democratic-presidential-nominee-2028
2026-04-26,0.0545,Jon Ossoff,democratic-presidential-nominee-2028
2026-04-27,0.0535,Jon Ossoff,democratic-presidential-nominee-2028
2026-04-28,0.0575,Jon Ossoff,democratic-presidential-nominee-2028
2026-04-29,0.0625,Jon Ossoff,democratic-presidential-nominee-2028
2026-04-30,0.0655,Jon Ossoff,democratic-presidential-nominee-2028
2026-05-01,0.0665,Jon Ossoff,democratic-presidential-nominee-2028
2026-05-02,0.0655,Jon Ossoff,democratic-presidential-nominee-2028
2026-05-03,0.065,Jon Ossoff,democratic-presidential-nominee-2028
2026-05-04,0.0655,Jon Ossoff,democratic-presidential-nominee-2028
2026-05-05,0.066,Jon Ossoff,democratic-presidential-nominee-2028
2026-05-06,0.066,Jon Ossoff,democratic-presidential-nominee-2028
2026-05-07,0.0665,Jon Ossoff,democratic-presidential-nominee-2028
2026-05-08,0.0675,Jon Ossoff,democratic-presidential-nominee-2028
2026-05-09,0.0665,Jon Ossoff,democratic-presidential-nominee-2028
2026-05-10,0.0645,Jon Ossoff,democratic-presidential-nominee-2028
2026-05-11,0.065,Jon Ossoff,democratic-presidential-nominee-2028
2026-05-12,0.0645,Jon Ossoff,democratic-presidential-nominee-2028
2026-05-13,0.0645,Jon Ossoff,democratic-presidential-nominee-2028
2026-05-14,0.063,Jon Ossoff,democratic-presidential-nominee-2028
2026-05-15,0.0635,Jon Ossoff,democratic-presidential-nominee-2028
2026-05-16,0.0635,Jon Ossoff,democratic-presidential-nominee-2028
2026-05-17,0.063,Jon Ossoff,democratic-presidential-nominee-2028
2026-05-18,0.0625,Jon Ossoff,democratic-presidential-nominee-2028
2026-05-19,0.0615,Jon Ossoff,democratic-presidential-nominee-2028
2026-05-20,0.0625,Jon Ossoff,democratic-presidential-nominee-2028
2026-05-21,0.0635,Jon Ossoff,democratic-presidential-nominee-2028
2026-05-22,0.0615,Jon Ossoff,democratic-presidential-nominee-2028
2026-05-23,0.0615,Jon Ossoff,democratic-presidential-nominee-2028
2026-05-24,0.0565,Jon Ossoff,democratic-presidential-nominee-2028
2026-05-25,0.0575,Jon Ossoff,democratic-presidential-nominee-2028
2026-05-26,0.0575,Jon Ossoff,democratic-presidential-nominee-2028
2026-05-27,0.0545,Jon Ossoff,democratic-presidential-nominee-2028
2026-05-28,0.0545,Jon Ossoff,democratic-presidential-nominee-2028
2026-05-29,0.0555,Jon Ossoff,democratic-presidential-nominee-2028
2026-05-30,0.0545,Jon Ossoff,democratic-presidential-nominee-2028
2026-05-31,0.0545,Jon Ossoff,democratic-presidential-nominee-2028
2026-06-01,0.0535,Jon Ossoff,democratic-presidential-nominee-2028
2026-06-02,0.0575,Jon Ossoff,democratic-presidential-nominee-2028
2026-06-03,0.0635,Jon Ossoff,democratic-presidential-nominee-2028
2026-06-04,0.0595,Jon Ossoff,democratic-presidential-nominee-2028
2026-06-05,0.0625,Jon Ossoff,democratic-presidential-nominee-2028
2026-06-06,0.0665,Jon Ossoff,democratic-presidential-nominee-2028
2026-06-07,0.0655,Jon Ossoff,democratic-presidential-nominee-2028
2026-06-08,0.0655,Jon Ossoff,democratic-presidential-nominee-2028
2026-06-09,0.0695,Jon Ossoff,democratic-presidential-nominee-2028
2026-06-10,0.0755,Jon Ossoff,democratic-presidential-nominee-2028
2026-06-11,0.0735,Jon Ossoff,democratic-presidential-nominee-2028
2026-06-12,0.0745,Jon Ossoff,democratic-presidential-nominee-2028
2026-06-13,0.0925,Jon Ossoff,democratic-presidential-nominee-2028
2026-06-14,0.0785,Jon Ossoff,democratic-presidential-nominee-2028
2026-06-15,0.0775,Jon Ossoff,democratic-presidential-nominee-2028
2026-06-16,0.0815,Jon Ossoff,democratic-presidential-nominee-2028
2026-06-17,0.0835,Jon Ossoff,democratic-presidential-nominee-2028
2026-06-18,0.0955,Jon Ossoff,democratic-presidential-nominee-2028
2026-06-19,0.0965,Jon Ossoff,democratic-presidential-nominee-2028
2026-06-20,0.0965,Jon Ossoff,democratic-presidential-nominee-2028
2026-06-21,0.0945,Jon Ossoff,democratic-presidential-nominee-2028
2026-06-22,0.0935,Jon Ossoff,democratic-presidential-nominee-2028
2026-06-23,0.0925,Jon Ossoff,democratic-presidential-nominee-2028
2026-06-24,0.0915,Jon Ossoff,democratic-presidential-nominee-2028
2026-06-25,0.0925,Jon Ossoff,democratic-presidential-nominee-2028
2026-06-26,0.0935,Jon Ossoff,democratic-presidential-nominee-2028
2026-06-27,0.0945,Jon Ossoff,democratic-presidential-nominee-2028
2026-06-28,0.0955,Jon Ossoff,democratic-presidential-nominee-2028
2026-06-29,0.0945,Jon Ossoff,democratic-presidential-nominee-2028
2026-06-30,0.092,Jon Ossoff,democratic-presidential-nominee-2028
2026-07-01,0.102,Jon Ossoff,democratic-presidential-nominee-2028
2026-07-02,0.1055,Jon Ossoff,democratic-presidential-nominee-2028
2026-07-03,0.099,Jon Ossoff,democratic-presidential-nominee-2028
2026-07-04,0.1025,Jon Ossoff,democratic-presidential-nominee-2028
2026-07-05,0.0965,Jon Ossoff,democratic-presidential-nominee-2028
2026-07-06,0.1045,Jon Ossoff,democratic-presidential-nominee-2028
2026-07-07,0.1055,Jon Ossoff,democratic-presidential-nominee-2028
2026-07-08,0.131,Jon Ossoff,democratic-presidential-nominee-2028
2026-07-09,0.1255,Jon Ossoff,democratic-presidential-nominee-2028
2026-07-10,0.1245,Jon Ossoff,democratic-presidential-nominee-2028
2026-07-11,0.1195,Jon Ossoff,democratic-presidential-nominee-2028
2026-07-12,0.1045,Jon Ossoff,democratic-presidential-nominee-2028
2026-07-13,0.1205,Jon Ossoff,democratic-presidential-nominee-2028
2026-07-14,0.1205,Jon Ossoff,democratic-presidential-nominee-2028
2026-07-15,0.1205,Jon Ossoff,democratic-presidential-nominee-2028
2026-07-16,0.1205,Jon Ossoff,democratic-presidential-nominee-2028
2026-07-17,0.1455,Jon Ossoff,democratic-presidential-nominee-2028
2026-07-18,0.1465,Jon Ossoff,democratic-presidential-nominee-2028
2026-07-19,0.1405,Jon Ossoff,democratic-presidential-nominee-2028
2026-07-20,0.1405,Jon Ossoff,democratic-presidential-nominee-2028
2026-07-21,0.1435,Jon Ossoff,democratic-presidential-nominee-2028
2026-07-22,0.1435,Jon Ossoff,democratic-presidential-nominee-2028
2026-07-23,0.1435,Jon Ossoff,democratic-presidential-nominee-2028
2026-07-24,0.1425,Jon Ossoff,democratic-presidential-nominee-2028
2026-07-25,0.1575,Jon Ossoff,democratic-presidential-nominee-2028
2026-07-26,0.1575,Jon Ossoff,democratic-presidential-nominee-2028
2026-07-27,0.1555,Jon Ossoff,democratic-presidential-nominee-2028
2026-07-28,0.1405,Jon Ossoff,democratic-presidential-nominee-2028
2026-07-30,0.1315,Jon Ossoff,democratic-presidential-nominee-2028
2026-07-31,0.1345,Jon Ossoff,democratic-presidential-nominee-2028
2026-08-01,0.1375,Jon Ossoff,democratic-presidential-nominee-2028
2026-08-02,0.1385,Jon Ossoff,democratic-presidential-nominee-2028
2026-08-03,0.1395,Jon Ossoff,democratic-presidential-nominee-2028
2026-08-04,0.1465,Jon Ossoff,democratic-presidential-nominee-2028
2026-08-05,0.1465,Jon Ossoff,democratic-presidential-nominee-2028
2026-08-06,0.1705,Jon Ossoff,democratic-presidential-nominee-2028
2026-08-07,0.1655,Jon Ossoff,democratic-presidential-nominee-2028
2026-08-08,0.1635,Jon Ossoff,democratic-presidential-nominee-2028
2026-08-09,0.1625,Jon Ossoff,democratic-presidential-nominee-2028
2026-08-10,0.1605,Jon Ossoff,democratic-presidential-nominee-2028
2026-08-11,0.1595,Jon Ossoff,democratic-presidential-nominee-2028
2026-08-12,0.1575,Jon Ossoff,democratic-presidential-nominee-2028
2026-08-13,0.1575,Jon Ossoff,democratic-presidential-nominee-2028
2026-08-14,0.1555,Jon Ossoff,democratic-presidential-nominee-2028
2026-08-15,0.1495,Jon Ossoff,democratic-presidential-nominee-2028
2026-08-16,0.1495,Jon Ossoff,democratic-presidential-nominee-2028
2026-08-17,0.1475,Jon Ossoff,democratic-presidential-nominee-2028
2026-08-18,0.1485,Jon Ossoff,democratic-presidential-nominee-2028
2026-08-19,0.1375,Jon Ossoff,democratic-presidential-nominee-2028
2026-08-20,0.1365,Jon Ossoff,democratic-presidential-nominee-2028
2026-08-21,0.1385,Jon Ossoff,democratic-presidential-nominee-2028
2026-08-22,0.1425,Jon Ossoff,democratic-presidential-nominee-2028
2026-08-23,0.1485,Jon Ossoff,democratic-presidential-nominee-2028
2026-08-24,0.1465,Jon Ossoff,democratic-presidential-nominee-2028
2026-08-25,0.1475,Jon Ossoff,democratic-presidential-nominee-2028
2025-07-19,0.0115,Mark Kelly,democratic-presidential-nominee-2028
2025-07-20,0.0135,Mark Kelly,democratic-presidential-nominee-2028
2025-07-21,0.0135,Mark Kelly,democratic-presidential-nominee-2028
2025-07-22,0.013,Mark Kelly,democratic-presidential-nominee-2028
2025-07-23,0.013,Mark Kelly,democratic-presidential-nominee-2028
2025-07-24,0.013,Mark Kelly,democratic-presidential-nominee-2028
2025-07-25,0.0105,Mark Kelly,democratic-presidential-nominee-2028
2025-07-26,0.0105,Mark Kelly,democratic-presidential-nominee-2028
2025-07-27,0.01,Mark Kelly,democratic-presidential-nominee-2028
2025-07-28,0.0105,Mark Kelly,democratic-presidential-nominee-2028
2025-07-29,0.01,Mark Kelly,democratic-presidential-nominee-2028
2025-07-30,0.01,Mark Kelly,democratic-presidential-nominee-2028
2025-07-31,0.0085,Mark Kelly,democratic-presidential-nominee-2028
2025-08-01,0.008,Mark Kelly,democratic-presidential-nominee-2028
2025-08-02,0.008,Mark Kelly,democratic-presidential-nominee-2028
2025-08-03,0.008,Mark Kelly,democratic-presidential-nominee-2028
2025-08-04,0.0075,Mark Kelly,democratic-presidential-nominee-2028
2025-08-05,0.0075,Mark Kelly,democratic-presidential-nominee-2028
2025-08-06,0.0075,Mark Kelly,democratic-presidential-nominee-2028
2025-08-07,0.0075,Mark Kelly,democratic-presidential-nominee-2028
2025-08-08,0.007,Mark Kelly,democratic-presidential-nominee-2028
2025-08-09,0.007,Mark Kelly,democratic-presidential-nominee-2028
2025-08-10,0.0055,Mark Kelly,democratic-presidential-nominee-2028
2025-08-11,0.0055,Mark Kelly,democratic-presidential-nominee-2028
2025-08-12,0.005,Mark Kelly,democratic-presidential-nominee-2028
2025-08-13,0.0045,Mark Kelly,democratic-presidential-nominee-2028
2025-08-14,0.0045,Mark Kelly,democratic-presidential-nominee-2028
2025-08-15,0.0045,Mark Kelly,democratic-presidential-nominee-2028
2025-08-16,0.0045,Mark Kelly,democratic-presidential-nominee-2028
2025-08-17,0.006,Mark Kelly,democratic-presidential-nominee-2028
2025-08-18,0.0055,Mark Kelly,democratic-presidential-nominee-2028
2025-08-19,0.0055,Mark Kelly,democratic-presidential-nominee-2028
2025-08-20,0.0055,Mark Kelly,democratic-presidential-nominee-2028
2025-08-21,0.0055,Mark Kelly,democratic-presidential-nominee-2028
2025-08-22,0.0055,Mark Kelly,democratic-presidential-nominee-2028
2025-08-23,0.0055,Mark Kelly,democratic-presidential-nominee-2028
2025-08-24,0.0055,Mark Kelly,democratic-presidential-nominee-2028
2025-08-25,0.0055,Mark Kelly,democratic-presidential-nominee-2028
2025-08-26,0.0055,Mark Kelly,democratic-presidential-nominee-2028
2025-08-27,0.0065,Mark Kelly,democratic-presidential-nominee-2028
2025-08-28,0.0065,Mark Kelly,democratic-presidential-nominee-2028
2025-08-29,0.0065,Mark Kelly,democratic-presidential-nominee-2028
2025-08-30,0.0055,Mark Kelly,democratic-presidential-nominee-2028
2025-08-31,0.0065,Mark Kelly,democratic-presidential-nominee-2028
2025-09-01,0.007,Mark Kelly,democratic-presidential-nominee-2028
2025-09-02,0.0075,Mark Kelly,democratic-presidential-nominee-2028
2025-09-03,0.006,Mark Kelly,democratic-presidential-nominee-2028
2025-09-04,0.0065,Mark Kelly,democratic-presidential-nominee-2028
2025-09-05,0.0065,Mark Kelly,democratic-presidential-nominee-2028
2025-09-06,0.0065,Mark Kelly,democratic-presidential-nominee-2028
2025-09-07,0.0065,Mark Kelly,democratic-presidential-nominee-2028
2025-09-08,0.005,Mark Kelly,democratic-presidential-nominee-2028
2025-09-09,0.006,Mark Kelly,democratic-presidential-nominee-2028
2025-09-10,0.0065,Mark Kelly,democratic-presidential-nominee-2028
2025-09-11,0.0065,Mark Kelly,democratic-presidential-nominee-2028
2025-09-12,0.0065,Mark Kelly,democratic-presidential-nominee-2028
2025-09-13,0.019,Mark Kelly,democratic-presidential-nominee-2028
2025-09-14,0.018,Mark Kelly,democratic-presidential-nominee-2028
2025-09-15,0.0185,Mark Kelly,democratic-presidential-nominee-2028
2025-09-16,0.018,Mark Kelly,democratic-presidential-nominee-2028
2025-09-17,0.0155,Mark Kelly,democratic-presidential-nominee-2028
2025-09-18,0.016,Mark Kelly,democratic-presidential-nominee-2028
2025-09-19,0.0165,Mark Kelly,democratic-presidential-nominee-2028
2025-09-20,0.0165,Mark Kelly,democratic-presidential-nominee-2028
2025-09-21,0.013,Mark Kelly,democratic-presidential-nominee-2028
2025-09-22,0.0135,Mark Kelly,democratic-presidential-nominee-2028
2025-09-23,0.0135,Mark Kelly,democratic-presidential-nominee-2028
2025-09-24,0.014,Mark Kelly,democratic-presidential-nominee-2028
2025-09-25,0.017,Mark Kelly,democratic-presidential-nominee-2028
2025-09-26,0.017,Mark Kelly,democratic-presidential-nominee-2028
2025-09-27,0.0185,Mark Kelly,democratic-presidential-nominee-2028
2025-09-28,0.0185,Mark Kelly,democratic-presidential-nominee-2028
2025-09-29,0.0185,Mark Kelly,democratic-presidential-nominee-2028
2025-09-30,0.019,Mark Kelly,democratic-presidential-nominee-2028
2025-10-01,0.0185,Mark Kelly,democratic-presidential-nominee-2028
2025-10-02,0.019,Mark Kelly,democratic-presidential-nominee-2028
2025-10-03,0.0205,Mark Kelly,democratic-presidential-nominee-2028
2025-10-04,0.02,Mark Kelly,democratic-presidential-nominee-2028
2025-10-05,0.0155,Mark Kelly,democratic-presidential-nominee-2028
2025-10-06,0.0195,Mark Kelly,democratic-presidential-nominee-2028
2025-10-07,0.0185,Mark Kelly,democratic-presidential-nominee-2028
2025-10-08,0.016,Mark Kelly,democratic-presidential-nominee-2028
2025-10-09,0.0135,Mark Kelly,democratic-presidential-nominee-2028
2025-10-10,0.014,Mark Kelly,democratic-presidential-nominee-2028
2025-10-11,0.013,Mark Kelly,democratic-presidential-nominee-2028
2025-10-12,0.013,Mark Kelly,democratic-presidential-nominee-2028
2025-10-13,0.01,Mark Kelly,democratic-presidential-nominee-2028
2025-10-14,0.011,Mark Kelly,democratic-presidential-nominee-2028
2025-10-15,0.0105,Mark Kelly,democratic-presidential-nominee-2028
2025-10-16,0.0105,Mark Kelly,democratic-presidential-nominee-2028
2025-10-17,0.0105,Mark Kelly,democratic-presidential-nominee-2028
2025-10-18,0.0105,Mark Kelly,democratic-presidential-nominee-2028
2025-10-19,0.0105,Mark Kelly,democratic-presidential-nominee-2028
2025-10-20,0.0175,Mark Kelly,democratic-presidential-nominee-2028
2025-10-21,0.0165,Mark Kelly,democratic-presidential-nominee-2028
2025-10-22,0.0135,Mark Kelly,democratic-presidential-nominee-2028
2025-10-23,0.015,Mark Kelly,democratic-presidential-nominee-2028
2025-10-24,0.0145,Mark Kelly,democratic-presidential-nominee-2028
2025-10-25,0.012,Mark Kelly,democratic-presidential-nominee-2028
2025-10-26,0.01,Mark Kelly,democratic-presidential-nominee-2028
2025-10-27,0.0095,Mark Kelly,democratic-presidential-nominee-2028
2025-10-28,0.0145,Mark Kelly,democratic-presidential-nominee-2028
2025-10-29,0.014,Mark Kelly,democratic-presidential-nominee-2028
2025-10-30,0.014,Mark Kelly,democratic-presidential-nominee-2028
2025-10-31,0.0135,Mark Kelly,democratic-presidential-nominee-2028
2025-11-01,0.0115,Mark Kelly,democratic-presidential-nominee-2028
2025-11-02,0.0115,Mark Kelly,democratic-presidential-nominee-2028
2025-11-03,0.0105,Mark Kelly,democratic-presidential-nominee-2028
2025-11-04,0.0095,Mark Kelly,democratic-presidential-nominee-2028
2025-11-05,0.0115,Mark Kelly,democratic-presidential-nominee-2028
2025-11-06,0.0095,Mark Kelly,democratic-presidential-nominee-2028
2025-11-07,0.0095,Mark Kelly,democratic-presidential-nominee-2028
2025-11-08,0.0095,Mark Kelly,democratic-presidential-nominee-2028
2025-11-09,0.009,Mark Kelly,democratic-presidential-nominee-2028
2025-11-10,0.009,Mark Kelly,democratic-presidential-nominee-2028
2025-11-11,0.009,Mark Kelly,democratic-presidential-nominee-2028
2025-11-12,0.009,Mark Kelly,democratic-presidential-nominee-2028
2025-11-13,0.0085,Mark Kelly,democratic-presidential-nominee-2028
2025-11-14,0.008,Mark Kelly,democratic-presidential-nominee-2028
2025-11-15,0.0085,Mark Kelly,democratic-presidential-nominee-2028
2025-11-16,0.0085,Mark Kelly,democratic-presidential-nominee-2028
2025-11-17,0.0085,Mark Kelly,democratic-presidential-nominee-2028
2025-11-18,0.0085,Mark Kelly,democratic-presidential-nominee-2028
2025-11-19,0.0085,Mark Kelly,democratic-presidential-nominee-2028
2025-11-20,0.0105,Mark Kelly,democratic-presidential-nominee-2028
2025-11-21,0.0095,Mark Kelly,democratic-presidential-nominee-2028
2025-11-22,0.0105,Mark Kelly,democratic-presidential-nominee-2028
2025-11-23,0.0105,Mark Kelly,democratic-presidential-nominee-2028
2025-11-24,0.0115,Mark Kelly,democratic-presidential-nominee-2028
2025-11-25,0.0155,Mark Kelly,democratic-presidential-nominee-2028
2025-11-26,0.0185,Mark Kelly,democratic-presidential-nominee-2028
2025-11-27,0.0325,Mark Kelly,democratic-presidential-nominee-2028
2025-11-28,0.0285,Mark Kelly,democratic-presidential-nominee-2028
2025-11-29,0.0285,Mark Kelly,democratic-presidential-nominee-2028
2025-11-30,0.0285,Mark Kelly,democratic-presidential-nominee-2028
2025-12-01,0.033,Mark Kelly,democratic-presidential-nominee-2028
2025-12-02,0.0275,Mark Kelly,democratic-presidential-nominee-2028
2025-12-03,0.0285,Mark Kelly,democratic-presidential-nominee-2028
2025-12-04,0.0375,Mark Kelly,democratic-presidential-nominee-2028
2025-12-05,0.0595,Mark Kelly,democratic-presidential-nominee-2028
2025-12-06,0.032,Mark Kelly,democratic-presidential-nominee-2028
2025-12-07,0.0255,Mark Kelly,democratic-presidential-nominee-2028
2025-12-08,0.0365,Mark Kelly,democratic-presidential-nominee-2028
2025-12-09,0.037,Mark Kelly,democratic-presidential-nominee-2028
2025-12-10,0.0415,Mark Kelly,democratic-presidential-nominee-2028
2025-12-11,0.037,Mark Kelly,democratic-presidential-nominee-2028
2025-12-12,0.032,Mark Kelly,democratic-presidential-nominee-2028
2025-12-13,0.029,Mark Kelly,democratic-presidential-nominee-2028
2025-12-14,0.0235,Mark Kelly,democratic-presidential-nominee-2028
2025-12-15,0.028,Mark Kelly,democratic-presidential-nominee-2028
2025-12-16,0.03,Mark Kelly,democratic-presidential-nominee-2028
2025-12-17,0.0295,Mark Kelly,democratic-presidential-nominee-2028
2025-12-18,0.0315,Mark Kelly,democratic-presidential-nominee-2028
2025-12-19,0.0335,Mark Kelly,democratic-presidential-nominee-2028
2025-12-20,0.0315,Mark Kelly,democratic-presidential-nominee-2028
2025-12-21,0.0215,Mark Kelly,democratic-presidential-nominee-2028
2025-12-22,0.0235,Mark Kelly,democratic-presidential-nominee-2028
2025-12-23,0.023,Mark Kelly,democratic-presidential-nominee-2028
2025-12-24,0.0225,Mark Kelly,democratic-presidential-nominee-2028
2025-12-25,0.0215,Mark Kelly,democratic-presidential-nominee-2028
2025-12-26,0.0195,Mark Kelly,democratic-presidential-nominee-2028
2025-12-27,0.0195,Mark Kelly,democratic-presidential-nominee-2028
2025-12-28,0.0195,Mark Kelly,democratic-presidential-nominee-2028
2025-12-29,0.0185,Mark Kelly,democratic-presidential-nominee-2028
2025-12-30,0.0185,Mark Kelly,democratic-presidential-nominee-2028
2025-12-31,0.0185,Mark Kelly,democratic-presidential-nominee-2028
2026-01-01,0.0185,Mark Kelly,democratic-presidential-nominee-2028
2026-01-02,0.018,Mark Kelly,democratic-presidential-nominee-2028
2026-01-03,0.0175,Mark Kelly,democratic-presidential-nominee-2028
2026-01-04,0.0185,Mark Kelly,democratic-presidential-nominee-2028
2026-01-05,0.0145,Mark Kelly,democratic-presidential-nominee-2028
2026-01-06,0.02,Mark Kelly,democratic-presidential-nominee-2028
2026-01-07,0.0215,Mark Kelly,democratic-presidential-nominee-2028
2026-01-08,0.0195,Mark Kelly,democratic-presidential-nominee-2028
2026-01-09,0.0155,Mark Kelly,democratic-presidential-nominee-2028
2026-01-10,0.0155,Mark Kelly,democratic-presidential-nominee-2028
2026-01-11,0.0135,Mark Kelly,democratic-presidential-nominee-2028
2026-01-12,0.0125,Mark Kelly,democratic-presidential-nominee-2028
2026-01-13,0.0135,Mark Kelly,democratic-presidential-nominee-2028
2026-01-14,0.0175,Mark Kelly,democratic-presidential-nominee-2028
2026-01-15,0.0195,Mark Kelly,democratic-presidential-nominee-2028
2026-01-16,0.0225,Mark Kelly,democratic-presidential-nominee-2028
2026-01-17,0.0165,Mark Kelly,democratic-presidential-nominee-2028
2026-01-18,0.0195,Mark Kelly,democratic-presidential-nominee-2028
2026-01-19,0.0205,Mark Kelly,democratic-presidential-nominee-2028
2026-01-20,0.0155,Mark Kelly,democratic-presidential-nominee-2028
2026-01-21,0.0225,Mark Kelly,democratic-presidential-nominee-2028
2026-01-22,0.026,Mark Kelly,democratic-presidential-nominee-2028
2026-01-23,0.0285,Mark Kelly,democratic-presidential-nominee-2028
2026-01-24,0.0245,Mark Kelly,democratic-presidential-nominee-2028
2026-01-25,0.023,Mark Kelly,democratic-presidential-nominee-2028
2026-01-26,0.024,Mark Kelly,democratic-presidential-nominee-2028
2026-01-27,0.0225,Mark Kelly,democratic-presidential-nominee-2028
2026-01-28,0.0215,Mark Kelly,democratic-presidential-nominee-2028
2026-01-29,0.023,Mark Kelly,democratic-presidential-nominee-2028
2026-01-30,0.0235,Mark Kelly,democratic-presidential-nominee-2028
2026-01-31,0.0215,Mark Kelly,democratic-presidential-nominee-2028
2026-02-01,0.0235,Mark Kelly,democratic-presidential-nominee-2028
2026-02-02,0.0225,Mark Kelly,democratic-presidential-nominee-2028
2026-02-03,0.0205,Mark Kelly,democratic-presidential-nominee-2028
2026-02-04,0.0225,Mark Kelly,democratic-presidential-nominee-2028
2026-02-05,0.0215,Mark Kelly,democratic-presidential-nominee-2028
2026-02-06,0.0225,Mark Kelly,democratic-presidential-nominee-2028
2026-02-07,0.0215,Mark Kelly,democratic-presidential-nominee-2028
2026-02-08,0.0175,Mark Kelly,democratic-presidential-nominee-2028
2026-02-09,0.0185,Mark Kelly,democratic-presidential-nominee-2028
2026-02-10,0.0195,Mark Kelly,democratic-presidential-nominee-2028
2026-02-11,0.0215,Mark Kelly,democratic-presidential-nominee-2028
2026-02-12,0.0265,Mark Kelly,democratic-presidential-nominee-2028
2026-02-13,0.0265,Mark Kelly,democratic-presidential-nominee-2028
2026-02-14,0.0235,Mark Kelly,democratic-presidential-nominee-2028
2026-02-15,0.0235,Mark Kelly,democratic-presidential-nominee-2028
2026-02-16,0.0205,Mark Kelly,democratic-presidential-nominee-2028
2026-02-17,0.021,Mark Kelly,democratic-presidential-nominee-2028
2026-02-18,0.0245,Mark Kelly,democratic-presidential-nominee-2028
2026-02-19,0.0245,Mark Kelly,democratic-presidential-nominee-2028
2026-02-20,0.0245,Mark Kelly,democratic-presidential-nominee-2028
2026-02-21,0.0255,Mark Kelly,democratic-presidential-nominee-2028
2026-02-22,0.0255,Mark Kelly,democratic-presidential-nominee-2028
2026-02-23,0.0255,Mark Kelly,democratic-presidential-nominee-2028
2026-02-24,0.0245,Mark Kelly,democratic-presidential-nominee-2028
2026-02-25,0.0255,Mark Kelly,democratic-presidential-nominee-2028
2026-02-26,0.0255,Mark Kelly,democratic-presidential-nominee-2028
2026-02-27,0.0245,Mark Kelly,democratic-presidential-nominee-2028
2026-02-28,0.0245,Mark Kelly,democratic-presidential-nominee-2028
2026-03-01,0.0235,Mark Kelly,democratic-presidential-nominee-2028
2026-03-02,0.0235,Mark Kelly,democratic-presidential-nominee-2028
2026-03-03,0.0265,Mark Kelly,democratic-presidential-nominee-2028
2026-03-04,0.0265,Mark Kelly,democratic-presidential-nominee-2028
2026-03-05,0.0265,Mark Kelly,democratic-presidential-nominee-2028
2026-03-06,0.0275,Mark Kelly,democratic-presidential-nominee-2028
2026-03-07,0.0265,Mark Kelly,democratic-presidential-nominee-2028
2026-03-08,0.0215,Mark Kelly,democratic-presidential-nominee-2028
2026-03-09,0.0245,Mark Kelly,democratic-presidential-nominee-2028
2026-03-10,0.0285,Mark Kelly,democratic-presidential-nominee-2028
2026-03-11,0.0225,Mark Kelly,democratic-presidential-nominee-2028
2026-03-12,0.0275,Mark Kelly,democratic-presidential-nominee-2028
2026-03-13,0.0285,Mark Kelly,democratic-presidential-nominee-2028
2026-03-14,0.0265,Mark Kelly,democratic-presidential-nominee-2028
2026-03-15,0.0275,Mark Kelly,democratic-presidential-nominee-2028
2026-03-16,0.0265,Mark Kelly,democratic-presidential-nominee-2028
2026-03-17,0.027,Mark Kelly,democratic-presidential-nominee-2028
2026-03-18,0.0245,Mark Kelly,democratic-presidential-nominee-2028
2026-03-19,0.023,Mark Kelly,democratic-presidential-nominee-2028
2026-03-20,0.026,Mark Kelly,democratic-presidential-nominee-2028
2026-03-21,0.0245,Mark Kelly,democratic-presidential-nominee-2028
2026-03-22,0.0235,Mark Kelly,democratic-presidential-nominee-2028
2026-03-23,0.022,Mark Kelly,democratic-presidential-nominee-2028
2026-03-24,0.0215,Mark Kelly,democratic-presidential-nominee-2028
2026-03-25,0.0225,Mark Kelly,democratic-presidential-nominee-2028
2026-03-26,0.0225,Mark Kelly,democratic-presidential-nominee-2028
2026-03-27,0.0215,Mark Kelly,democratic-presidential-nominee-2028
2026-03-28,0.0205,Mark Kelly,democratic-presidential-nominee-2028
2026-03-29,0.021,Mark Kelly,democratic-presidential-nominee-2028
2026-03-30,0.0205,Mark Kelly,democratic-presidential-nominee-2028
2026-03-31,0.0195,Mark Kelly,democratic-presidential-nominee-2028
2026-04-01,0.02,Mark Kelly,democratic-presidential-nominee-2028
2026-04-02,0.0185,Mark Kelly,democratic-presidential-nominee-2028
2026-04-07,0.0175,Mark Kelly,democratic-presidential-nominee-2028
2026-04-09,0.0195,Mark Kelly,democratic-presidential-nominee-2028
2026-04-18,0.0285,Mark Kelly,democratic-presidential-nominee-2028
2026-04-22,0.0275,Mark Kelly,democratic-presidential-nominee-2028
2026-04-23,0.0275,Mark Kelly,democratic-presidential-nominee-2028
2026-04-24,0.0265,Mark Kelly,democratic-presidential-nominee-2028
2026-04-25,0.0245,Mark Kelly,democratic-presidential-nominee-2028
2026-04-26,0.0255,Mark Kelly,democratic-presidential-nominee-2028
2026-04-27,0.026,Mark Kelly,democratic-presidential-nominee-2028
2026-04-28,0.0245,Mark Kelly,democratic-presidential-nominee-2028
2026-04-29,0.0265,Mark Kelly,democratic-presidential-nominee-2028
2026-04-30,0.0265,Mark Kelly,democratic-presidential-nominee-2028
2026-05-01,0.0255,Mark Kelly,democratic-presidential-nominee-2028
2026-05-02,0.0255,Mark Kelly,democratic-presidential-nominee-2028
2026-05-03,0.025,Mark Kelly,democratic-presidential-nominee-2028
2026-05-04,0.025,Mark Kelly,democratic-presidential-nominee-2028
2026-05-05,0.025,Mark Kelly,democratic-presidential-nominee-2028
2026-05-06,0.025,Mark Kelly,democratic-presidential-nominee-2028
2026-05-07,0.0255,Mark Kelly,democratic-presidential-nominee-2028
2026-05-08,0.0245,Mark Kelly,democratic-presidential-nominee-2028
2026-05-09,0.0245,Mark Kelly,democratic-presidential-nominee-2028
2026-05-10,0.0255,Mark Kelly,democratic-presidential-nominee-2028
2026-05-11,0.0245,Mark Kelly,democratic-presidential-nominee-2028
2026-05-12,0.0235,Mark Kelly,democratic-presidential-nominee-2028
2026-05-13,0.0235,Mark Kelly,democratic-presidential-nominee-2028
2026-05-14,0.0225,Mark Kelly,democratic-presidential-nominee-2028
2026-05-15,0.0225,Mark Kelly,democratic-presidential-nominee-2028
2026-05-16,0.0225,Mark Kelly,democratic-presidential-nominee-2028
2026-05-17,0.0225,Mark Kelly,democratic-presidential-nominee-2028
2026-05-18,0.0215,Mark Kelly,democratic-presidential-nominee-2028
2026-05-19,0.0215,Mark Kelly,democratic-presidential-nominee-2028
2026-05-20,0.0215,Mark Kelly,democratic-presidential-nominee-2028
2026-05-21,0.0215,Mark Kelly,democratic-presidential-nominee-2028
2026-05-22,0.0215,Mark Kelly,democratic-presidential-nominee-2028
2026-05-23,0.0215,Mark Kelly,democratic-presidential-nominee-2028
2026-05-24,0.0215,Mark Kelly,democratic-presidential-nominee-2028
2026-05-25,0.0215,Mark Kelly,democratic-presidential-nominee-2028
2026-05-26,0.0215,Mark Kelly,democratic-presidential-nominee-2028
2026-05-27,0.0205,Mark Kelly,democratic-presidential-nominee-2028
2026-05-28,0.0195,Mark Kelly,democratic-presidential-nominee-2028
2026-05-29,0.0205,Mark Kelly,democratic-presidential-nominee-2028
2026-05-30,0.0195,Mark Kelly,democratic-presidential-nominee-2028
2026-05-31,0.0195,Mark Kelly,democratic-presidential-nominee-2028
2026-06-01,0.0195,Mark Kelly,democratic-presidential-nominee-2028
2026-06-02,0.0195,Mark Kelly,democratic-presidential-nominee-2028
2026-06-03,0.0195,Mark Kelly,democratic-presidential-nominee-2028
2026-06-04,0.0195,Mark Kelly,democratic-presidential-nominee-2028
2026-06-05,0.0195,Mark Kelly,democratic-presidential-nominee-2028
2026-06-06,0.0195,Mark Kelly,democratic-presidential-nominee-2028
2026-06-07,0.0195,Mark Kelly,democratic-presidential-nominee-2028
2026-06-08,0.0195,Mark Kelly,democratic-presidential-nominee-2028
2026-06-09,0.0195,Mark Kelly,democratic-presidential-nominee-2028
2026-06-10,0.0185,Mark Kelly,democratic-presidential-nominee-2028
2026-06-11,0.0185,Mark Kelly,democratic-presidential-nominee-2028
2026-06-12,0.0175,Mark Kelly,democratic-presidential-nominee-2028
2026-06-13,0.0175,Mark Kelly,democratic-presidential-nominee-2028
2026-06-14,0.0175,Mark Kelly,democratic-presidential-nominee-2028
2026-06-15,0.0175,Mark Kelly,democratic-presidential-nominee-2028
2026-06-16,0.0175,Mark Kelly,democratic-presidential-nominee-2028
2026-06-17,0.0175,Mark Kelly,democratic-presidential-nominee-2028
2026-06-18,0.0165,Mark Kelly,democratic-presidential-nominee-2028
2026-06-19,0.0155,Mark Kelly,democratic-presidential-nominee-2028
2026-06-20,0.0155,Mark Kelly,democratic-presidential-nominee-2028
2026-06-21,0.0155,Mark Kelly,democratic-presidential-nominee-2028
2026-06-22,0.0155,Mark Kelly,democratic-presidential-nominee-2028
2026-06-23,0.0155,Mark Kelly,democratic-presidential-nominee-2028
2026-06-24,0.0155,Mark Kelly,democratic-presidential-nominee-2028
2026-06-25,0.0155,Mark Kelly,democratic-presidential-nominee-2028
2026-06-26,0.0155,Mark Kelly,democratic-presidential-nominee-2028
2026-06-27,0.0155,Mark Kelly,democratic-presidential-nominee-2028
2026-06-28,0.0155,Mark Kelly,democratic-presidential-nominee-2028
2026-06-29,0.0155,Mark Kelly,democratic-presidential-nominee-2028
2026-06-30,0.0145,Mark Kelly,democratic-presidential-nominee-2028
2026-07-01,0.0145,Mark Kelly,democratic-presidential-nominee-2028
2026-07-02,0.0145,Mark Kelly,democratic-presidential-nominee-2028
2026-07-03,0.0145,Mark Kelly,democratic-presidential-nominee-2028
2026-07-04,0.0145,Mark Kelly,democratic-presidential-nominee-2028
2026-07-05,0.014,Mark Kelly,democratic-presidential-nominee-2028
2026-07-06,0.0135,Mark Kelly,democratic-presidential-nominee-2028
2026-07-07,0.0135,Mark Kelly,democratic-presidential-nominee-2028
2026-07-08,0.0125,Mark Kelly,democratic-presidential-nominee-2028
2026-07-09,0.0105,Mark Kelly,democratic-presidential-nominee-2028
2026-07-10,0.0105,Mark Kelly,democratic-presidential-nominee-2028
2026-07-11,0.0105,Mark Kelly,democratic-presidential-nominee-2028
2026-07-12,0.0095,Mark Kelly,democratic-presidential-nominee-2028
2026-07-13,0.0095,Mark Kelly,democratic-presidential-nominee-2028
2026-07-14,0.0095,Mark Kelly,democratic-presidential-nominee-2028
2026-07-15,0.0095,Mark Kelly,democratic-presidential-nominee-2028
2026-07-16,0.0095,Mark Kelly,democratic-presidential-nominee-2028
2026-07-17,0.0085,Mark Kelly,democratic-presidential-nominee-2028
2026-07-18,0.009,Mark Kelly,democratic-presidential-nominee-2028
2026-07-19,0.0095,Mark Kelly,democratic-presidential-nominee-2028
2026-07-20,0.0095,Mark Kelly,democratic-presidential-nominee-2028
2026-07-21,0.0095,Mark Kelly,democratic-presidential-nominee-2028
2026-07-22,0.0195,Mark Kelly,democratic-presidential-nominee-2028
2026-07-23,0.0185,Mark Kelly,democratic-presidential-nominee-2028
2026-07-24,0.0205,Mark Kelly,democratic-presidential-nominee-2028
2026-07-25,0.0205,Mark Kelly,democratic-presidential-nominee-2028
2026-07-26,0.0215,Mark Kelly,democratic-presidential-nominee-2028
2026-07-27,0.0215,Mark Kelly,democratic-presidential-nominee-2028
2026-07-28,0.0225,Mark Kelly,democratic-presidential-nominee-2028
2026-07-30,0.0335,Mark Kelly,democratic-presidential-nominee-2028
2026-07-31,0.03,Mark Kelly,democratic-presidential-nominee-2028
2026-08-01,0.0285,Mark Kelly,democratic-presidential-nominee-2028
2026-08-02,0.0275,Mark Kelly,democratic-presidential-nominee-2028
2026-08-03,0.0295,Mark Kelly,democratic-presidential-nominee-2028
2026-08-04,0.0285,Mark Kelly,democratic-presidential-nominee-2028
2026-08-05,0.0295,Mark Kelly,democratic-presidential-nominee-2028
2026-08-06,0.0295,Mark Kelly,democratic-presidential-nominee-2028
2026-08-07,0.0295,Mark Kelly,democratic-presidential-nominee-2028
2026-08-08,0.0295,Mark Kelly,democratic-presidential-nominee-2028
2026-08-09,0.0295,Mark Kelly,democratic-presidential-nominee-2028
2026-08-10,0.0305,Mark Kelly,democratic-presidential-nominee-2028
2026-08-11,0.0305,Mark Kelly,democratic-presidential-nominee-2028
2026-08-12,0.0315,Mark Kelly,democratic-presidential-nominee-2028
2026-08-13,0.0305,Mark Kelly,democratic-presidential-nominee-2028
2026-08-14,0.0355,Mark Kelly,democratic-presidential-nominee-2028
2026-08-15,0.0295,Mark Kelly,democratic-presidential-nominee-2028
2026-08-16,0.0295,Mark Kelly,democratic-presidential-nominee-2028
2026-08-17,0.0295,Mark Kelly,democratic-presidential-nominee-2028
2026-08-18,0.0285,Mark Kelly,democratic-presidential-nominee-2028
2026-08-19,0.0285,Mark Kelly,democratic-presidential-nominee-2028
2026-08-20,0.0285,Mark Kelly,democratic-presidential-nominee-2028
2026-08-21,0.0295,Mark Kelly,democratic-presidential-nominee-2028
2026-08-22,0.0295,Mark Kelly,democratic-presidential-nominee-2028
2026-08-23,0.0305,Mark Kelly,democratic-presidential-nominee-2028
2026-08-24,0.032,Mark Kelly,democratic-presidential-nominee-2028
2026-08-25,0.0305,Mark Kelly,democratic-presidential-nominee-2028
2025-07-19,0.265,JD Vance,presidential-election-winner-2028
2025-07-20,0.265,JD Vance,presidential-election-winner-2028
2025-07-21,0.265,JD Vance,presidential-election-winner-2028
2025-07-22,0.275,JD Vance,presidential-election-winner-2028
2025-07-23,0.275,JD Vance,presidential-election-winner-2028
2025-07-24,0.275,JD Vance,presidential-election-winner-2028
2025-07-25,0.275,JD Vance,presidential-election-winner-2028
2025-07-26,0.275,JD Vance,presidential-election-winner-2028
2025-07-27,0.275,JD Vance,presidential-election-winner-2028
2025-07-28,0.275,JD Vance,presidential-election-winner-2028
2025-07-29,0.275,JD Vance,presidential-election-winner-2028
2025-07-30,0.275,JD Vance,presidential-election-winner-2028
2025-07-31,0.275,JD Vance,presidential-election-winner-2028
2025-08-01,0.275,JD Vance,presidential-election-winner-2028
2025-08-02,0.275,JD Vance,presidential-election-winner-2028
2025-08-03,0.275,JD Vance,presidential-election-winner-2028
2025-08-04,0.275,JD Vance,presidential-election-winner-2028
2025-08-05,0.275,JD Vance,presidential-election-winner-2028
2025-08-06,0.275,JD Vance,presidential-election-winner-2028
2025-08-07,0.275,JD Vance,presidential-election-winner-2028
2025-08-08,0.275,JD Vance,presidential-election-winner-2028
2025-08-09,0.265,JD Vance,presidential-election-winner-2028
2025-08-10,0.265,JD Vance,presidential-election-winner-2028
2025-08-11,0.265,JD Vance,presidential-election-winner-2028
2025-08-12,0.275,JD Vance,presidential-election-winner-2028
2025-08-13,0.275,JD Vance,presidential-election-winner-2028
2025-08-14,0.275,JD Vance,presidential-election-winner-2028
2025-08-15,0.27,JD Vance,presidential-election-winner-2028
2025-08-16,0.265,JD Vance,presidential-election-winner-2028
2025-08-17,0.275,JD Vance,presidential-election-winner-2028
2025-08-18,0.275,JD Vance,presidential-election-winner-2028
2025-08-19,0.275,JD Vance,presidential-election-winner-2028
2025-08-20,0.275,JD Vance,presidential-election-winner-2028
2025-08-21,0.275,JD Vance,presidential-election-winner-2028
2025-08-22,0.265,JD Vance,presidential-election-winner-2028
2025-08-23,0.265,JD Vance,presidential-election-winner-2028
2025-08-24,0.265,JD Vance,presidential-election-winner-2028
2025-08-25,0.265,JD Vance,presidential-election-winner-2028
2025-08-26,0.265,JD Vance,presidential-election-winner-2028
2025-08-27,0.275,JD Vance,presidential-election-winner-2028
2025-08-28,0.275,JD Vance,presidential-election-winner-2028
2025-08-29,0.275,JD Vance,presidential-election-winner-2028
2025-08-30,0.275,JD Vance,presidential-election-winner-2028
2025-08-31,0.275,JD Vance,presidential-election-winner-2028
2025-09-01,0.275,JD Vance,presidential-election-winner-2028
2025-09-02,0.275,JD Vance,presidential-election-winner-2028
2025-09-03,0.275,JD Vance,presidential-election-winner-2028
2025-09-04,0.275,JD Vance,presidential-election-winner-2028
2025-09-05,0.275,JD Vance,presidential-election-winner-2028
2025-09-06,0.275,JD Vance,presidential-election-winner-2028
2025-09-07,0.275,JD Vance,presidential-election-winner-2028
2025-09-08,0.275,JD Vance,presidential-election-winner-2028
2025-09-09,0.275,JD Vance,presidential-election-winner-2028
2025-09-10,0.275,JD Vance,presidential-election-winner-2028
2025-09-11,0.275,JD Vance,presidential-election-winner-2028
2025-09-12,0.275,JD Vance,presidential-election-winner-2028
2025-09-13,0.265,JD Vance,presidential-election-winner-2028
2025-09-14,0.265,JD Vance,presidential-election-winner-2028
2025-09-15,0.265,JD Vance,presidential-election-winner-2028
2025-09-16,0.265,JD Vance,presidential-election-winner-2028
2025-09-17,0.265,JD Vance,presidential-election-winner-2028
2025-09-18,0.265,JD Vance,presidential-election-winner-2028
2025-09-19,0.265,JD Vance,presidential-election-winner-2028
2025-09-20,0.265,JD Vance,presidential-election-winner-2028
2025-09-21,0.265,JD Vance,presidential-election-winner-2028
2025-09-22,0.265,JD Vance,presidential-election-winner-2028
2025-09-23,0.265,JD Vance,presidential-election-winner-2028
2025-09-24,0.265,JD Vance,presidential-election-winner-2028
2025-09-25,0.265,JD Vance,presidential-election-winner-2028
2025-09-26,0.265,JD Vance,presidential-election-winner-2028
2025-09-27,0.265,JD Vance,presidential-election-winner-2028
2025-09-28,0.265,JD Vance,presidential-election-winner-2028
2025-09-29,0.275,JD Vance,presidential-election-winner-2028
2025-09-30,0.275,JD Vance,presidential-election-winner-2028
2025-10-01,0.275,JD Vance,presidential-election-winner-2028
2025-10-02,0.275,JD Vance,presidential-election-winner-2028
2025-10-03,0.275,JD Vance,presidential-election-winner-2028
2025-10-04,0.275,JD Vance,presidential-election-winner-2028
2025-10-05,0.285,JD Vance,presidential-election-winner-2028
2025-10-06,0.285,JD Vance,presidential-election-winner-2028
2025-10-07,0.28,JD Vance,presidential-election-winner-2028
2025-10-08,0.275,JD Vance,presidential-election-winner-2028
2025-10-09,0.28,JD Vance,presidential-election-winner-2028
2025-10-10,0.285,JD Vance,presidential-election-winner-2028
2025-10-11,0.285,JD Vance,presidential-election-winner-2028
2025-10-12,0.28,JD Vance,presidential-election-winner-2028
2025-10-13,0.275,JD Vance,presidential-election-winner-2028
2025-10-14,0.275,JD Vance,presidential-election-winner-2028
2025-10-15,0.275,JD Vance,presidential-election-winner-2028
2025-10-16,0.285,JD Vance,presidential-election-winner-2028
2025-10-17,0.285,JD Vance,presidential-election-winner-2028
2025-10-18,0.285,JD Vance,presidential-election-winner-2028
2025-10-19,0.285,JD Vance,presidential-election-winner-2028
2025-10-20,0.285,JD Vance,presidential-election-winner-2028
2025-10-21,0.285,JD Vance,presidential-election-winner-2028
2025-10-22,0.285,JD Vance,presidential-election-winner-2028
2025-10-23,0.285,JD Vance,presidential-election-winner-2028
2025-10-24,0.285,JD Vance,presidential-election-winner-2028
2025-10-25,0.285,JD Vance,presidential-election-winner-2028
2025-10-26,0.295,JD Vance,presidential-election-winner-2028
2025-10-27,0.285,JD Vance,presidential-election-winner-2028
2025-10-28,0.285,JD Vance,presidential-election-winner-2028
2025-10-29,0.275,JD Vance,presidential-election-winner-2028
2025-10-30,0.285,JD Vance,presidential-election-winner-2028
2025-10-31,0.275,JD Vance,presidential-election-winner-2028
2025-11-01,0.275,JD Vance,presidential-election-winner-2028
2025-11-02,0.285,JD Vance,presidential-election-winner-2028
2025-11-03,0.285,JD Vance,presidential-election-winner-2028
2025-11-04,0.285,JD Vance,presidential-election-winner-2028
2025-11-05,0.285,JD Vance,presidential-election-winner-2028
2025-11-06,0.285,JD Vance,presidential-election-winner-2028
2025-11-07,0.285,JD Vance,presidential-election-winner-2028
2025-11-08,0.295,JD Vance,presidential-election-winner-2028
2025-11-09,0.295,JD Vance,presidential-election-winner-2028
2025-11-10,0.285,JD Vance,presidential-election-winner-2028
2025-11-11,0.285,JD Vance,presidential-election-winner-2028
2025-11-12,0.285,JD Vance,presidential-election-winner-2028
2025-11-13,0.285,JD Vance,presidential-election-winner-2028
2025-11-14,0.285,JD Vance,presidential-election-winner-2028
2025-11-15,0.285,JD Vance,presidential-election-winner-2028
2025-11-16,0.285,JD Vance,presidential-election-winner-2028
2025-11-17,0.285,JD Vance,presidential-election-winner-2028
2025-11-18,0.285,JD Vance,presidential-election-winner-2028
2025-11-19,0.285,JD Vance,presidential-election-winner-2028
2025-11-20,0.285,JD Vance,presidential-election-winner-2028
2025-11-21,0.295,JD Vance,presidential-election-winner-2028
2025-11-22,0.285,JD Vance,presidential-election-winner-2028
2025-11-23,0.285,JD Vance,presidential-election-winner-2028
2025-11-24,0.285,JD Vance,presidential-election-winner-2028
2025-11-25,0.295,JD Vance,presidential-election-winner-2028
2025-11-26,0.295,JD Vance,presidential-election-winner-2028
2025-11-27,0.295,JD Vance,presidential-election-winner-2028
2025-11-28,0.29,JD Vance,presidential-election-winner-2028
2025-11-29,0.285,JD Vance,presidential-election-winner-2028
2025-11-30,0.29,JD Vance,presidential-election-winner-2028
2025-12-01,0.285,JD Vance,presidential-election-winner-2028
2025-12-02,0.295,JD Vance,presidential-election-winner-2028
2025-12-03,0.295,JD Vance,presidential-election-winner-2028
2025-12-04,0.295,JD Vance,presidential-election-winner-2028
2025-12-05,0.295,JD Vance,presidential-election-winner-2028
2025-12-06,0.295,JD Vance,presidential-election-winner-2028
2025-12-07,0.295,JD Vance,presidential-election-winner-2028
2025-12-08,0.295,JD Vance,presidential-election-winner-2028
2025-12-09,0.295,JD Vance,presidential-election-winner-2028
2025-12-10,0.295,JD Vance,presidential-election-winner-2028
2025-12-11,0.295,JD Vance,presidential-election-winner-2028
2025-12-12,0.295,JD Vance,presidential-election-winner-2028
2025-12-13,0.295,JD Vance,presidential-election-winner-2028
2025-12-14,0.305,JD Vance,presidential-election-winner-2028
2025-12-15,0.3,JD Vance,presidential-election-winner-2028
2025-12-16,0.295,JD Vance,presidential-election-winner-2028
2025-12-17,0.315,JD Vance,presidential-election-winner-2028
2025-12-18,0.315,JD Vance,presidential-election-winner-2028
2025-12-19,0.305,JD Vance,presidential-election-winner-2028
2025-12-20,0.315,JD Vance,presidential-election-winner-2028
2025-12-21,0.315,JD Vance,presidential-election-winner-2028
2025-12-22,0.315,JD Vance,presidential-election-winner-2028
2025-12-23,0.305,JD Vance,presidential-election-winner-2028
2025-12-24,0.305,JD Vance,presidential-election-winner-2028
2025-12-25,0.305,JD Vance,presidential-election-winner-2028
2025-12-26,0.305,JD Vance,presidential-election-winner-2028
2025-12-27,0.305,JD Vance,presidential-election-winner-2028
2025-12-28,0.305,JD Vance,presidential-election-winner-2028
2025-12-29,0.305,JD Vance,presidential-election-winner-2028
2025-12-30,0.305,JD Vance,presidential-election-winner-2028
2025-12-31,0.305,JD Vance,presidential-election-winner-2028
2026-01-01,0.305,JD Vance,presidential-election-winner-2028
2026-01-02,0.305,JD Vance,presidential-election-winner-2028
2026-01-03,0.305,JD Vance,presidential-election-winner-2028
2026-01-04,0.305,JD Vance,presidential-election-winner-2028
2026-01-05,0.305,JD Vance,presidential-election-winner-2028
2026-01-06,0.295,JD Vance,presidential-election-winner-2028
2026-01-07,0.295,JD Vance,presidential-election-winner-2028
2026-01-08,0.295,JD Vance,presidential-election-winner-2028
2026-01-09,0.265,JD Vance,presidential-election-winner-2028
2026-01-10,0.275,JD Vance,presidential-election-winner-2028
2026-01-11,0.28,JD Vance,presidential-election-winner-2028
2026-01-12,0.275,JD Vance,presidential-election-winner-2028
2026-01-13,0.285,JD Vance,presidential-election-winner-2028
2026-01-14,0.275,JD Vance,presidential-election-winner-2028
2026-01-15,0.265,JD Vance,presidential-election-winner-2028
2026-01-16,0.265,JD Vance,presidential-election-winner-2028
2026-01-17,0.265,JD Vance,presidential-election-winner-2028
2026-01-18,0.265,JD Vance,presidential-election-winner-2028
2026-01-19,0.26,JD Vance,presidential-election-winner-2028
2026-01-20,0.265,JD Vance,presidential-election-winner-2028
2026-01-21,0.265,JD Vance,presidential-election-winner-2028
2026-01-22,0.265,JD Vance,presidential-election-winner-2028
2026-01-23,0.265,JD Vance,presidential-election-winner-2028
2026-01-24,0.265,JD Vance,presidential-election-winner-2028
2026-01-25,0.265,JD Vance,presidential-election-winner-2028
2026-01-26,0.265,JD Vance,presidential-election-winner-2028
2026-01-27,0.265,JD Vance,presidential-election-winner-2028
2026-01-28,0.265,JD Vance,presidential-election-winner-2028
2026-01-29,0.265,JD Vance,presidential-election-winner-2028
2026-01-30,0.265,JD Vance,presidential-election-winner-2028
2026-01-31,0.265,JD Vance,presidential-election-winner-2028
2026-02-01,0.255,JD Vance,presidential-election-winner-2028
2026-02-02,0.255,JD Vance,presidential-election-winner-2028
2026-02-03,0.245,JD Vance,presidential-election-winner-2028
2026-02-04,0.255,JD Vance,presidential-election-winner-2028
2026-02-05,0.255,JD Vance,presidential-election-winner-2028
2026-02-06,0.245,JD Vance,presidential-election-winner-2028
2026-02-07,0.245,JD Vance,presidential-election-winner-2028
2026-02-08,0.245,JD Vance,presidential-election-winner-2028
2026-02-09,0.245,JD Vance,presidential-election-winner-2028
2026-02-10,0.245,JD Vance,presidential-election-winner-2028
2026-02-11,0.245,JD Vance,presidential-election-winner-2028
2026-02-12,0.245,JD Vance,presidential-election-winner-2028
2026-02-13,0.245,JD Vance,presidential-election-winner-2028
2026-02-14,0.245,JD Vance,presidential-election-winner-2028
2026-02-15,0.242,JD Vance,presidential-election-winner-2028
2026-02-16,0.2425,JD Vance,presidential-election-winner-2028
2026-02-17,0.2445,JD Vance,presidential-election-winner-2028
2026-02-18,0.2455,JD Vance,presidential-election-winner-2028
2026-02-19,0.2415,JD Vance,presidential-election-winner-2028
2026-02-20,0.2415,JD Vance,presidential-election-winner-2028
2026-02-21,0.2405,JD Vance,presidential-election-winner-2028
2026-02-22,0.2385,JD Vance,presidential-election-winner-2028
2026-02-23,0.2325,JD Vance,presidential-election-winner-2028
2026-02-24,0.231,JD Vance,presidential-election-winner-2028
2026-02-25,0.2325,JD Vance,presidential-election-winner-2028
2026-02-26,0.228,JD Vance,presidential-election-winner-2028
2026-02-27,0.2225,JD Vance,presidential-election-winner-2028
2026-02-28,0.222,JD Vance,presidential-election-winner-2028
2026-03-01,0.2155,JD Vance,presidential-election-winner-2028
2026-03-02,0.212,JD Vance,presidential-election-winner-2028
2026-03-03,0.212,JD Vance,presidential-election-winner-2028
2026-03-04,0.223,JD Vance,presidential-election-winner-2028
2026-03-05,0.212,JD Vance,presidential-election-winner-2028
2026-03-06,0.211,JD Vance,presidential-election-winner-2028
2026-03-07,0.2115,JD Vance,presidential-election-winner-2028
2026-03-08,0.211,JD Vance,presidential-election-winner-2028
2026-03-09,0.2105,JD Vance,presidential-election-winner-2028
2026-03-10,0.2105,JD Vance,presidential-election-winner-2028
2026-03-11,0.2105,JD Vance,presidential-election-winner-2028
2026-03-12,0.2065,JD Vance,presidential-election-winner-2028
2026-03-13,0.2025,JD Vance,presidential-election-winner-2028
2026-03-14,0.205,JD Vance,presidential-election-winner-2028
2026-03-15,0.2055,JD Vance,presidential-election-winner-2028
2026-03-17,0.208,JD Vance,presidential-election-winner-2028
2026-03-18,0.2105,JD Vance,presidential-election-winner-2028
2026-03-19,0.2075,JD Vance,presidential-election-winner-2028
2026-03-20,0.2,JD Vance,presidential-election-winner-2028
2026-03-21,0.197,JD Vance,presidential-election-winner-2028
2026-03-22,0.2005,JD Vance,presidential-election-winner-2028
2026-03-23,0.2005,JD Vance,presidential-election-winner-2028
2026-03-24,0.1935,JD Vance,presidential-election-winner-2028
2026-03-25,0.1865,JD Vance,presidential-election-winner-2028
2026-03-26,0.1795,JD Vance,presidential-election-winner-2028
2026-03-27,0.178,JD Vance,presidential-election-winner-2028
2026-03-28,0.1805,JD Vance,presidential-election-winner-2028
2026-03-29,0.179,JD Vance,presidential-election-winner-2028
2026-03-30,0.1785,JD Vance,presidential-election-winner-2028
2026-03-31,0.1725,JD Vance,presidential-election-winner-2028
2026-04-01,0.177,JD Vance,presidential-election-winner-2028
2026-04-02,0.1765,JD Vance,presidential-election-winner-2028
2026-04-03,0.1765,JD Vance,presidential-election-winner-2028
2026-04-04,0.1765,JD Vance,presidential-election-winner-2028
2026-04-06,0.1765,JD Vance,presidential-election-winner-2028
2026-04-07,0.1765,JD Vance,presidential-election-winner-2028
2026-04-09,0.188,JD Vance,presidential-election-winner-2028
2026-04-10,0.1875,JD Vance,presidential-election-winner-2028
2026-04-11,0.1875,JD Vance,presidential-election-winner-2028
2026-04-13,0.1875,JD Vance,presidential-election-winner-2028
2026-04-15,0.1885,JD Vance,presidential-election-winner-2028
2026-04-16,0.1905,JD Vance,presidential-election-winner-2028
2026-04-18,0.1925,JD Vance,presidential-election-winner-2028
2026-04-22,0.189,JD Vance,presidential-election-winner-2028
2026-04-23,0.1805,JD Vance,presidential-election-winner-2028
2026-04-24,0.1835,JD Vance,presidential-election-winner-2028
2026-04-25,0.1895,JD Vance,presidential-election-winner-2028
2026-04-26,0.1855,JD Vance,presidential-election-winner-2028
2026-04-27,0.1885,JD Vance,presidential-election-winner-2028
2026-04-28,0.1865,JD Vance,presidential-election-winner-2028
2026-04-29,0.1895,JD Vance,presidential-election-winner-2028
2026-04-30,0.1895,JD Vance,presidential-election-winner-2028
2026-05-01,0.2165,JD Vance,presidential-election-winner-2028
2026-05-02,0.2165,JD Vance,presidential-election-winner-2028
2026-05-03,0.214,JD Vance,presidential-election-winner-2028
2026-05-04,0.2105,JD Vance,presidential-election-winner-2028
2026-05-05,0.2015,JD Vance,presidential-election-winner-2028
2026-05-06,0.2015,JD Vance,presidential-election-winner-2028
2026-05-07,0.1975,JD Vance,presidential-election-winner-2028
2026-05-08,0.1955,JD Vance,presidential-election-winner-2028
2026-05-09,0.1895,JD Vance,presidential-election-winner-2028
2026-05-10,0.1895,JD Vance,presidential-election-winner-2028
2026-05-11,0.1875,JD Vance,presidential-election-winner-2028
2026-05-12,0.1865,JD Vance,presidential-election-winner-2028
2026-05-13,0.1865,JD Vance,presidential-election-winner-2028
2026-05-14,0.1875,JD Vance,presidential-election-winner-2028
2026-05-15,0.1865,JD Vance,presidential-election-winner-2028
2026-05-16,0.1865,JD Vance,presidential-election-winner-2028
2026-05-17,0.1865,JD Vance,presidential-election-winner-2028
2026-05-18,0.1865,JD Vance,presidential-election-winner-2028
2026-05-19,0.1865,JD Vance,presidential-election-winner-2028
2026-05-20,0.1865,JD Vance,presidential-election-winner-2028
2026-05-21,0.1865,JD Vance,presidential-election-winner-2028
2026-05-22,0.1865,JD Vance,presidential-election-winner-2028
2026-05-23,0.1865,JD Vance,presidential-election-winner-2028
2026-05-24,0.1885,JD Vance,presidential-election-winner-2028
2026-05-25,0.1895,JD Vance,presidential-election-winner-2028
2026-05-26,0.1835,JD Vance,presidential-election-winner-2028
2026-05-27,0.1835,JD Vance,presidential-election-winner-2028
2026-05-28,0.1835,JD Vance,presidential-election-winner-2028
2026-05-29,0.1835,JD Vance,presidential-election-winner-2028
2026-05-30,0.1835,JD Vance,presidential-election-winner-2028
2026-05-31,0.1835,JD Vance,presidential-election-winner-2028
2026-06-01,0.1825,JD Vance,presidential-election-winner-2028
2026-06-02,0.1805,JD Vance,presidential-election-winner-2028
2026-06-03,0.1745,JD Vance,presidential-election-winner-2028
2026-06-04,0.1645,JD Vance,presidential-election-winner-2028
2026-06-05,0.1585,JD Vance,presidential-election-winner-2028
2026-06-06,0.1595,JD Vance,presidential-election-winner-2028
2026-06-07,0.1585,JD Vance,presidential-election-winner-2028
2026-06-08,0.157,JD Vance,presidential-election-winner-2028
2026-06-09,0.1545,JD Vance,presidential-election-winner-2028
2026-06-10,0.1485,JD Vance,presidential-election-winner-2028
2026-06-11,0.1495,JD Vance,presidential-election-winner-2028
2026-06-12,0.1495,JD Vance,presidential-election-winner-2028
2026-06-13,0.1495,JD Vance,presidential-election-winner-2028
2026-06-14,0.151,JD Vance,presidential-election-winner-2028
2026-06-15,0.1505,JD Vance,presidential-election-winner-2028
2026-06-16,0.151,JD Vance,presidential-election-winner-2028
2026-06-17,0.1615,JD Vance,presidential-election-winner-2028
2026-06-18,0.1665,JD Vance,presidential-election-winner-2028
2026-06-19,0.1675,JD Vance,presidential-election-winner-2028
2026-06-20,0.1835,JD Vance,presidential-election-winner-2028
2026-06-21,0.1995,JD Vance,presidential-election-winner-2028
2026-06-22,0.2065,JD Vance,presidential-election-winner-2028
2026-06-23,0.2045,JD Vance,presidential-election-winner-2028
2026-06-24,0.2025,JD Vance,presidential-election-winner-2028
2026-06-25,0.1985,JD Vance,presidential-election-winner-2028
2026-06-26,0.204,JD Vance,presidential-election-winner-2028
2026-06-27,0.1965,JD Vance,presidential-election-winner-2028
2026-06-28,0.1925,JD Vance,presidential-election-winner-2028
2026-06-29,0.1925,JD Vance,presidential-election-winner-2028
2026-06-30,0.201,JD Vance,presidential-election-winner-2028
2026-07-01,0.1975,JD Vance,presidential-election-winner-2028
2026-07-02,0.205,JD Vance,presidential-election-winner-2028
2026-07-03,0.2045,JD Vance,presidential-election-winner-2028
2026-07-04,0.2035,JD Vance,presidential-election-winner-2028
2026-07-05,0.2035,JD Vance,presidential-election-winner-2028
2026-07-06,0.2015,JD Vance,presidential-election-winner-2028
2026-07-07,0.2005,JD Vance,presidential-election-winner-2028
2026-07-08,0.1995,JD Vance,presidential-election-winner-2028
2026-07-09,0.201,JD Vance,presidential-election-winner-2028
2026-07-10,0.1985,JD Vance,presidential-election-winner-2028
2026-07-11,0.1985,JD Vance,presidential-election-winner-2028
2026-07-12,0.1985,JD Vance,presidential-election-winner-2028
2026-07-13,0.1985,JD Vance,presidential-election-winner-2028
2026-07-14,0.1995,JD Vance,presidential-election-winner-2028
2026-07-15,0.1995,JD Vance,presidential-election-winner-2028
2026-07-16,0.1985,JD Vance,presidential-election-winner-2028
2026-07-17,0.1985,JD Vance,presidential-election-winner-2028
2026-07-18,0.1985,JD Vance,presidential-election-winner-2028
2026-07-19,0.1975,JD Vance,presidential-election-winner-2028
2026-07-20,0.1985,JD Vance,presidential-election-winner-2028
2026-07-21,0.1985,JD Vance,presidential-election-winner-2028
2026-07-22,0.1995,JD Vance,presidential-election-winner-2028
2026-07-23,0.1995,JD Vance,presidential-election-winner-2028
2026-07-24,0.1985,JD Vance,presidential-election-winner-2028
2026-07-25,0.1995,JD Vance,presidential-election-winner-2028
2026-07-26,0.2025,JD Vance,presidential-election-winner-2028
2026-07-27,0.2035,JD Vance,presidential-election-winner-2028
2026-07-28,0.2025,JD Vance,presidential-election-winner-2028
2026-07-30,0.2005,JD Vance,presidential-election-winner-2028
2026-07-31,0.2005,JD Vance,presidential-election-winner-2028
2026-08-01,0.2005,JD Vance,presidential-election-winner-2028
2026-08-02,0.2075,JD Vance,presidential-election-winner-2028
2026-08-03,0.2075,JD Vance,presidential-election-winner-2028
2026-08-04,0.2075,JD Vance,presidential-election-winner-2028
2026-08-05,0.2085,JD Vance,presidential-election-winner-2028
2026-08-06,0.2095,JD Vance,presidential-election-winner-2028
2026-08-07,0.2145,JD Vance,presidential-election-winner-2028
2026-08-08,0.2145,JD Vance,presidential-election-winner-2028
2026-08-09,0.2145,JD Vance,presidential-election-winner-2028
2026-08-10,0.2145,JD Vance,presidential-election-winner-2028
2026-08-11,0.2165,JD Vance,presidential-election-winner-2028
2026-08-12,0.2165,JD Vance,presidential-election-winner-2028
2026-08-13,0.233,JD Vance,presidential-election-winner-2028
2026-08-14,0.2275,JD Vance,presidential-election-winner-2028
2026-08-15,0.2295,JD Vance,presidential-election-winner-2028
2026-08-16,0.2285,JD Vance,presidential-election-winner-2028
2026-08-17,0.2305,JD Vance,presidential-election-winner-2028
2026-08-18,0.2305,JD Vance,presidential-election-winner-2028
2026-08-19,0.2165,JD Vance,presidential-election-winner-2028
2026-08-20,0.2055,JD Vance,presidential-election-winner-2028
2026-08-21,0.2045,JD Vance,presidential-election-winner-2028
2026-08-22,0.2045,JD Vance,presidential-election-winner-2028
2026-08-23,0.2225,JD Vance,presidential-election-winner-2028
2026-08-24,0.2335,JD Vance,presidential-election-winner-2028
2026-08-25,0.2325,JD Vance,presidential-election-winner-2028
2025-07-19,0.145,Gavin Newsom,presidential-election-winner-2028
2025-07-20,0.135,Gavin Newsom,presidential-election-winner-2028
2025-07-21,0.135,Gavin Newsom,presidential-election-winner-2028
2025-07-22,0.135,Gavin Newsom,presidential-election-winner-2028
2025-07-23,0.135,Gavin Newsom,presidential-election-winner-2028
2025-07-24,0.125,Gavin Newsom,presidential-election-winner-2028
2025-07-25,0.135,Gavin Newsom,presidential-election-winner-2028
2025-07-26,0.135,Gavin Newsom,presidential-election-winner-2028
2025-07-27,0.135,Gavin Newsom,presidential-election-winner-2028
2025-07-28,0.135,Gavin Newsom,presidential-election-winner-2028
2025-07-29,0.125,Gavin Newsom,presidential-election-winner-2028
2025-07-30,0.13,Gavin Newsom,presidential-election-winner-2028
2025-07-31,0.135,Gavin Newsom,presidential-election-winner-2028
2025-08-01,0.155,Gavin Newsom,presidential-election-winner-2028
2025-08-02,0.135,Gavin Newsom,presidential-election-winner-2028
2025-08-03,0.125,Gavin Newsom,presidential-election-winner-2028
2025-08-04,0.135,Gavin Newsom,presidential-election-winner-2028
2025-08-05,0.135,Gavin Newsom,presidential-election-winner-2028
2025-08-06,0.125,Gavin Newsom,presidential-election-winner-2028
2025-08-07,0.125,Gavin Newsom,presidential-election-winner-2028
2025-08-08,0.125,Gavin Newsom,presidential-election-winner-2028
2025-08-09,0.125,Gavin Newsom,presidential-election-winner-2028
2025-08-10,0.125,Gavin Newsom,presidential-election-winner-2028
2025-08-11,0.125,Gavin Newsom,presidential-election-winner-2028
2025-08-12,0.125,Gavin Newsom,presidential-election-winner-2028
2025-08-13,0.125,Gavin Newsom,presidential-election-winner-2028
2025-08-14,0.135,Gavin Newsom,presidential-election-winner-2028
2025-08-15,0.135,Gavin Newsom,presidential-election-winner-2028
2025-08-16,0.135,Gavin Newsom,presidential-election-winner-2028
2025-08-17,0.135,Gavin Newsom,presidential-election-winner-2028
2025-08-18,0.145,Gavin Newsom,presidential-election-winner-2028
2025-08-19,0.155,Gavin Newsom,presidential-election-winner-2028
2025-08-20,0.155,Gavin Newsom,presidential-election-winner-2028
2025-08-21,0.175,Gavin Newsom,presidential-election-winner-2028
2025-08-22,0.175,Gavin Newsom,presidential-election-winner-2028
2025-08-23,0.185,Gavin Newsom,presidential-election-winner-2028
2025-08-24,0.185,Gavin Newsom,presidential-election-winner-2028
2025-08-25,0.185,Gavin Newsom,presidential-election-winner-2028
2025-08-26,0.185,Gavin Newsom,presidential-election-winner-2028
2025-08-27,0.185,Gavin Newsom,presidential-election-winner-2028
2025-08-28,0.185,Gavin Newsom,presidential-election-winner-2028
2025-08-29,0.185,Gavin Newsom,presidential-election-winner-2028
2025-08-30,0.185,Gavin Newsom,presidential-election-winner-2028
2025-08-31,0.185,Gavin Newsom,presidential-election-winner-2028
2025-09-01,0.185,Gavin Newsom,presidential-election-winner-2028
2025-09-02,0.185,Gavin Newsom,presidential-election-winner-2028
2025-09-03,0.185,Gavin Newsom,presidential-election-winner-2028
2025-09-04,0.185,Gavin Newsom,presidential-election-winner-2028
2025-09-05,0.185,Gavin Newsom,presidential-election-winner-2028
2025-09-06,0.215,Gavin Newsom,presidential-election-winner-2028
2025-09-07,0.215,Gavin Newsom,presidential-election-winner-2028
2025-09-08,0.225,Gavin Newsom,presidential-election-winner-2028
2025-09-09,0.215,Gavin Newsom,presidential-election-winner-2028
2025-09-10,0.215,Gavin Newsom,presidential-election-winner-2028
2025-09-11,0.215,Gavin Newsom,presidential-election-winner-2028
2025-09-12,0.215,Gavin Newsom,presidential-election-winner-2028
2025-09-13,0.215,Gavin Newsom,presidential-election-winner-2028
2025-09-14,0.215,Gavin Newsom,presidential-election-winner-2028
2025-09-15,0.215,Gavin Newsom,presidential-election-winner-2028
2025-09-16,0.215,Gavin Newsom,presidential-election-winner-2028
2025-09-17,0.215,Gavin Newsom,presidential-election-winner-2028
2025-09-18,0.215,Gavin Newsom,presidential-election-winner-2028
2025-09-19,0.215,Gavin Newsom,presidential-election-winner-2028
2025-09-20,0.205,Gavin Newsom,presidential-election-winner-2028
2025-09-21,0.205,Gavin Newsom,presidential-election-winner-2028
2025-09-22,0.205,Gavin Newsom,presidential-election-winner-2028
2025-09-23,0.205,Gavin Newsom,presidential-election-winner-2028
2025-09-24,0.205,Gavin Newsom,presidential-election-winner-2028
2025-09-25,0.205,Gavin Newsom,presidential-election-winner-2028
2025-09-26,0.205,Gavin Newsom,presidential-election-winner-2028
2025-09-27,0.215,Gavin Newsom,presidential-election-winner-2028
2025-09-28,0.21,Gavin Newsom,presidential-election-winner-2028
2025-09-29,0.215,Gavin Newsom,presidential-election-winner-2028
2025-09-30,0.215,Gavin Newsom,presidential-election-winner-2028
2025-10-01,0.215,Gavin Newsom,presidential-election-winner-2028
2025-10-02,0.215,Gavin Newsom,presidential-election-winner-2028
2025-10-03,0.215,Gavin Newsom,presidential-election-winner-2028
2025-10-04,0.215,Gavin Newsom,presidential-election-winner-2028
2025-10-05,0.215,Gavin Newsom,presidential-election-winner-2028
2025-10-06,0.215,Gavin Newsom,presidential-election-winner-2028
2025-10-07,0.215,Gavin Newsom,presidential-election-winner-2028
2025-10-08,0.215,Gavin Newsom,presidential-election-winner-2028
2025-10-09,0.225,Gavin Newsom,presidential-election-winner-2028
2025-10-10,0.225,Gavin Newsom,presidential-election-winner-2028
2025-10-11,0.225,Gavin Newsom,presidential-election-winner-2028
2025-10-12,0.225,Gavin Newsom,presidential-election-winner-2028
2025-10-13,0.225,Gavin Newsom,presidential-election-winner-2028
2025-10-14,0.225,Gavin Newsom,presidential-election-winner-2028
2025-10-15,0.225,Gavin Newsom,presidential-election-winner-2028
2025-10-16,0.225,Gavin Newsom,presidential-election-winner-2028
2025-10-17,0.225,Gavin Newsom,presidential-election-winner-2028
2025-10-18,0.225,Gavin Newsom,presidential-election-winner-2028
2025-10-19,0.225,Gavin Newsom,presidential-election-winner-2028
2025-10-20,0.225,Gavin Newsom,presidential-election-winner-2028
2025-10-21,0.225,Gavin Newsom,presidential-election-winner-2028
2025-10-22,0.225,Gavin Newsom,presidential-election-winner-2028
2025-10-23,0.225,Gavin Newsom,presidential-election-winner-2028
2025-10-24,0.225,Gavin Newsom,presidential-election-winner-2028
2025-10-25,0.225,Gavin Newsom,presidential-election-winner-2028
2025-10-26,0.225,Gavin Newsom,presidential-election-winner-2028
2025-10-27,0.215,Gavin Newsom,presidential-election-winner-2028
2025-10-28,0.225,Gavin Newsom,presidential-election-winner-2028
2025-10-29,0.215,Gavin Newsom,presidential-election-winner-2028
2025-10-30,0.215,Gavin Newsom,presidential-election-winner-2028
2025-10-31,0.215,Gavin Newsom,presidential-election-winner-2028
2025-11-01,0.215,Gavin Newsom,presidential-election-winner-2028
2025-11-02,0.205,Gavin Newsom,presidential-election-winner-2028
2025-11-03,0.205,Gavin Newsom,presidential-election-winner-2028
2025-11-04,0.205,Gavin Newsom,presidential-election-winner-2028
2025-11-05,0.205,Gavin Newsom,presidential-election-winner-2028
2025-11-06,0.205,Gavin Newsom,presidential-election-winner-2028
2025-11-07,0.205,Gavin Newsom,presidential-election-winner-2028
2025-11-08,0.205,Gavin Newsom,presidential-election-winner-2028
2025-11-09,0.205,Gavin Newsom,presidential-election-winner-2028
2025-11-10,0.195,Gavin Newsom,presidential-election-winner-2028
2025-11-11,0.195,Gavin Newsom,presidential-election-winner-2028
2025-11-12,0.195,Gavin Newsom,presidential-election-winner-2028
2025-11-13,0.195,Gavin Newsom,presidential-election-winner-2028
2025-11-14,0.195,Gavin Newsom,presidential-election-winner-2028
2025-11-15,0.185,Gavin Newsom,presidential-election-winner-2028
2025-11-16,0.185,Gavin Newsom,presidential-election-winner-2028
2025-11-17,0.185,Gavin Newsom,presidential-election-winner-2028
2025-11-18,0.185,Gavin Newsom,presidential-election-winner-2028
2025-11-19,0.185,Gavin Newsom,presidential-election-winner-2028
2025-11-20,0.185,Gavin Newsom,presidential-election-winner-2028
2025-11-21,0.185,Gavin Newsom,presidential-election-winner-2028
2025-11-22,0.185,Gavin Newsom,presidential-election-winner-2028
2025-11-23,0.185,Gavin Newsom,presidential-election-winner-2028
2025-11-24,0.185,Gavin Newsom,presidential-election-winner-2028
2025-11-25,0.175,Gavin Newsom,presidential-election-winner-2028
2025-11-26,0.175,Gavin Newsom,presidential-election-winner-2028
2025-11-27,0.175,Gavin Newsom,presidential-election-winner-2028
2025-11-28,0.175,Gavin Newsom,presidential-election-winner-2028
2025-11-29,0.175,Gavin Newsom,presidential-election-winner-2028
2025-11-30,0.175,Gavin Newsom,presidential-election-winner-2028
2025-12-01,0.175,Gavin Newsom,presidential-election-winner-2028
2025-12-02,0.175,Gavin Newsom,presidential-election-winner-2028
2025-12-03,0.17,Gavin Newsom,presidential-election-winner-2028
2025-12-04,0.165,Gavin Newsom,presidential-election-winner-2028
2025-12-05,0.175,Gavin Newsom,presidential-election-winner-2028
2025-12-06,0.175,Gavin Newsom,presidential-election-winner-2028
2025-12-07,0.175,Gavin Newsom,presidential-election-winner-2028
2025-12-08,0.175,Gavin Newsom,presidential-election-winner-2028
2025-12-09,0.175,Gavin Newsom,presidential-election-winner-2028
2025-12-10,0.175,Gavin Newsom,presidential-election-winner-2028
2025-12-11,0.175,Gavin Newsom,presidential-election-winner-2028
2025-12-12,0.175,Gavin Newsom,presidential-election-winner-2028
2025-12-13,0.175,Gavin Newsom,presidential-election-winner-2028
2025-12-14,0.175,Gavin Newsom,presidential-election-winner-2028
2025-12-15,0.175,Gavin Newsom,presidential-election-winner-2028
2025-12-16,0.175,Gavin Newsom,presidential-election-winner-2028
2025-12-17,0.175,Gavin Newsom,presidential-election-winner-2028
2025-12-18,0.175,Gavin Newsom,presidential-election-winner-2028
2025-12-19,0.175,Gavin Newsom,presidential-election-winner-2028
2025-12-20,0.175,Gavin Newsom,presidential-election-winner-2028
2025-12-21,0.175,Gavin Newsom,presidential-election-winner-2028
2025-12-22,0.175,Gavin Newsom,presidential-election-winner-2028
2025-12-23,0.175,Gavin Newsom,presidential-election-winner-2028
2025-12-24,0.175,Gavin Newsom,presidential-election-winner-2028
2025-12-25,0.175,Gavin Newsom,presidential-election-winner-2028
2025-12-26,0.175,Gavin Newsom,presidential-election-winner-2028
2025-12-27,0.175,Gavin Newsom,presidential-election-winner-2028
2025-12-28,0.175,Gavin Newsom,presidential-election-winner-2028
2025-12-29,0.165,Gavin Newsom,presidential-election-winner-2028
2025-12-30,0.165,Gavin Newsom,presidential-election-winner-2028
2025-12-31,0.165,Gavin Newsom,presidential-election-winner-2028
2026-01-01,0.165,Gavin Newsom,presidential-election-winner-2028
2026-01-02,0.165,Gavin Newsom,presidential-election-winner-2028
2026-01-03,0.165,Gavin Newsom,presidential-election-winner-2028
2026-01-04,0.165,Gavin Newsom,presidential-election-winner-2028
2026-01-05,0.175,Gavin Newsom,presidential-election-winner-2028
2026-01-06,0.175,Gavin Newsom,presidential-election-winner-2028
2026-01-07,0.185,Gavin Newsom,presidential-election-winner-2028
2026-01-08,0.185,Gavin Newsom,presidential-election-winner-2028
2026-01-09,0.185,Gavin Newsom,presidential-election-winner-2028
2026-01-10,0.185,Gavin Newsom,presidential-election-winner-2028
2026-01-11,0.195,Gavin Newsom,presidential-election-winner-2028
2026-01-12,0.195,Gavin Newsom,presidential-election-winner-2028
2026-01-13,0.185,Gavin Newsom,presidential-election-winner-2028
2026-01-14,0.185,Gavin Newsom,presidential-election-winner-2028
2026-01-15,0.185,Gavin Newsom,presidential-election-winner-2028
2026-01-16,0.185,Gavin Newsom,presidential-election-winner-2028
2026-01-17,0.19,Gavin Newsom,presidential-election-winner-2028
2026-01-18,0.19,Gavin Newsom,presidential-election-winner-2028
2026-01-19,0.185,Gavin Newsom,presidential-election-winner-2028
2026-01-20,0.185,Gavin Newsom,presidential-election-winner-2028
2026-01-21,0.19,Gavin Newsom,presidential-election-winner-2028
2026-01-22,0.195,Gavin Newsom,presidential-election-winner-2028
2026-01-23,0.195,Gavin Newsom,presidential-election-winner-2028
2026-01-24,0.195,Gavin Newsom,presidential-election-winner-2028
2026-01-25,0.205,Gavin Newsom,presidential-election-winner-2028
2026-01-26,0.195,Gavin Newsom,presidential-election-winner-2028
2026-01-27,0.195,Gavin Newsom,presidential-election-winner-2028
2026-01-28,0.195,Gavin Newsom,presidential-election-winner-2028
2026-01-29,0.195,Gavin Newsom,presidential-election-winner-2028
2026-01-30,0.195,Gavin Newsom,presidential-election-winner-2028
2026-01-31,0.185,Gavin Newsom,presidential-election-winner-2028
2026-02-01,0.19,Gavin Newsom,presidential-election-winner-2028
2026-02-02,0.195,Gavin Newsom,presidential-election-winner-2028
2026-02-03,0.195,Gavin Newsom,presidential-election-winner-2028
2026-02-04,0.195,Gavin Newsom,presidential-election-winner-2028
2026-02-05,0.195,Gavin Newsom,presidential-election-winner-2028
2026-02-06,0.185,Gavin Newsom,presidential-election-winner-2028
2026-02-07,0.185,Gavin Newsom,presidential-election-winner-2028
2026-02-08,0.185,Gavin Newsom,presidential-election-winner-2028
2026-02-09,0.185,Gavin Newsom,presidential-election-winner-2028
2026-02-10,0.185,Gavin Newsom,presidential-election-winner-2028
2026-02-11,0.185,Gavin Newsom,presidential-election-winner-2028
2026-02-12,0.185,Gavin Newsom,presidential-election-winner-2028
2026-02-13,0.185,Gavin Newsom,presidential-election-winner-2028
2026-02-14,0.175,Gavin Newsom,presidential-election-winner-2028
2026-02-15,0.1755,Gavin Newsom,presidential-election-winner-2028
2026-02-16,0.1715,Gavin Newsom,presidential-election-winner-2028
2026-02-17,0.1725,Gavin Newsom,presidential-election-winner-2028
2026-02-18,0.1715,Gavin Newsom,presidential-election-winner-2028
2026-02-19,0.1725,Gavin Newsom,presidential-election-winner-2028
2026-02-20,0.1705,Gavin Newsom,presidential-election-winner-2028
2026-02-21,0.174,Gavin Newsom,presidential-election-winner-2028
2026-02-22,0.1765,Gavin Newsom,presidential-election-winner-2028
2026-02-23,0.183,Gavin Newsom,presidential-election-winner-2028
2026-02-24,0.177,Gavin Newsom,presidential-election-winner-2028
2026-02-25,0.1735,Gavin Newsom,presidential-election-winner-2028
2026-02-26,0.1725,Gavin Newsom,presidential-election-winner-2028
2026-02-27,0.1745,Gavin Newsom,presidential-election-winner-2028
2026-02-28,0.1745,Gavin Newsom,presidential-election-winner-2028
2026-03-02,0.1745,Gavin Newsom,presidential-election-winner-2028
2026-03-03,0.1705,Gavin Newsom,presidential-election-winner-2028
2026-03-04,0.164,Gavin Newsom,presidential-election-winner-2028
2026-03-05,0.1615,Gavin Newsom,presidential-election-winner-2028
2026-03-06,0.1565,Gavin Newsom,presidential-election-winner-2028
2026-03-07,0.1685,Gavin Newsom,presidential-election-winner-2028
2026-03-08,0.1695,Gavin Newsom,presidential-election-winner-2028
2026-03-09,0.186,Gavin Newsom,presidential-election-winner-2028
2026-03-10,0.182,Gavin Newsom,presidential-election-winner-2028
2026-03-11,0.1845,Gavin Newsom,presidential-election-winner-2028
2026-03-12,0.172,Gavin Newsom,presidential-election-winner-2028
2026-03-14,0.1675,Gavin Newsom,presidential-election-winner-2028
2026-03-17,0.1765,Gavin Newsom,presidential-election-winner-2028
2026-03-18,0.1795,Gavin Newsom,presidential-election-winner-2028
2026-03-20,0.182,Gavin Newsom,presidential-election-winner-2028
2026-03-21,0.181,Gavin Newsom,presidential-election-winner-2028
2026-03-22,0.1815,Gavin Newsom,presidential-election-winner-2028
2026-03-23,0.1785,Gavin Newsom,presidential-election-winner-2028
2026-03-24,0.1665,Gavin Newsom,presidential-election-winner-2028
2026-03-25,0.1635,Gavin Newsom,presidential-election-winner-2028
2026-03-26,0.168,Gavin Newsom,presidential-election-winner-2028
2026-03-27,0.173,Gavin Newsom,presidential-election-winner-2028
2026-04-05,0.1715,Gavin Newsom,presidential-election-winner-2028
2026-04-09,0.164,Gavin Newsom,presidential-election-winner-2028
2026-04-12,0.161,Gavin Newsom,presidential-election-winner-2028
2026-04-22,0.182,Gavin Newsom,presidential-election-winner-2028
2026-04-23,0.1785,Gavin Newsom,presidential-election-winner-2028
2026-04-24,0.1705,Gavin Newsom,presidential-election-winner-2028
2026-04-25,0.1745,Gavin Newsom,presidential-election-winner-2028
2026-04-26,0.1795,Gavin Newsom,presidential-election-winner-2028
2026-04-27,0.183,Gavin Newsom,presidential-election-winner-2028
2026-04-28,0.1765,Gavin Newsom,presidential-election-winner-2028
2026-04-29,0.1765,Gavin Newsom,presidential-election-winner-2028
2026-04-30,0.1765,Gavin Newsom,presidential-election-winner-2028
2026-05-01,0.175,Gavin Newsom,presidential-election-winner-2028
2026-05-02,0.1725,Gavin Newsom,presidential-election-winner-2028
2026-05-03,0.1765,Gavin Newsom,presidential-election-winner-2028
2026-05-04,0.1725,Gavin Newsom,presidential-election-winner-2028
2026-05-05,0.1705,Gavin Newsom,presidential-election-winner-2028
2026-05-06,0.1705,Gavin Newsom,presidential-election-winner-2028
2026-05-07,0.1675,Gavin Newsom,presidential-election-winner-2028
2026-05-08,0.1665,Gavin Newsom,presidential-election-winner-2028
2026-05-09,0.1665,Gavin Newsom,presidential-election-winner-2028
2026-05-10,0.1665,Gavin Newsom,presidential-election-winner-2028
2026-05-11,0.1665,Gavin Newsom,presidential-election-winner-2028
2026-05-12,0.1665,Gavin Newsom,presidential-election-winner-2028
2026-05-13,0.1665,Gavin Newsom,presidential-election-winner-2028
2026-05-14,0.1665,Gavin Newsom,presidential-election-winner-2028
2026-05-15,0.1665,Gavin Newsom,presidential-election-winner-2028
2026-05-16,0.1665,Gavin Newsom,presidential-election-winner-2028
2026-05-17,0.1665,Gavin Newsom,presidential-election-winner-2028
2026-05-18,0.1665,Gavin Newsom,presidential-election-winner-2028
2026-05-19,0.1665,Gavin Newsom,presidential-election-winner-2028
2026-05-20,0.1645,Gavin Newsom,presidential-election-winner-2028
2026-05-21,0.1615,Gavin Newsom,presidential-election-winner-2028
2026-05-22,0.1615,Gavin Newsom,presidential-election-winner-2028
2026-05-23,0.1615,Gavin Newsom,presidential-election-winner-2028
2026-05-24,0.1615,Gavin Newsom,presidential-election-winner-2028
2026-05-25,0.1615,Gavin Newsom,presidential-election-winner-2028
2026-05-26,0.1645,Gavin Newsom,presidential-election-winner-2028
2026-05-27,0.1595,Gavin Newsom,presidential-election-winner-2028
2026-05-28,0.1595,Gavin Newsom,presidential-election-winner-2028
2026-05-29,0.1595,Gavin Newsom,presidential-election-winner-2028
2026-05-30,0.1595,Gavin Newsom,presidential-election-winner-2028
2026-05-31,0.1585,Gavin Newsom,presidential-election-winner-2028
2026-06-01,0.1585,Gavin Newsom,presidential-election-winner-2028
2026-06-02,0.1575,Gavin Newsom,presidential-election-winner-2028
2026-06-03,0.1575,Gavin Newsom,presidential-election-winner-2028
2026-06-04,0.1565,Gavin Newsom,presidential-election-winner-2028
2026-06-05,0.1555,Gavin Newsom,presidential-election-winner-2028
2026-06-06,0.1515,Gavin Newsom,presidential-election-winner-2028
2026-06-07,0.1445,Gavin Newsom,presidential-election-winner-2028
2026-06-08,0.1425,Gavin Newsom,presidential-election-winner-2028
2026-06-09,0.1445,Gavin Newsom,presidential-election-winner-2028
2026-06-10,0.1455,Gavin Newsom,presidential-election-winner-2028
2026-06-11,0.1445,Gavin Newsom,presidential-election-winner-2028
2026-06-12,0.1475,Gavin Newsom,presidential-election-winner-2028
2026-06-13,0.1515,Gavin Newsom,presidential-election-winner-2028
2026-06-14,0.1435,Gavin Newsom,presidential-election-winner-2028
2026-06-15,0.1435,Gavin Newsom,presidential-election-winner-2028
2026-06-16,0.1615,Gavin Newsom,presidential-election-winner-2028
2026-06-17,0.1545,Gavin Newsom,presidential-election-winner-2028
2026-06-18,0.1575,Gavin Newsom,presidential-election-winner-2028
2026-06-19,0.1605,Gavin Newsom,presidential-election-winner-2028
2026-06-20,0.1605,Gavin Newsom,presidential-election-winner-2028
2026-06-21,0.157,Gavin Newsom,presidential-election-winner-2028
2026-06-22,0.1545,Gavin Newsom,presidential-election-winner-2028
2026-06-23,0.1545,Gavin Newsom,presidential-election-winner-2028
2026-06-24,0.1525,Gavin Newsom,presidential-election-winner-2028
2026-06-25,0.1505,Gavin Newsom,presidential-election-winner-2028
2026-06-26,0.1485,Gavin Newsom,presidential-election-winner-2028
2026-06-27,0.1395,Gavin Newsom,presidential-election-winner-2028
2026-06-28,0.1355,Gavin Newsom,presidential-election-winner-2028
2026-06-29,0.1215,Gavin Newsom,presidential-election-winner-2028
2026-06-30,0.1225,Gavin Newsom,presidential-election-winner-2028
2026-07-01,0.1225,Gavin Newsom,presidential-election-winner-2028
2026-07-02,0.1225,Gavin Newsom,presidential-election-winner-2028
2026-07-03,0.1225,Gavin Newsom,presidential-election-winner-2028
2026-07-04,0.1225,Gavin Newsom,presidential-election-winner-2028
2026-07-05,0.1225,Gavin Newsom,presidential-election-winner-2028
2026-07-06,0.1215,Gavin Newsom,presidential-election-winner-2028
2026-07-07,0.1215,Gavin Newsom,presidential-election-winner-2028
2026-07-08,0.1195,Gavin Newsom,presidential-election-winner-2028
2026-07-09,0.1185,Gavin Newsom,presidential-election-winner-2028
2026-07-10,0.1175,Gavin Newsom,presidential-election-winner-2028
2026-07-11,0.1165,Gavin Newsom,presidential-election-winner-2028
2026-07-12,0.1165,Gavin Newsom,presidential-election-winner-2028
2026-07-13,0.1215,Gavin Newsom,presidential-election-winner-2028
2026-07-14,0.1155,Gavin Newsom,presidential-election-winner-2028
2026-07-15,0.1185,Gavin Newsom,presidential-election-winner-2028
2026-07-16,0.1185,Gavin Newsom,presidential-election-winner-2028
2026-07-17,0.1195,Gavin Newsom,presidential-election-winner-2028
2026-07-18,0.1185,Gavin Newsom,presidential-election-winner-2028
2026-07-19,0.1175,Gavin Newsom,presidential-election-winner-2028
2026-07-20,0.1175,Gavin Newsom,presidential-election-winner-2028
2026-07-21,0.1175,Gavin Newsom,presidential-election-winner-2028
2026-07-22,0.1305,Gavin Newsom,presidential-election-winner-2028
2026-07-23,0.1265,Gavin Newsom,presidential-election-winner-2028
2026-07-24,0.1255,Gavin Newsom,presidential-election-winner-2028
2026-07-25,0.1255,Gavin Newsom,presidential-election-winner-2028
2026-07-26,0.1255,Gavin Newsom,presidential-election-winner-2028
2026-07-27,0.1245,Gavin Newsom,presidential-election-winner-2028
2026-07-28,0.1185,Gavin Newsom,presidential-election-winner-2028
2026-07-30,0.1165,Gavin Newsom,presidential-election-winner-2028
2026-07-31,0.1125,Gavin Newsom,presidential-election-winner-2028
2026-08-01,0.1115,Gavin Newsom,presidential-election-winner-2028
2026-08-02,0.1185,Gavin Newsom,presidential-election-winner-2028
2026-08-03,0.1185,Gavin Newsom,presidential-election-winner-2028
2026-08-04,0.1175,Gavin Newsom,presidential-election-winner-2028
2026-08-05,0.1165,Gavin Newsom,presidential-election-winner-2028
2026-08-06,0.1165,Gavin Newsom,presidential-election-winner-2028
2026-08-07,0.1055,Gavin Newsom,presidential-election-winner-2028
2026-08-08,0.1045,Gavin Newsom,presidential-election-winner-2028
2026-08-09,0.1035,Gavin Newsom,presidential-election-winner-2028
2026-08-10,0.0985,Gavin Newsom,presidential-election-winner-2028
2026-08-11,0.0965,Gavin Newsom,presidential-election-winner-2028
2026-08-12,0.0965,Gavin Newsom,presidential-election-winner-2028
2026-08-13,0.0955,Gavin Newsom,presidential-election-winner-2028
2026-08-14,0.0925,Gavin Newsom,presidential-election-winner-2028
2026-08-15,0.0895,Gavin Newsom,presidential-election-winner-2028
2026-08-16,0.0895,Gavin Newsom,presidential-election-winner-2028
2026-08-17,0.0875,Gavin Newsom,presidential-election-winner-2028
2026-08-18,0.0845,Gavin Newsom,presidential-election-winner-2028
2026-08-19,0.081,Gavin Newsom,presidential-election-winner-2028
2026-08-20,0.084,Gavin Newsom,presidential-election-winner-2028
2026-08-21,0.085,Gavin Newsom,presidential-election-winner-2028
2026-08-22,0.0835,Gavin Newsom,presidential-election-winner-2028
2026-08-23,0.0815,Gavin Newsom,presidential-election-winner-2028
2026-08-24,0.0815,Gavin Newsom,presidential-election-winner-2028
2026-08-25,0.087,Gavin Newsom,presidential-election-winner-2028
2025-07-19,0.095,Alexandria Ocasio-Cortez,presidential-election-winner-2028
2025-07-20,0.095,Alexandria Ocasio-Cortez,presidential-election-winner-2028
2025-07-21,0.095,Alexandria Ocasio-Cortez,presidential-election-winner-2028
2025-07-22,0.105,Alexandria Ocasio-Cortez,presidential-election-winner-2028
2025-07-23,0.105,Alexandria Ocasio-Cortez,presidential-election-winner-2028
2025-07-24,0.105,Alexandria Ocasio-Cortez,presidential-election-winner-2028
2025-07-25,0.095,Alexandria Ocasio-Cortez,presidential-election-winner-2028
2025-07-26,0.105,Alexandria Ocasio-Cortez,presidential-election-winner-2028
2025-07-27,0.105,Alexandria Ocasio-Cortez,presidential-election-winner-2028
2025-07-28,0.105,Alexandria Ocasio-Cortez,presidential-election-winner-2028
2025-07-29,0.105,Alexandria Ocasio-Cortez,presidential-election-winner-2028
2025-07-30,0.105,Alexandria Ocasio-Cortez,presidential-election-winner-2028
2025-07-31,0.095,Alexandria Ocasio-Cortez,presidential-election-winner-2028
2025-08-01,0.085,Alexandria Ocasio-Cortez,presidential-election-winner-2028
2025-08-02,0.085,Alexandria Ocasio-Cortez,presidential-election-winner-2028
2025-08-03,0.085,Alexandria Ocasio-Cortez,presidential-election-winner-2028
2025-08-04,0.085,Alexandria Ocasio-Cortez,presidential-election-winner-2028
2025-08-05,0.085,Alexandria Ocasio-Cortez,presidential-election-winner-2028
2025-08-06,0.085,Alexandria Ocasio-Cortez,presidential-election-winner-2028
2025-08-07,0.085,Alexandria Ocasio-Cortez,presidential-election-winner-2028
2025-08-08,0.085,Alexandria Ocasio-Cortez,presidential-election-winner-2028
2025-08-09,0.095,Alexandria Ocasio-Cortez,presidential-election-winner-2028
2025-08-10,0.085,Alexandria Ocasio-Cortez,presidential-election-winner-2028
2025-08-11,0.085,Alexandria Ocasio-Cortez,presidential-election-winner-2028
2025-08-12,0.09,Alexandria Ocasio-Cortez,presidential-election-winner-2028
2025-08-13,0.09,Alexandria Ocasio-Cortez,presidential-election-winner-2028
2025-08-14,0.09,Alexandria Ocasio-Cortez,presidential-election-winner-2028
2025-08-15,0.095,Alexandria Ocasio-Cortez,presidential-election-winner-2028
2025-08-16,0.095,Alexandria Ocasio-Cortez,presidential-election-winner-2028
2025-08-17,0.085,Alexandria Ocasio-Cortez,presidential-election-winner-2028
2025-08-18,0.085,Alexandria Ocasio-Cortez,presidential-election-winner-2028
2025-08-19,0.085,Alexandria Ocasio-Cortez,presidential-election-winner-2028
2025-08-20,0.085,Alexandria Ocasio-Cortez,presidential-election-winner-2028
2025-08-21,0.085,Alexandria Ocasio-Cortez,presidential-election-winner-2028
2025-08-22,0.085,Alexandria Ocasio-Cortez,presidential-election-winner-2028
2025-08-23,0.085,Alexandria Ocasio-Cortez,presidential-election-winner-2028
2025-08-24,0.085,Alexandria Ocasio-Cortez,presidential-election-winner-2028
2025-08-25,0.085,Alexandria Ocasio-Cortez,presidential-election-winner-2028
2025-08-26,0.095,Alexandria Ocasio-Cortez,presidential-election-winner-2028
2025-08-27,0.085,Alexandria Ocasio-Cortez,presidential-election-winner-2028
2025-08-28,0.085,Alexandria Ocasio-Cortez,presidential-election-winner-2028
2025-08-29,0.085,Alexandria Ocasio-Cortez,presidential-election-winner-2028
2025-08-30,0.075,Alexandria Ocasio-Cortez,presidential-election-winner-2028
2025-08-31,0.075,Alexandria Ocasio-Cortez,presidential-election-winner-2028
2025-09-01,0.075,Alexandria Ocasio-Cortez,presidential-election-winner-2028
2025-09-02,0.075,Alexandria Ocasio-Cortez,presidential-election-winner-2028
2025-09-03,0.055,Alexandria Ocasio-Cortez,presidential-election-winner-2028
2025-09-04,0.055,Alexandria Ocasio-Cortez,presidential-election-winner-2028
2025-09-05,0.065,Alexandria Ocasio-Cortez,presidential-election-winner-2028
2025-09-06,0.065,Alexandria Ocasio-Cortez,presidential-election-winner-2028
2025-09-07,0.065,Alexandria Ocasio-Cortez,presidential-election-winner-2028
2025-09-08,0.065,Alexandria Ocasio-Cortez,presidential-election-winner-2028
2025-09-09,0.065,Alexandria Ocasio-Cortez,presidential-election-winner-2028
2025-09-10,0.055,Alexandria Ocasio-Cortez,presidential-election-winner-2028
2025-09-11,0.045,Alexandria Ocasio-Cortez,presidential-election-winner-2028
2025-09-12,0.045,Alexandria Ocasio-Cortez,presidential-election-winner-2028
2025-09-13,0.045,Alexandria Ocasio-Cortez,presidential-election-winner-2028
2025-09-14,0.045,Alexandria Ocasio-Cortez,presidential-election-winner-2028
2025-09-15,0.045,Alexandria Ocasio-Cortez,presidential-election-winner-2028
2025-09-16,0.05,Alexandria Ocasio-Cortez,presidential-election-winner-2028
2025-09-17,0.065,Alexandria Ocasio-Cortez,presidential-election-winner-2028
2025-09-18,0.065,Alexandria Ocasio-Cortez,presidential-election-winner-2028
2025-09-19,0.065,Alexandria Ocasio-Cortez,presidential-election-winner-2028
2025-09-20,0.065,Alexandria Ocasio-Cortez,presidential-election-winner-2028
2025-09-21,0.065,Alexandria Ocasio-Cortez,presidential-election-winner-2028
2025-09-22,0.065,Alexandria Ocasio-Cortez,presidential-election-winner-2028
2025-09-23,0.065,Alexandria Ocasio-Cortez,presidential-election-winner-2028
2025-09-24,0.065,Alexandria Ocasio-Cortez,presidential-election-winner-2028
2025-09-25,0.065,Alexandria Ocasio-Cortez,presidential-election-winner-2028
2025-09-26,0.065,Alexandria Ocasio-Cortez,presidential-election-winner-2028
2025-09-27,0.065,Alexandria Ocasio-Cortez,presidential-election-winner-2028
2025-09-28,0.065,Alexandria Ocasio-Cortez,presidential-election-winner-2028
2025-09-29,0.065,Alexandria Ocasio-Cortez,presidential-election-winner-2028
2025-09-30,0.065,Alexandria Ocasio-Cortez,presidential-election-winner-2028
2025-10-01,0.065,Alexandria Ocasio-Cortez,presidential-election-winner-2028
2025-10-02,0.065,Alexandria Ocasio-Cortez,presidential-election-winner-2028
2025-10-03,0.065,Alexandria Ocasio-Cortez,presidential-election-winner-2028
2025-10-04,0.065,Alexandria Ocasio-Cortez,presidential-election-winner-2028
2025-10-05,0.065,Alexandria Ocasio-Cortez,presidential-election-winner-2028
2025-10-06,0.065,Alexandria Ocasio-Cortez,presidential-election-winner-2028
2025-10-07,0.065,Alexandria Ocasio-Cortez,presidential-election-winner-2028
2025-10-08,0.065,Alexandria Ocasio-Cortez,presidential-election-winner-2028
2025-10-09,0.065,Alexandria Ocasio-Cortez,presidential-election-winner-2028
2025-10-10,0.065,Alexandria Ocasio-Cortez,presidential-election-winner-2028
2025-10-11,0.065,Alexandria Ocasio-Cortez,presidential-election-winner-2028
2025-10-12,0.065,Alexandria Ocasio-Cortez,presidential-election-winner-2028
2025-10-13,0.065,Alexandria Ocasio-Cortez,presidential-election-winner-2028
2025-10-14,0.065,Alexandria Ocasio-Cortez,presidential-election-winner-2028
2025-10-15,0.065,Alexandria Ocasio-Cortez,presidential-election-winner-2028
2025-10-16,0.065,Alexandria Ocasio-Cortez,presidential-election-winner-2028
2025-10-17,0.065,Alexandria Ocasio-Cortez,presidential-election-winner-2028
2025-10-18,0.065,Alexandria Ocasio-Cortez,presidential-election-winner-2028
2025-10-19,0.065,Alexandria Ocasio-Cortez,presidential-election-winner-2028
2025-10-20,0.06,Alexandria Ocasio-Cortez,presidential-election-winner-2028
2025-10-21,0.055,Alexandria Ocasio-Cortez,presidential-election-winner-2028
2025-10-22,0.085,Alexandria Ocasio-Cortez,presidential-election-winner-2028
2025-10-23,0.08,Alexandria Ocasio-Cortez,presidential-election-winner-2028
2025-10-24,0.085,Alexandria Ocasio-Cortez,presidential-election-winner-2028
2025-10-25,0.085,Alexandria Ocasio-Cortez,presidential-election-winner-2028
2025-10-26,0.075,Alexandria Ocasio-Cortez,presidential-election-winner-2028
2025-10-27,0.075,Alexandria Ocasio-Cortez,presidential-election-winner-2028
2025-10-28,0.085,Alexandria Ocasio-Cortez,presidential-election-winner-2028
2025-10-29,0.085,Alexandria Ocasio-Cortez,presidential-election-winner-2028
2025-10-30,0.085,Alexandria Ocasio-Cortez,presidential-election-winner-2028
2025-10-31,0.085,Alexandria Ocasio-Cortez,presidential-election-winner-2028
2025-11-01,0.085,Alexandria Ocasio-Cortez,presidential-election-winner-2028
2025-11-02,0.085,Alexandria Ocasio-Cortez,presidential-election-winner-2028
2025-11-03,0.085,Alexandria Ocasio-Cortez,presidential-election-winner-2028
2025-11-04,0.085,Alexandria Ocasio-Cortez,presidential-election-winner-2028
2025-11-05,0.085,Alexandria Ocasio-Cortez,presidential-election-winner-2028
2025-11-06,0.085,Alexandria Ocasio-Cortez,presidential-election-winner-2028
2025-11-07,0.085,Alexandria Ocasio-Cortez,presidential-election-winner-2028
2025-11-08,0.085,Alexandria Ocasio-Cortez,presidential-election-winner-2028
2025-11-09,0.085,Alexandria Ocasio-Cortez,presidential-election-winner-2028
2025-11-10,0.085,Alexandria Ocasio-Cortez,presidential-election-winner-2028
2025-11-11,0.085,Alexandria Ocasio-Cortez,presidential-election-winner-2028
2025-11-12,0.085,Alexandria Ocasio-Cortez,presidential-election-winner-2028
2025-11-13,0.085,Alexandria Ocasio-Cortez,presidential-election-winner-2028
2025-11-14,0.085,Alexandria Ocasio-Cortez,presidential-election-winner-2028
2025-11-15,0.085,Alexandria Ocasio-Cortez,presidential-election-winner-2028
2025-11-16,0.085,Alexandria Ocasio-Cortez,presidential-election-winner-2028
2025-11-17,0.085,Alexandria Ocasio-Cortez,presidential-election-winner-2028
2025-11-18,0.085,Alexandria Ocasio-Cortez,presidential-election-winner-2028
2025-11-19,0.085,Alexandria Ocasio-Cortez,presidential-election-winner-2028
2025-11-20,0.085,Alexandria Ocasio-Cortez,presidential-election-winner-2028
2025-11-21,0.085,Alexandria Ocasio-Cortez,presidential-election-winner-2028
2025-11-22,0.085,Alexandria Ocasio-Cortez,presidential-election-winner-2028
2025-11-23,0.085,Alexandria Ocasio-Cortez,presidential-election-winner-2028
2025-11-24,0.085,Alexandria Ocasio-Cortez,presidential-election-winner-2028
2025-11-25,0.085,Alexandria Ocasio-Cortez,presidential-election-winner-2028
2025-11-26,0.085,Alexandria Ocasio-Cortez,presidential-election-winner-2028
2025-11-27,0.085,Alexandria Ocasio-Cortez,presidential-election-winner-2028
2025-11-28,0.085,Alexandria Ocasio-Cortez,presidential-election-winner-2028
2025-11-29,0.085,Alexandria Ocasio-Cortez,presidential-election-winner-2028
2025-11-30,0.085,Alexandria Ocasio-Cortez,presidential-election-winner-2028
2025-12-01,0.085,Alexandria Ocasio-Cortez,presidential-election-winner-2028
2025-12-02,0.085,Alexandria Ocasio-Cortez,presidential-election-winner-2028
2025-12-03,0.085,Alexandria Ocasio-Cortez,presidential-election-winner-2028
2025-12-04,0.075,Alexandria Ocasio-Cortez,presidential-election-winner-2028
2025-12-05,0.075,Alexandria Ocasio-Cortez,presidential-election-winner-2028
2025-12-06,0.075,Alexandria Ocasio-Cortez,presidential-election-winner-2028
2025-12-07,0.075,Alexandria Ocasio-Cortez,presidential-election-winner-2028
2025-12-08,0.075,Alexandria Ocasio-Cortez,presidential-election-winner-2028
2025-12-09,0.075,Alexandria Ocasio-Cortez,presidential-election-winner-2028
2025-12-10,0.075,Alexandria Ocasio-Cortez,presidential-election-winner-2028
2025-12-11,0.075,Alexandria Ocasio-Cortez,presidential-election-winner-2028
2025-12-12,0.075,Alexandria Ocasio-Cortez,presidential-election-winner-2028
2025-12-13,0.075,Alexandria Ocasio-Cortez,presidential-election-winner-2028
2025-12-14,0.075,Alexandria Ocasio-Cortez,presidential-election-winner-2028
2025-12-15,0.075,Alexandria Ocasio-Cortez,presidential-election-winner-2028
2025-12-16,0.075,Alexandria Ocasio-Cortez,presidential-election-winner-2028
2025-12-17,0.075,Alexandria Ocasio-Cortez,presidential-election-winner-2028
2025-12-18,0.075,Alexandria Ocasio-Cortez,presidential-election-winner-2028
2025-12-19,0.075,Alexandria Ocasio-Cortez,presidential-election-winner-2028
2025-12-20,0.075,Alexandria Ocasio-Cortez,presidential-election-winner-2028
2025-12-21,0.075,Alexandria Ocasio-Cortez,presidential-election-winner-2028
2025-12-22,0.075,Alexandria Ocasio-Cortez,presidential-election-winner-2028
2025-12-23,0.075,Alexandria Ocasio-Cortez,presidential-election-winner-2028
2025-12-24,0.075,Alexandria Ocasio-Cortez,presidential-election-winner-2028
2025-12-25,0.075,Alexandria Ocasio-Cortez,presidential-election-winner-2028
2025-12-26,0.075,Alexandria Ocasio-Cortez,presidential-election-winner-2028
2025-12-27,0.075,Alexandria Ocasio-Cortez,presidential-election-winner-2028
2025-12-28,0.075,Alexandria Ocasio-Cortez,presidential-election-winner-2028
2025-12-29,0.075,Alexandria Ocasio-Cortez,presidential-election-winner-2028
2025-12-30,0.075,Alexandria Ocasio-Cortez,presidential-election-winner-2028
2025-12-31,0.075,Alexandria Ocasio-Cortez,presidential-election-winner-2028
2026-01-01,0.075,Alexandria Ocasio-Cortez,presidential-election-winner-2028
2026-01-02,0.075,Alexandria Ocasio-Cortez,presidential-election-winner-2028
2026-01-03,0.075,Alexandria Ocasio-Cortez,presidential-election-winner-2028
2026-01-04,0.075,Alexandria Ocasio-Cortez,presidential-election-winner-2028
2026-01-05,0.075,Alexandria Ocasio-Cortez,presidential-election-winner-2028
2026-01-06,0.075,Alexandria Ocasio-Cortez,presidential-election-winner-2028
2026-01-07,0.075,Alexandria Ocasio-Cortez,presidential-election-winner-2028
2026-01-08,0.075,Alexandria Ocasio-Cortez,presidential-election-winner-2028
2026-01-09,0.075,Alexandria Ocasio-Cortez,presidential-election-winner-2028
2026-01-10,0.075,Alexandria Ocasio-Cortez,presidential-election-winner-2028
2026-01-11,0.075,Alexandria Ocasio-Cortez,presidential-election-winner-2028
2026-01-12,0.075,Alexandria Ocasio-Cortez,presidential-election-winner-2028
2026-01-13,0.075,Alexandria Ocasio-Cortez,presidential-election-winner-2028
2026-01-14,0.075,Alexandria Ocasio-Cortez,presidential-election-winner-2028
2026-01-15,0.075,Alexandria Ocasio-Cortez,presidential-election-winner-2028
2026-01-16,0.075,Alexandria Ocasio-Cortez,presidential-election-winner-2028
2026-01-17,0.075,Alexandria Ocasio-Cortez,presidential-election-winner-2028
2026-01-18,0.075,Alexandria Ocasio-Cortez,presidential-election-winner-2028
2026-01-19,0.065,Alexandria Ocasio-Cortez,presidential-election-winner-2028
2026-01-20,0.065,Alexandria Ocasio-Cortez,presidential-election-winner-2028
2026-01-21,0.065,Alexandria Ocasio-Cortez,presidential-election-winner-2028
2026-01-22,0.065,Alexandria Ocasio-Cortez,presidential-election-winner-2028
2026-01-23,0.065,Alexandria Ocasio-Cortez,presidential-election-winner-2028
2026-01-24,0.065,Alexandria Ocasio-Cortez,presidential-election-winner-2028
2026-01-25,0.065,Alexandria Ocasio-Cortez,presidential-election-winner-2028
2026-01-26,0.065,Alexandria Ocasio-Cortez,presidential-election-winner-2028
2026-01-27,0.065,Alexandria Ocasio-Cortez,presidential-election-winner-2028
2026-01-28,0.065,Alexandria Ocasio-Cortez,presidential-election-winner-2028
2026-01-29,0.065,Alexandria Ocasio-Cortez,presidential-election-winner-2028
2026-01-30,0.055,Alexandria Ocasio-Cortez,presidential-election-winner-2028
2026-01-31,0.055,Alexandria Ocasio-Cortez,presidential-election-winner-2028
2026-02-01,0.055,Alexandria Ocasio-Cortez,presidential-election-winner-2028
2026-02-02,0.055,Alexandria Ocasio-Cortez,presidential-election-winner-2028
2026-02-03,0.055,Alexandria Ocasio-Cortez,presidential-election-winner-2028
2026-02-04,0.055,Alexandria Ocasio-Cortez,presidential-election-winner-2028
2026-02-05,0.055,Alexandria Ocasio-Cortez,presidential-election-winner-2028
2026-02-06,0.045,Alexandria Ocasio-Cortez,presidential-election-winner-2028
2026-02-07,0.045,Alexandria Ocasio-Cortez,presidential-election-winner-2028
2026-02-08,0.045,Alexandria Ocasio-Cortez,presidential-election-winner-2028
2026-02-09,0.045,Alexandria Ocasio-Cortez,presidential-election-winner-2028
2026-02-10,0.055,Alexandria Ocasio-Cortez,presidential-election-winner-2028
2026-02-11,0.055,Alexandria Ocasio-Cortez,presidential-election-winner-2028
2026-02-12,0.055,Alexandria Ocasio-Cortez,presidential-election-winner-2028
2026-02-13,0.055,Alexandria Ocasio-Cortez,presidential-election-winner-2028
2026-02-14,0.055,Alexandria Ocasio-Cortez,presidential-election-winner-2028
2026-02-15,0.045,Alexandria Ocasio-Cortez,presidential-election-winner-2028
2026-02-16,0.0515,Alexandria Ocasio-Cortez,presidential-election-winner-2028
2026-02-17,0.0555,Alexandria Ocasio-Cortez,presidential-election-winner-2028
2026-02-18,0.0505,Alexandria Ocasio-Cortez,presidential-election-winner-2028
2026-02-19,0.0425,Alexandria Ocasio-Cortez,presidential-election-winner-2028
2026-02-20,0.052,Alexandria Ocasio-Cortez,presidential-election-winner-2028
2026-02-21,0.0575,Alexandria Ocasio-Cortez,presidential-election-winner-2028
2026-02-22,0.0575,Alexandria Ocasio-Cortez,presidential-election-winner-2028
2026-02-23,0.0575,Alexandria Ocasio-Cortez,presidential-election-winner-2028
2026-02-24,0.0675,Alexandria Ocasio-Cortez,presidential-election-winner-2028
2026-02-25,0.0605,Alexandria Ocasio-Cortez,presidential-election-winner-2028
2026-02-26,0.0605,Alexandria Ocasio-Cortez,presidential-election-winner-2028
2026-02-27,0.063,Alexandria Ocasio-Cortez,presidential-election-winner-2028
2026-02-28,0.0595,Alexandria Ocasio-Cortez,presidential-election-winner-2028
2026-03-01,0.059,Alexandria Ocasio-Cortez,presidential-election-winner-2028
2026-03-02,0.0645,Alexandria Ocasio-Cortez,presidential-election-winner-2028
2026-03-03,0.0605,Alexandria Ocasio-Cortez,presidential-election-winner-2028
2026-03-04,0.0625,Alexandria Ocasio-Cortez,presidential-election-winner-2028
2026-03-05,0.0535,Alexandria Ocasio-Cortez,presidential-election-winner-2028
2026-03-06,0.0565,Alexandria Ocasio-Cortez,presidential-election-winner-2028
2026-03-07,0.0595,Alexandria Ocasio-Cortez,presidential-election-winner-2028
2026-03-08,0.059,Alexandria Ocasio-Cortez,presidential-election-winner-2028
2026-03-09,0.059,Alexandria Ocasio-Cortez,presidential-election-winner-2028
2026-03-10,0.052,Alexandria Ocasio-Cortez,presidential-election-winner-2028
2026-03-11,0.0535,Alexandria Ocasio-Cortez,presidential-election-winner-2028
2026-03-12,0.0515,Alexandria Ocasio-Cortez,presidential-election-winner-2028
2026-03-13,0.0495,Alexandria Ocasio-Cortez,presidential-election-winner-2028
2026-03-14,0.047,Alexandria Ocasio-Cortez,presidential-election-winner-2028
2026-03-15,0.048,Alexandria Ocasio-Cortez,presidential-election-winner-2028
2026-03-17,0.0505,Alexandria Ocasio-Cortez,presidential-election-winner-2028
2026-03-18,0.0465,Alexandria Ocasio-Cortez,presidential-election-winner-2028
2026-03-20,0.047,Alexandria Ocasio-Cortez,presidential-election-winner-2028
2026-03-21,0.048,Alexandria Ocasio-Cortez,presidential-election-winner-2028
2026-03-22,0.0475,Alexandria Ocasio-Cortez,presidential-election-winner-2028
2026-03-23,0.048,Alexandria Ocasio-Cortez,presidential-election-winner-2028
2026-03-24,0.0475,Alexandria Ocasio-Cortez,presidential-election-winner-2028
2026-03-25,0.0455,Alexandria Ocasio-Cortez,presidential-election-winner-2028
2026-03-26,0.0475,Alexandria Ocasio-Cortez,presidential-election-winner-2028
2026-03-27,0.0465,Alexandria Ocasio-Cortez,presidential-election-winner-2028
2026-03-28,0.047,Alexandria Ocasio-Cortez,presidential-election-winner-2028
2026-03-29,0.0555,Alexandria Ocasio-Cortez,presidential-election-winner-2028
2026-03-31,0.063,Alexandria Ocasio-Cortez,presidential-election-winner-2028
2026-04-02,0.06,Alexandria Ocasio-Cortez,presidential-election-winner-2028
2026-04-09,0.0555,Alexandria Ocasio-Cortez,presidential-election-winner-2028
2026-04-18,0.077,Alexandria Ocasio-Cortez,presidential-election-winner-2028
2026-04-22,0.0595,Alexandria Ocasio-Cortez,presidential-election-winner-2028
2026-04-23,0.059,Alexandria Ocasio-Cortez,presidential-election-winner-2028
2026-04-24,0.0605,Alexandria Ocasio-Cortez,presidential-election-winner-2028
2026-04-25,0.0595,Alexandria Ocasio-Cortez,presidential-election-winner-2028
2026-04-26,0.0605,Alexandria Ocasio-Cortez,presidential-election-winner-2028
2026-04-27,0.063,Alexandria Ocasio-Cortez,presidential-election-winner-2028
2026-04-28,0.0655,Alexandria Ocasio-Cortez,presidential-election-winner-2028
2026-04-29,0.0605,Alexandria Ocasio-Cortez,presidential-election-winner-2028
2026-04-30,0.061,Alexandria Ocasio-Cortez,presidential-election-winner-2028
2026-05-01,0.0565,Alexandria Ocasio-Cortez,presidential-election-winner-2028
2026-05-02,0.0575,Alexandria Ocasio-Cortez,presidential-election-winner-2028
2026-05-03,0.057,Alexandria Ocasio-Cortez,presidential-election-winner-2028
2026-05-04,0.057,Alexandria Ocasio-Cortez,presidential-election-winner-2028
2026-05-05,0.0565,Alexandria Ocasio-Cortez,presidential-election-winner-2028
2026-05-06,0.0565,Alexandria Ocasio-Cortez,presidential-election-winner-2028
2026-05-07,0.0555,Alexandria Ocasio-Cortez,presidential-election-winner-2028
2026-05-08,0.0555,Alexandria Ocasio-Cortez,presidential-election-winner-2028
2026-05-09,0.0545,Alexandria Ocasio-Cortez,presidential-election-winner-2028
2026-05-10,0.0545,Alexandria Ocasio-Cortez,presidential-election-winner-2028
2026-05-11,0.0535,Alexandria Ocasio-Cortez,presidential-election-winner-2028
2026-05-12,0.0535,Alexandria Ocasio-Cortez,presidential-election-winner-2028
2026-05-13,0.0555,Alexandria Ocasio-Cortez,presidential-election-winner-2028
2026-05-14,0.0555,Alexandria Ocasio-Cortez,presidential-election-winner-2028
2026-05-15,0.0535,Alexandria Ocasio-Cortez,presidential-election-winner-2028
2026-05-16,0.0535,Alexandria Ocasio-Cortez,presidential-election-winner-2028
2026-05-17,0.0535,Alexandria Ocasio-Cortez,presidential-election-winner-2028
2026-05-18,0.0525,Alexandria Ocasio-Cortez,presidential-election-winner-2028
2026-05-19,0.0525,Alexandria Ocasio-Cortez,presidential-election-winner-2028
2026-05-20,0.0515,Alexandria Ocasio-Cortez,presidential-election-winner-2028
2026-05-21,0.0505,Alexandria Ocasio-Cortez,presidential-election-winner-2028
2026-05-22,0.0495,Alexandria Ocasio-Cortez,presidential-election-winner-2028
2026-05-23,0.0515,Alexandria Ocasio-Cortez,presidential-election-winner-2028
2026-05-24,0.0515,Alexandria Ocasio-Cortez,presidential-election-winner-2028
2026-05-25,0.0515,Alexandria Ocasio-Cortez,presidential-election-winner-2028
2026-05-26,0.0515,Alexandria Ocasio-Cortez,presidential-election-winner-2028
2026-05-27,0.0515,Alexandria Ocasio-Cortez,presidential-election-winner-2028
2026-05-28,0.0515,Alexandria Ocasio-Cortez,presidential-election-winner-2028
2026-05-29,0.0515,Alexandria Ocasio-Cortez,presidential-election-winner-2028
2026-05-30,0.0515,Alexandria Ocasio-Cortez,presidential-election-winner-2028
2026-05-31,0.0525,Alexandria Ocasio-Cortez,presidential-election-winner-2028
2026-06-01,0.0525,Alexandria Ocasio-Cortez,presidential-election-winner-2028
2026-06-02,0.0515,Alexandria Ocasio-Cortez,presidential-election-winner-2028
2026-06-03,0.0475,Alexandria Ocasio-Cortez,presidential-election-winner-2028
2026-06-04,0.0475,Alexandria Ocasio-Cortez,presidential-election-winner-2028
2026-06-05,0.0475,Alexandria Ocasio-Cortez,presidential-election-winner-2028
2026-06-06,0.0475,Alexandria Ocasio-Cortez,presidential-election-winner-2028
2026-06-07,0.0465,Alexandria Ocasio-Cortez,presidential-election-winner-2028
2026-06-08,0.0465,Alexandria Ocasio-Cortez,presidential-election-winner-2028
2026-06-09,0.0495,Alexandria Ocasio-Cortez,presidential-election-winner-2028
2026-06-10,0.051,Alexandria Ocasio-Cortez,presidential-election-winner-2028
2026-06-11,0.051,Alexandria Ocasio-Cortez,presidential-election-winner-2028
2026-06-12,0.0525,Alexandria Ocasio-Cortez,presidential-election-winner-2028
2026-06-13,0.0525,Alexandria Ocasio-Cortez,presidential-election-winner-2028
2026-06-14,0.057,Alexandria Ocasio-Cortez,presidential-election-winner-2028
2026-06-15,0.057,Alexandria Ocasio-Cortez,presidential-election-winner-2028
2026-06-16,0.0595,Alexandria Ocasio-Cortez,presidential-election-winner-2028
2026-06-17,0.0565,Alexandria Ocasio-Cortez,presidential-election-winner-2028
2026-06-18,0.0555,Alexandria Ocasio-Cortez,presidential-election-winner-2028
2026-06-19,0.0555,Alexandria Ocasio-Cortez,presidential-election-winner-2028
2026-06-20,0.0555,Alexandria Ocasio-Cortez,presidential-election-winner-2028
2026-06-21,0.0545,Alexandria Ocasio-Cortez,presidential-election-winner-2028
2026-06-22,0.0545,Alexandria Ocasio-Cortez,presidential-election-winner-2028
2026-06-23,0.0525,Alexandria Ocasio-Cortez,presidential-election-winner-2028
2026-06-24,0.0525,Alexandria Ocasio-Cortez,presidential-election-winner-2028
2026-06-25,0.0525,Alexandria Ocasio-Cortez,presidential-election-winner-2028
2026-06-26,0.0525,Alexandria Ocasio-Cortez,presidential-election-winner-2028
2026-06-27,0.0525,Alexandria Ocasio-Cortez,presidential-election-winner-2028
2026-06-28,0.0525,Alexandria Ocasio-Cortez,presidential-election-winner-2028
2026-06-29,0.0515,Alexandria Ocasio-Cortez,presidential-election-winner-2028
2026-06-30,0.0615,Alexandria Ocasio-Cortez,presidential-election-winner-2028
2026-07-01,0.0505,Alexandria Ocasio-Cortez,presidential-election-winner-2028
2026-07-02,0.0675,Alexandria Ocasio-Cortez,presidential-election-winner-2028
2026-07-03,0.068,Alexandria Ocasio-Cortez,presidential-election-winner-2028
2026-07-04,0.065,Alexandria Ocasio-Cortez,presidential-election-winner-2028
2026-07-05,0.071,Alexandria Ocasio-Cortez,presidential-election-winner-2028
2026-07-06,0.0715,Alexandria Ocasio-Cortez,presidential-election-winner-2028
2026-07-07,0.0745,Alexandria Ocasio-Cortez,presidential-election-winner-2028
2026-07-08,0.0805,Alexandria Ocasio-Cortez,presidential-election-winner-2028
2026-07-09,0.075,Alexandria Ocasio-Cortez,presidential-election-winner-2028
2026-07-10,0.076,Alexandria Ocasio-Cortez,presidential-election-winner-2028
2026-07-11,0.077,Alexandria Ocasio-Cortez,presidential-election-winner-2028
2026-07-12,0.0745,Alexandria Ocasio-Cortez,presidential-election-winner-2028
2026-07-13,0.0745,Alexandria Ocasio-Cortez,presidential-election-winner-2028
2026-07-14,0.0765,Alexandria Ocasio-Cortez,presidential-election-winner-2028
2026-07-15,0.079,Alexandria Ocasio-Cortez,presidential-election-winner-2028
2026-07-16,0.0795,Alexandria Ocasio-Cortez,presidential-election-winner-2028
2026-07-17,0.0795,Alexandria Ocasio-Cortez,presidential-election-winner-2028
2026-07-18,0.0795,Alexandria Ocasio-Cortez,presidential-election-winner-2028
2026-07-19,0.0795,Alexandria Ocasio-Cortez,presidential-election-winner-2028
2026-07-20,0.0795,Alexandria Ocasio-Cortez,presidential-election-winner-2028
2026-07-21,0.08,Alexandria Ocasio-Cortez,presidential-election-winner-2028
2026-07-22,0.0805,Alexandria Ocasio-Cortez,presidential-election-winner-2028
2026-07-23,0.0805,Alexandria Ocasio-Cortez,presidential-election-winner-2028
2026-07-24,0.093,Alexandria Ocasio-Cortez,presidential-election-winner-2028
2026-07-25,0.0885,Alexandria Ocasio-Cortez,presidential-election-winner-2028
2026-07-26,0.0845,Alexandria Ocasio-Cortez,presidential-election-winner-2028
2026-07-27,0.084,Alexandria Ocasio-Cortez,presidential-election-winner-2028
2026-07-28,0.0855,Alexandria Ocasio-Cortez,presidential-election-winner-2028
2026-07-30,0.091,Alexandria Ocasio-Cortez,presidential-election-winner-2028
2026-07-31,0.0935,Alexandria Ocasio-Cortez,presidential-election-winner-2028
2026-08-01,0.0935,Alexandria Ocasio-Cortez,presidential-election-winner-2028
2026-08-02,0.0945,Alexandria Ocasio-Cortez,presidential-election-winner-2028
2026-08-03,0.095,Alexandria Ocasio-Cortez,presidential-election-winner-2028
2026-08-04,0.0905,Alexandria Ocasio-Cortez,presidential-election-winner-2028
2026-08-05,0.087,Alexandria Ocasio-Cortez,presidential-election-winner-2028
2026-08-06,0.0895,Alexandria Ocasio-Cortez,presidential-election-winner-2028
2026-08-07,0.1035,Alexandria Ocasio-Cortez,presidential-election-winner-2028
2026-08-08,0.1015,Alexandria Ocasio-Cortez,presidential-election-winner-2028
2026-08-09,0.1045,Alexandria Ocasio-Cortez,presidential-election-winner-2028
2026-08-10,0.0955,Alexandria Ocasio-Cortez,presidential-election-winner-2028
2026-08-11,0.0935,Alexandria Ocasio-Cortez,presidential-election-winner-2028
2026-08-12,0.0965,Alexandria Ocasio-Cortez,presidential-election-winner-2028
2026-08-13,0.1225,Alexandria Ocasio-Cortez,presidential-election-winner-2028
2026-08-14,0.1265,Alexandria Ocasio-Cortez,presidential-election-winner-2028
2026-08-15,0.1335,Alexandria Ocasio-Cortez,presidential-election-winner-2028
2026-08-16,0.1315,Alexandria Ocasio-Cortez,presidential-election-winner-2028
2026-08-17,0.1335,Alexandria Ocasio-Cortez,presidential-election-winner-2028
2026-08-18,0.1305,Alexandria Ocasio-Cortez,presidential-election-winner-2028
2026-08-19,0.1295,Alexandria Ocasio-Cortez,presidential-election-winner-2028
2026-08-20,0.1265,Alexandria Ocasio-Cortez,presidential-election-winner-2028
2026-08-21,0.1265,Alexandria Ocasio-Cortez,presidential-election-winner-2028
2026-08-22,0.1265,Alexandria Ocasio-Cortez,presidential-election-winner-2028
2026-08-23,0.1305,Alexandria Ocasio-Cortez,presidential-election-winner-2028
2026-08-24,0.1415,Alexandria Ocasio-Cortez,presidential-election-winner-2028
2026-08-25,0.1415,Alexandria Ocasio-Cortez,presidential-election-winner-2028
2025-07-19,0.075,Pete Buttigieg,presidential-election-winner-2028
2025-07-20,0.075,Pete Buttigieg,presidential-election-winner-2028
2025-07-21,0.075,Pete Buttigieg,presidential-election-winner-2028
2025-07-22,0.085,Pete Buttigieg,presidential-election-winner-2028
2025-07-23,0.085,Pete Buttigieg,presidential-election-winner-2028
2025-07-24,0.085,Pete Buttigieg,presidential-election-winner-2028
2025-07-25,0.075,Pete Buttigieg,presidential-election-winner-2028
2025-07-26,0.075,Pete Buttigieg,presidential-election-winner-2028
2025-07-27,0.075,Pete Buttigieg,presidential-election-winner-2028
2025-07-28,0.075,Pete Buttigieg,presidential-election-winner-2028
2025-07-29,0.075,Pete Buttigieg,presidential-election-winner-2028
2025-07-30,0.075,Pete Buttigieg,presidential-election-winner-2028
2025-07-31,0.075,Pete Buttigieg,presidential-election-winner-2028
2025-08-01,0.075,Pete Buttigieg,presidential-election-winner-2028
2025-08-02,0.065,Pete Buttigieg,presidential-election-winner-2028
2025-08-03,0.065,Pete Buttigieg,presidential-election-winner-2028
2025-08-04,0.065,Pete Buttigieg,presidential-election-winner-2028
2025-08-05,0.065,Pete Buttigieg,presidential-election-winner-2028
2025-08-06,0.065,Pete Buttigieg,presidential-election-winner-2028
2025-08-07,0.065,Pete Buttigieg,presidential-election-winner-2028
2025-08-08,0.065,Pete Buttigieg,presidential-election-winner-2028
2025-08-09,0.065,Pete Buttigieg,presidential-election-winner-2028
2025-08-10,0.065,Pete Buttigieg,presidential-election-winner-2028
2025-08-11,0.065,Pete Buttigieg,presidential-election-winner-2028
2025-08-12,0.065,Pete Buttigieg,presidential-election-winner-2028
2025-08-13,0.065,Pete Buttigieg,presidential-election-winner-2028
2025-08-14,0.065,Pete Buttigieg,presidential-election-winner-2028
2025-08-15,0.065,Pete Buttigieg,presidential-election-winner-2028
2025-08-16,0.065,Pete Buttigieg,presidential-election-winner-2028
2025-08-17,0.065,Pete Buttigieg,presidential-election-winner-2028
2025-08-18,0.065,Pete Buttigieg,presidential-election-winner-2028
2025-08-19,0.065,Pete Buttigieg,presidential-election-winner-2028
2025-08-20,0.055,Pete Buttigieg,presidential-election-winner-2028
2025-08-21,0.045,Pete Buttigieg,presidential-election-winner-2028
2025-08-22,0.045,Pete Buttigieg,presidential-election-winner-2028
2025-08-23,0.045,Pete Buttigieg,presidential-election-winner-2028
2025-08-24,0.045,Pete Buttigieg,presidential-election-winner-2028
2025-08-25,0.045,Pete Buttigieg,presidential-election-winner-2028
2025-08-26,0.045,Pete Buttigieg,presidential-election-winner-2028
2025-08-27,0.045,Pete Buttigieg,presidential-election-winner-2028
2025-08-28,0.045,Pete Buttigieg,presidential-election-winner-2028
2025-08-29,0.045,Pete Buttigieg,presidential-election-winner-2028
2025-08-30,0.045,Pete Buttigieg,presidential-election-winner-2028
2025-08-31,0.045,Pete Buttigieg,presidential-election-winner-2028
2025-09-01,0.045,Pete Buttigieg,presidential-election-winner-2028
2025-09-02,0.045,Pete Buttigieg,presidential-election-winner-2028
2025-09-03,0.045,Pete Buttigieg,presidential-election-winner-2028
2025-09-04,0.045,Pete Buttigieg,presidential-election-winner-2028
2025-09-05,0.045,Pete Buttigieg,presidential-election-winner-2028
2025-09-06,0.0335,Pete Buttigieg,presidential-election-winner-2028
2025-09-07,0.034,Pete Buttigieg,presidential-election-winner-2028
2025-09-08,0.0305,Pete Buttigieg,presidential-election-winner-2028
2025-09-09,0.0275,Pete Buttigieg,presidential-election-winner-2028
2025-09-10,0.025,Pete Buttigieg,presidential-election-winner-2028
2025-09-11,0.0245,Pete Buttigieg,presidential-election-winner-2028
2025-09-12,0.026,Pete Buttigieg,presidential-election-winner-2028
2025-09-13,0.026,Pete Buttigieg,presidential-election-winner-2028
2025-09-14,0.0265,Pete Buttigieg,presidential-election-winner-2028
2025-09-15,0.027,Pete Buttigieg,presidential-election-winner-2028
2025-09-16,0.027,Pete Buttigieg,presidential-election-winner-2028
2025-09-17,0.028,Pete Buttigieg,presidential-election-winner-2028
2025-09-18,0.0285,Pete Buttigieg,presidential-election-winner-2028
2025-09-19,0.0255,Pete Buttigieg,presidential-election-winner-2028
2025-09-20,0.0235,Pete Buttigieg,presidential-election-winner-2028
2025-09-21,0.0225,Pete Buttigieg,presidential-election-winner-2028
2025-09-22,0.023,Pete Buttigieg,presidential-election-winner-2028
2025-09-23,0.0245,Pete Buttigieg,presidential-election-winner-2028
2025-09-24,0.0245,Pete Buttigieg,presidential-election-winner-2028
2025-09-25,0.027,Pete Buttigieg,presidential-election-winner-2028
2025-09-26,0.0245,Pete Buttigieg,presidential-election-winner-2028
2025-09-27,0.0245,Pete Buttigieg,presidential-election-winner-2028
2025-09-28,0.0245,Pete Buttigieg,presidential-election-winner-2028
2025-09-29,0.0245,Pete Buttigieg,presidential-election-winner-2028
2025-09-30,0.024,Pete Buttigieg,presidential-election-winner-2028
2025-10-01,0.0245,Pete Buttigieg,presidential-election-winner-2028
2025-10-02,0.026,Pete Buttigieg,presidential-election-winner-2028
2025-10-03,0.0265,Pete Buttigieg,presidential-election-winner-2028
2025-10-04,0.026,Pete Buttigieg,presidential-election-winner-2028
2025-10-05,0.025,Pete Buttigieg,presidential-election-winner-2028
2025-10-06,0.025,Pete Buttigieg,presidential-election-winner-2028
2025-10-07,0.025,Pete Buttigieg,presidential-election-winner-2028
2025-10-08,0.0235,Pete Buttigieg,presidential-election-winner-2028
2025-10-09,0.0245,Pete Buttigieg,presidential-election-winner-2028
2025-10-10,0.0245,Pete Buttigieg,presidential-election-winner-2028
2025-10-11,0.0245,Pete Buttigieg,presidential-election-winner-2028
2025-10-12,0.0245,Pete Buttigieg,presidential-election-winner-2028
2025-10-13,0.0225,Pete Buttigieg,presidential-election-winner-2028
2025-10-14,0.0235,Pete Buttigieg,presidential-election-winner-2028
2025-10-15,0.024,Pete Buttigieg,presidential-election-winner-2028
2025-10-16,0.0235,Pete Buttigieg,presidential-election-winner-2028
2025-10-17,0.025,Pete Buttigieg,presidential-election-winner-2028
2025-10-18,0.025,Pete Buttigieg,presidential-election-winner-2028
2025-10-19,0.025,Pete Buttigieg,presidential-election-winner-2028
2025-10-20,0.0255,Pete Buttigieg,presidential-election-winner-2028
2025-10-21,0.026,Pete Buttigieg,presidential-election-winner-2028
2025-10-22,0.026,Pete Buttigieg,presidential-election-winner-2028
2025-10-23,0.0255,Pete Buttigieg,presidential-election-winner-2028
2025-10-24,0.025,Pete Buttigieg,presidential-election-winner-2028
2025-10-25,0.0255,Pete Buttigieg,presidential-election-winner-2028
2025-10-26,0.0255,Pete Buttigieg,presidential-election-winner-2028
2025-10-27,0.0245,Pete Buttigieg,presidential-election-winner-2028
2025-10-28,0.0235,Pete Buttigieg,presidential-election-winner-2028
2025-10-29,0.0235,Pete Buttigieg,presidential-election-winner-2028
2025-10-30,0.024,Pete Buttigieg,presidential-election-winner-2028
2025-10-31,0.0245,Pete Buttigieg,presidential-election-winner-2028
2025-11-01,0.0265,Pete Buttigieg,presidential-election-winner-2028
2025-11-02,0.026,Pete Buttigieg,presidential-election-winner-2028
2025-11-03,0.0255,Pete Buttigieg,presidential-election-winner-2028
2025-11-04,0.0245,Pete Buttigieg,presidential-election-winner-2028
2025-11-05,0.0245,Pete Buttigieg,presidential-election-winner-2028
2025-11-06,0.0275,Pete Buttigieg,presidential-election-winner-2028
2025-11-07,0.0275,Pete Buttigieg,presidential-election-winner-2028
2025-11-08,0.0275,Pete Buttigieg,presidential-election-winner-2028
2025-11-09,0.0275,Pete Buttigieg,presidential-election-winner-2028
2025-11-10,0.0275,Pete Buttigieg,presidential-election-winner-2028
2025-11-11,0.0275,Pete Buttigieg,presidential-election-winner-2028
2025-11-12,0.0265,Pete Buttigieg,presidential-election-winner-2028
2025-11-13,0.0275,Pete Buttigieg,presidential-election-winner-2028
2025-11-14,0.0275,Pete Buttigieg,presidential-election-winner-2028
2025-11-15,0.0275,Pete Buttigieg,presidential-election-winner-2028
2025-11-16,0.027,Pete Buttigieg,presidential-election-winner-2028
2025-11-17,0.0265,Pete Buttigieg,presidential-election-winner-2028
2025-11-18,0.0265,Pete Buttigieg,presidential-election-winner-2028
2025-11-19,0.0265,Pete Buttigieg,presidential-election-winner-2028
2025-11-20,0.0265,Pete Buttigieg,presidential-election-winner-2028
2025-11-21,0.0255,Pete Buttigieg,presidential-election-winner-2028
2025-11-22,0.0265,Pete Buttigieg,presidential-election-winner-2028
2025-11-23,0.025,Pete Buttigieg,presidential-election-winner-2028
2025-11-24,0.0255,Pete Buttigieg,presidential-election-winner-2028
2025-11-25,0.0255,Pete Buttigieg,presidential-election-winner-2028
2025-11-26,0.0255,Pete Buttigieg,presidential-election-winner-2028
2025-11-27,0.0255,Pete Buttigieg,presidential-election-winner-2028
2025-11-28,0.0255,Pete Buttigieg,presidential-election-winner-2028
2025-11-29,0.0245,Pete Buttigieg,presidential-election-winner-2028
2025-11-30,0.025,Pete Buttigieg,presidential-election-winner-2028
2025-12-01,0.0245,Pete Buttigieg,presidential-election-winner-2028
2025-12-02,0.025,Pete Buttigieg,presidential-election-winner-2028
2025-12-03,0.025,Pete Buttigieg,presidential-election-winner-2028
2025-12-04,0.0255,Pete Buttigieg,presidential-election-winner-2028
2025-12-05,0.0255,Pete Buttigieg,presidential-election-winner-2028
2025-12-06,0.025,Pete Buttigieg,presidential-election-winner-2028
2025-12-07,0.025,Pete Buttigieg,presidential-election-winner-2028
2025-12-08,0.025,Pete Buttigieg,presidential-election-winner-2028
2025-12-09,0.025,Pete Buttigieg,presidential-election-winner-2028
2025-12-10,0.025,Pete Buttigieg,presidential-election-winner-2028
2025-12-11,0.0255,Pete Buttigieg,presidential-election-winner-2028
2025-12-12,0.0255,Pete Buttigieg,presidential-election-winner-2028
2025-12-13,0.025,Pete Buttigieg,presidential-election-winner-2028
2025-12-14,0.025,Pete Buttigieg,presidential-election-winner-2028
2025-12-15,0.0255,Pete Buttigieg,presidential-election-winner-2028
2025-12-16,0.0245,Pete Buttigieg,presidential-election-winner-2028
2025-12-17,0.024,Pete Buttigieg,presidential-election-winner-2028
2025-12-18,0.0255,Pete Buttigieg,presidential-election-winner-2028
2025-12-19,0.0255,Pete Buttigieg,presidential-election-winner-2028
2025-12-20,0.025,Pete Buttigieg,presidential-election-winner-2028
2025-12-21,0.0245,Pete Buttigieg,presidential-election-winner-2028
2025-12-22,0.0245,Pete Buttigieg,presidential-election-winner-2028
2025-12-23,0.025,Pete Buttigieg,presidential-election-winner-2028
2025-12-24,0.0255,Pete Buttigieg,presidential-election-winner-2028
2025-12-25,0.0245,Pete Buttigieg,presidential-election-winner-2028
2025-12-26,0.0255,Pete Buttigieg,presidential-election-winner-2028
2025-12-27,0.0245,Pete Buttigieg,presidential-election-winner-2028
2025-12-28,0.0255,Pete Buttigieg,presidential-election-winner-2028
2025-12-29,0.0245,Pete Buttigieg,presidential-election-winner-2028
2025-12-30,0.025,Pete Buttigieg,presidential-election-winner-2028
2025-12-31,0.0245,Pete Buttigieg,presidential-election-winner-2028
2026-01-01,0.0245,Pete Buttigieg,presidential-election-winner-2028
2026-01-02,0.0245,Pete Buttigieg,presidential-election-winner-2028
2026-01-03,0.0245,Pete Buttigieg,presidential-election-winner-2028
2026-01-04,0.0245,Pete Buttigieg,presidential-election-winner-2028
2026-01-05,0.0245,Pete Buttigieg,presidential-election-winner-2028
2026-01-06,0.0245,Pete Buttigieg,presidential-election-winner-2028
2026-01-07,0.0245,Pete Buttigieg,presidential-election-winner-2028
2026-01-08,0.0245,Pete Buttigieg,presidential-election-winner-2028
2026-01-09,0.0245,Pete Buttigieg,presidential-election-winner-2028
2026-01-10,0.0245,Pete Buttigieg,presidential-election-winner-2028
2026-01-11,0.0245,Pete Buttigieg,presidential-election-winner-2028
2026-01-12,0.0245,Pete Buttigieg,presidential-election-winner-2028
2026-01-13,0.0245,Pete Buttigieg,presidential-election-winner-2028
2026-01-14,0.0235,Pete Buttigieg,presidential-election-winner-2028
2026-01-15,0.0245,Pete Buttigieg,presidential-election-winner-2028
2026-01-16,0.0225,Pete Buttigieg,presidential-election-winner-2028
2026-01-17,0.0235,Pete Buttigieg,presidential-election-winner-2028
2026-01-18,0.0235,Pete Buttigieg,presidential-election-winner-2028
2026-01-19,0.0245,Pete Buttigieg,presidential-election-winner-2028
2026-01-20,0.0235,Pete Buttigieg,presidential-election-winner-2028
2026-01-21,0.0235,Pete Buttigieg,presidential-election-winner-2028
2026-01-22,0.0225,Pete Buttigieg,presidential-election-winner-2028
2026-01-23,0.0225,Pete Buttigieg,presidential-election-winner-2028
2026-01-24,0.023,Pete Buttigieg,presidential-election-winner-2028
2026-01-25,0.0215,Pete Buttigieg,presidential-election-winner-2028
2026-01-26,0.0225,Pete Buttigieg,presidential-election-winner-2028
2026-01-27,0.0225,Pete Buttigieg,presidential-election-winner-2028
2026-01-28,0.022,Pete Buttigieg,presidential-election-winner-2028
2026-01-29,0.021,Pete Buttigieg,presidential-election-winner-2028
2026-01-30,0.0225,Pete Buttigieg,presidential-election-winner-2028
2026-01-31,0.0225,Pete Buttigieg,presidential-election-winner-2028
2026-02-01,0.0215,Pete Buttigieg,presidential-election-winner-2028
2026-02-02,0.0225,Pete Buttigieg,presidential-election-winner-2028
2026-02-03,0.022,Pete Buttigieg,presidential-election-winner-2028
2026-02-04,0.021,Pete Buttigieg,presidential-election-winner-2028
2026-02-05,0.0235,Pete Buttigieg,presidential-election-winner-2028
2026-02-06,0.0225,Pete Buttigieg,presidential-election-winner-2028
2026-02-07,0.022,Pete Buttigieg,presidential-election-winner-2028
2026-02-08,0.021,Pete Buttigieg,presidential-election-winner-2028
2026-02-09,0.0215,Pete Buttigieg,presidential-election-winner-2028
2026-02-10,0.0235,Pete Buttigieg,presidential-election-winner-2028
2026-02-11,0.0225,Pete Buttigieg,presidential-election-winner-2028
2026-02-12,0.0225,Pete Buttigieg,presidential-election-winner-2028
2026-02-13,0.0225,Pete Buttigieg,presidential-election-winner-2028
2026-02-14,0.0215,Pete Buttigieg,presidential-election-winner-2028
2026-02-15,0.0225,Pete Buttigieg,presidential-election-winner-2028
2026-02-16,0.0225,Pete Buttigieg,presidential-election-winner-2028
2026-02-17,0.022,Pete Buttigieg,presidential-election-winner-2028
2026-02-18,0.021,Pete Buttigieg,presidential-election-winner-2028
2026-02-19,0.0215,Pete Buttigieg,presidential-election-winner-2028
2026-02-20,0.0205,Pete Buttigieg,presidential-election-winner-2028
2026-02-21,0.0215,Pete Buttigieg,presidential-election-winner-2028
2026-02-22,0.0215,Pete Buttigieg,presidential-election-winner-2028
2026-02-23,0.021,Pete Buttigieg,presidential-election-winner-2028
2026-02-24,0.02,Pete Buttigieg,presidential-election-winner-2028
2026-02-25,0.0195,Pete Buttigieg,presidential-election-winner-2028
2026-02-26,0.02,Pete Buttigieg,presidential-election-winner-2028
2026-02-27,0.019,Pete Buttigieg,presidential-election-winner-2028
2026-02-28,0.0185,Pete Buttigieg,presidential-election-winner-2028
2026-03-01,0.0185,Pete Buttigieg,presidential-election-winner-2028
2026-03-02,0.0175,Pete Buttigieg,presidential-election-winner-2028
2026-03-03,0.019,Pete Buttigieg,presidential-election-winner-2028
2026-03-04,0.019,Pete Buttigieg,presidential-election-winner-2028
2026-03-05,0.0205,Pete Buttigieg,presidential-election-winner-2028
2026-03-06,0.02,Pete Buttigieg,presidential-election-winner-2028
2026-03-07,0.0205,Pete Buttigieg,presidential-election-winner-2028
2026-03-08,0.02,Pete Buttigieg,presidential-election-winner-2028
2026-03-09,0.0195,Pete Buttigieg,presidential-election-winner-2028
2026-03-10,0.0195,Pete Buttigieg,presidential-election-winner-2028
2026-03-11,0.0195,Pete Buttigieg,presidential-election-winner-2028
2026-03-12,0.0185,Pete Buttigieg,presidential-election-winner-2028
2026-03-14,0.0175,Pete Buttigieg,presidential-election-winner-2028
2026-03-17,0.0175,Pete Buttigieg,presidential-election-winner-2028
2026-03-18,0.0175,Pete Buttigieg,presidential-election-winner-2028
2026-03-20,0.0175,Pete Buttigieg,presidential-election-winner-2028
2026-03-21,0.0195,Pete Buttigieg,presidential-election-winner-2028
2026-03-22,0.019,Pete Buttigieg,presidential-election-winner-2028
2026-03-23,0.019,Pete Buttigieg,presidential-election-winner-2028
2026-03-24,0.019,Pete Buttigieg,presidential-election-winner-2028
2026-03-25,0.019,Pete Buttigieg,presidential-election-winner-2028
2026-03-26,0.0195,Pete Buttigieg,presidential-election-winner-2028
2026-03-27,0.0195,Pete Buttigieg,presidential-election-winner-2028
2026-03-28,0.0185,Pete Buttigieg,presidential-election-winner-2028
2026-03-29,0.0195,Pete Buttigieg,presidential-election-winner-2028
2026-03-30,0.0195,Pete Buttigieg,presidential-election-winner-2028
2026-03-31,0.0185,Pete Buttigieg,presidential-election-winner-2028
2026-04-01,0.0165,Pete Buttigieg,presidential-election-winner-2028
2026-04-02,0.0165,Pete Buttigieg,presidential-election-winner-2028
2026-04-03,0.0155,Pete Buttigieg,presidential-election-winner-2028
2026-04-04,0.0155,Pete Buttigieg,presidential-election-winner-2028
2026-04-07,0.0155,Pete Buttigieg,presidential-election-winner-2028
2026-04-09,0.0165,Pete Buttigieg,presidential-election-winner-2028
2026-04-13,0.0165,Pete Buttigieg,presidential-election-winner-2028
2026-04-15,0.0165,Pete Buttigieg,presidential-election-winner-2028
2026-04-17,0.0175,Pete Buttigieg,presidential-election-winner-2028
2026-04-19,0.0175,Pete Buttigieg,presidential-election-winner-2028
2026-04-20,0.0175,Pete Buttigieg,presidential-election-winner-2028
2026-04-21,0.0175,Pete Buttigieg,presidential-election-winner-2028
2026-04-22,0.0185,Pete Buttigieg,presidential-election-winner-2028
2026-04-23,0.021,Pete Buttigieg,presidential-election-winner-2028
2026-04-24,0.022,Pete Buttigieg,presidential-election-winner-2028
2026-04-25,0.019,Pete Buttigieg,presidential-election-winner-2028
2026-04-26,0.0195,Pete Buttigieg,presidential-election-winner-2028
2026-04-27,0.0215,Pete Buttigieg,presidential-election-winner-2028
2026-04-28,0.0195,Pete Buttigieg,presidential-election-winner-2028
2026-04-29,0.0205,Pete Buttigieg,presidential-election-winner-2028
2026-04-30,0.0215,Pete Buttigieg,presidential-election-winner-2028
2026-05-01,0.023,Pete Buttigieg,presidential-election-winner-2028
2026-05-02,0.0205,Pete Buttigieg,presidential-election-winner-2028
2026-05-03,0.021,Pete Buttigieg,presidential-election-winner-2028
2026-05-04,0.0205,Pete Buttigieg,presidential-election-winner-2028
2026-05-05,0.0205,Pete Buttigieg,presidential-election-winner-2028
2026-05-06,0.0205,Pete Buttigieg,presidential-election-winner-2028
2026-05-07,0.0205,Pete Buttigieg,presidential-election-winner-2028
2026-05-08,0.0205,Pete Buttigieg,presidential-election-winner-2028
2026-05-09,0.0205,Pete Buttigieg,presidential-election-winner-2028
2026-05-10,0.0205,Pete Buttigieg,presidential-election-winner-2028
2026-05-11,0.0205,Pete Buttigieg,presidential-election-winner-2028
2026-05-12,0.0215,Pete Buttigieg,presidential-election-winner-2028
2026-05-13,0.0225,Pete Buttigieg,presidential-election-winner-2028
2026-05-14,0.0235,Pete Buttigieg,presidential-election-winner-2028
2026-05-15,0.022,Pete Buttigieg,presidential-election-winner-2028
2026-05-16,0.0225,Pete Buttigieg,presidential-election-winner-2028
2026-05-17,0.0215,Pete Buttigieg,presidential-election-winner-2028
2026-05-18,0.0215,Pete Buttigieg,presidential-election-winner-2028
2026-05-19,0.0225,Pete Buttigieg,presidential-election-winner-2028
2026-05-20,0.0205,Pete Buttigieg,presidential-election-winner-2028
2026-05-21,0.0205,Pete Buttigieg,presidential-election-winner-2028
2026-05-22,0.0205,Pete Buttigieg,presidential-election-winner-2028
2026-05-23,0.0205,Pete Buttigieg,presidential-election-winner-2028
2026-05-24,0.0205,Pete Buttigieg,presidential-election-winner-2028
2026-05-25,0.0205,Pete Buttigieg,presidential-election-winner-2028
2026-05-26,0.0205,Pete Buttigieg,presidential-election-winner-2028
2026-05-27,0.0205,Pete Buttigieg,presidential-election-winner-2028
2026-05-28,0.0205,Pete Buttigieg,presidential-election-winner-2028
2026-05-29,0.021,Pete Buttigieg,presidential-election-winner-2028
2026-05-30,0.024,Pete Buttigieg,presidential-election-winner-2028
2026-05-31,0.0245,Pete Buttigieg,presidential-election-winner-2028
2026-06-01,0.0235,Pete Buttigieg,presidential-election-winner-2028
2026-06-02,0.023,Pete Buttigieg,presidential-election-winner-2028
2026-06-03,0.023,Pete Buttigieg,presidential-election-winner-2028
2026-06-04,0.0225,Pete Buttigieg,presidential-election-winner-2028
2026-06-05,0.0225,Pete Buttigieg,presidential-election-winner-2028
2026-06-06,0.0225,Pete Buttigieg,presidential-election-winner-2028
2026-06-07,0.0225,Pete Buttigieg,presidential-election-winner-2028
2026-06-08,0.0255,Pete Buttigieg,presidential-election-winner-2028
2026-06-09,0.0235,Pete Buttigieg,presidential-election-winner-2028
2026-06-10,0.0235,Pete Buttigieg,presidential-election-winner-2028
2026-06-11,0.025,Pete Buttigieg,presidential-election-winner-2028
2026-06-12,0.0245,Pete Buttigieg,presidential-election-winner-2028
2026-06-13,0.023,Pete Buttigieg,presidential-election-winner-2028
2026-06-14,0.024,Pete Buttigieg,presidential-election-winner-2028
2026-06-15,0.0235,Pete Buttigieg,presidential-election-winner-2028
2026-06-16,0.0235,Pete Buttigieg,presidential-election-winner-2028
2026-06-17,0.0225,Pete Buttigieg,presidential-election-winner-2028
2026-06-18,0.0225,Pete Buttigieg,presidential-election-winner-2028
2026-06-19,0.0225,Pete Buttigieg,presidential-election-winner-2028
2026-06-20,0.0225,Pete Buttigieg,presidential-election-winner-2028
2026-06-21,0.0225,Pete Buttigieg,presidential-election-winner-2028
2026-06-22,0.0225,Pete Buttigieg,presidential-election-winner-2028
2026-06-23,0.0225,Pete Buttigieg,presidential-election-winner-2028
2026-06-24,0.0225,Pete Buttigieg,presidential-election-winner-2028
2026-06-25,0.0225,Pete Buttigieg,presidential-election-winner-2028
2026-06-26,0.0225,Pete Buttigieg,presidential-election-winner-2028
2026-06-27,0.0225,Pete Buttigieg,presidential-election-winner-2028
2026-06-28,0.0225,Pete Buttigieg,presidential-election-winner-2028
2026-06-29,0.0225,Pete Buttigieg,presidential-election-winner-2028
2026-06-30,0.0225,Pete Buttigieg,presidential-election-winner-2028
2026-07-01,0.0215,Pete Buttigieg,presidential-election-winner-2028
2026-07-02,0.0215,Pete Buttigieg,presidential-election-winner-2028
2026-07-03,0.0215,Pete Buttigieg,presidential-election-winner-2028
2026-07-04,0.0215,Pete Buttigieg,presidential-election-winner-2028
2026-07-05,0.0215,Pete Buttigieg,presidential-election-winner-2028
2026-07-06,0.0215,Pete Buttigieg,presidential-election-winner-2028
2026-07-07,0.0205,Pete Buttigieg,presidential-election-winner-2028
2026-07-08,0.0215,Pete Buttigieg,presidential-election-winner-2028
2026-07-09,0.0235,Pete Buttigieg,presidential-election-winner-2028
2026-07-10,0.0235,Pete Buttigieg,presidential-election-winner-2028
2026-07-11,0.0235,Pete Buttigieg,presidential-election-winner-2028
2026-07-12,0.0225,Pete Buttigieg,presidential-election-winner-2028
2026-07-13,0.0255,Pete Buttigieg,presidential-election-winner-2028
2026-07-14,0.0245,Pete Buttigieg,presidential-election-winner-2028
2026-07-15,0.0225,Pete Buttigieg,presidential-election-winner-2028
2026-07-16,0.0225,Pete Buttigieg,presidential-election-winner-2028
2026-07-17,0.023,Pete Buttigieg,presidential-election-winner-2028
2026-07-18,0.0235,Pete Buttigieg,presidential-election-winner-2028
2026-07-19,0.0235,Pete Buttigieg,presidential-election-winner-2028
2026-07-20,0.0225,Pete Buttigieg,presidential-election-winner-2028
2026-07-21,0.0235,Pete Buttigieg,presidential-election-winner-2028
2026-07-22,0.0235,Pete Buttigieg,presidential-election-winner-2028
2026-07-23,0.0235,Pete Buttigieg,presidential-election-winner-2028
2026-07-24,0.0235,Pete Buttigieg,presidential-election-winner-2028
2026-07-25,0.0235,Pete Buttigieg,presidential-election-winner-2028
2026-07-26,0.0235,Pete Buttigieg,presidential-election-winner-2028
2026-07-27,0.0235,Pete Buttigieg,presidential-election-winner-2028
2026-07-28,0.0255,Pete Buttigieg,presidential-election-winner-2028
2026-07-29,0.0255,Pete Buttigieg,presidential-election-winner-2028
2026-07-30,0.0245,Pete Buttigieg,presidential-election-winner-2028
2026-07-31,0.0245,Pete Buttigieg,presidential-election-winner-2028
2026-08-01,0.0245,Pete Buttigieg,presidential-election-winner-2028
2026-08-02,0.0245,Pete Buttigieg,presidential-election-winner-2028
2026-08-03,0.0245,Pete Buttigieg,presidential-election-winner-2028
2026-08-04,0.0245,Pete Buttigieg,presidential-election-winner-2028
2026-08-05,0.0245,Pete Buttigieg,presidential-election-winner-2028
2026-08-06,0.0245,Pete Buttigieg,presidential-election-winner-2028
2026-08-07,0.0245,Pete Buttigieg,presidential-election-winner-2028
2026-08-08,0.0245,Pete Buttigieg,presidential-election-winner-2028
2026-08-09,0.0245,Pete Buttigieg,presidential-election-winner-2028
2026-08-10,0.0245,Pete Buttigieg,presidential-election-winner-2028
2026-08-11,0.0245,Pete Buttigieg,presidential-election-winner-2028
2026-08-12,0.0245,Pete Buttigieg,presidential-election-winner-2028
2026-08-13,0.0245,Pete Buttigieg,presidential-election-winner-2028
2026-08-14,0.0245,Pete Buttigieg,presidential-election-winner-2028
2026-08-15,0.0245,Pete Buttigieg,presidential-election-winner-2028
2026-08-16,0.0245,Pete Buttigieg,presidential-election-winner-2028
2026-08-17,0.0245,Pete Buttigieg,presidential-election-winner-2028
2026-08-18,0.0245,Pete Buttigieg,presidential-election-winner-2028
2026-08-19,0.0245,Pete Buttigieg,presidential-election-winner-2028
2026-08-20,0.0245,Pete Buttigieg,presidential-election-winner-2028
2026-08-21,0.0245,Pete Buttigieg,presidential-election-winner-2028
2026-08-22,0.0245,Pete Buttigieg,presidential-election-winner-2028
2026-08-23,0.0245,Pete Buttigieg,presidential-election-winner-2028
2026-08-24,0.0245,Pete Buttigieg,presidential-election-winner-2028
2026-08-25,0.0245,Pete Buttigieg,presidential-election-winner-2028
2025-07-19,0.045,Josh Shapiro,presidential-election-winner-2028
2025-07-20,0.045,Josh Shapiro,presidential-election-winner-2028
2025-07-21,0.045,Josh Shapiro,presidential-election-winner-2028
2025-07-22,0.045,Josh Shapiro,presidential-election-winner-2028
2025-07-23,0.045,Josh Shapiro,presidential-election-winner-2028
2025-07-24,0.0355,Josh Shapiro,presidential-election-winner-2028
2025-07-25,0.034,Josh Shapiro,presidential-election-winner-2028
2025-07-26,0.0335,Josh Shapiro,presidential-election-winner-2028
2025-07-27,0.033,Josh Shapiro,presidential-election-winner-2028
2025-07-28,0.0335,Josh Shapiro,presidential-election-winner-2028
2025-07-29,0.034,Josh Shapiro,presidential-election-winner-2028
2025-07-30,0.033,Josh Shapiro,presidential-election-winner-2028
2025-07-31,0.033,Josh Shapiro,presidential-election-winner-2028
2025-08-01,0.0325,Josh Shapiro,presidential-election-winner-2028
2025-08-02,0.0325,Josh Shapiro,presidential-election-winner-2028
2025-08-03,0.0325,Josh Shapiro,presidential-election-winner-2028
2025-08-04,0.0325,Josh Shapiro,presidential-election-winner-2028
2025-08-05,0.0325,Josh Shapiro,presidential-election-winner-2028
2025-08-06,0.0325,Josh Shapiro,presidential-election-winner-2028
2025-08-07,0.0325,Josh Shapiro,presidential-election-winner-2028
2025-08-08,0.0325,Josh Shapiro,presidential-election-winner-2028
2025-08-09,0.036,Josh Shapiro,presidential-election-winner-2028
2025-08-10,0.0345,Josh Shapiro,presidential-election-winner-2028
2025-08-11,0.0335,Josh Shapiro,presidential-election-winner-2028
2025-08-12,0.0335,Josh Shapiro,presidential-election-winner-2028
2025-08-13,0.0335,Josh Shapiro,presidential-election-winner-2028
2025-08-14,0.0335,Josh Shapiro,presidential-election-winner-2028
2025-08-15,0.0335,Josh Shapiro,presidential-election-winner-2028
2025-08-16,0.034,Josh Shapiro,presidential-election-winner-2028
2025-08-17,0.034,Josh Shapiro,presidential-election-winner-2028
2025-08-18,0.034,Josh Shapiro,presidential-election-winner-2028
2025-08-19,0.0335,Josh Shapiro,presidential-election-winner-2028
2025-08-20,0.0335,Josh Shapiro,presidential-election-winner-2028
2025-08-21,0.033,Josh Shapiro,presidential-election-winner-2028
2025-08-22,0.033,Josh Shapiro,presidential-election-winner-2028
2025-08-23,0.0295,Josh Shapiro,presidential-election-winner-2028
2025-08-24,0.029,Josh Shapiro,presidential-election-winner-2028
2025-08-25,0.029,Josh Shapiro,presidential-election-winner-2028
2025-08-26,0.029,Josh Shapiro,presidential-election-winner-2028
2025-08-27,0.029,Josh Shapiro,presidential-election-winner-2028
2025-08-28,0.029,Josh Shapiro,presidential-election-winner-2028
2025-08-29,0.0285,Josh Shapiro,presidential-election-winner-2028
2025-08-30,0.0285,Josh Shapiro,presidential-election-winner-2028
2025-08-31,0.0285,Josh Shapiro,presidential-election-winner-2028
2025-09-01,0.0285,Josh Shapiro,presidential-election-winner-2028
2025-09-02,0.0285,Josh Shapiro,presidential-election-winner-2028
2025-09-03,0.029,Josh Shapiro,presidential-election-winner-2028
2025-09-04,0.029,Josh Shapiro,presidential-election-winner-2028
2025-09-05,0.028,Josh Shapiro,presidential-election-winner-2028
2025-09-06,0.028,Josh Shapiro,presidential-election-winner-2028
2025-09-07,0.028,Josh Shapiro,presidential-election-winner-2028
2025-09-08,0.0205,Josh Shapiro,presidential-election-winner-2028
2025-09-09,0.0155,Josh Shapiro,presidential-election-winner-2028
2025-09-10,0.018,Josh Shapiro,presidential-election-winner-2028
2025-09-11,0.018,Josh Shapiro,presidential-election-winner-2028
2025-09-12,0.0185,Josh Shapiro,presidential-election-winner-2028
2025-09-13,0.0185,Josh Shapiro,presidential-election-winner-2028
2025-09-14,0.0185,Josh Shapiro,presidential-election-winner-2028
2025-09-15,0.0185,Josh Shapiro,presidential-election-winner-2028
2025-09-16,0.019,Josh Shapiro,presidential-election-winner-2028
2025-09-17,0.0185,Josh Shapiro,presidential-election-winner-2028
2025-09-18,0.0185,Josh Shapiro,presidential-election-winner-2028
2025-09-19,0.0175,Josh Shapiro,presidential-election-winner-2028
2025-09-20,0.0165,Josh Shapiro,presidential-election-winner-2028
2025-09-21,0.016,Josh Shapiro,presidential-election-winner-2028
2025-09-22,0.0165,Josh Shapiro,presidential-election-winner-2028
2025-09-23,0.016,Josh Shapiro,presidential-election-winner-2028
2025-09-24,0.0165,Josh Shapiro,presidential-election-winner-2028
2025-09-25,0.0175,Josh Shapiro,presidential-election-winner-2028
2025-09-26,0.0165,Josh Shapiro,presidential-election-winner-2028
2025-09-27,0.0155,Josh Shapiro,presidential-election-winner-2028
2025-09-28,0.0155,Josh Shapiro,presidential-election-winner-2028
2025-09-29,0.0165,Josh Shapiro,presidential-election-winner-2028
2025-09-30,0.0175,Josh Shapiro,presidential-election-winner-2028
2025-10-01,0.0175,Josh Shapiro,presidential-election-winner-2028
2025-10-02,0.018,Josh Shapiro,presidential-election-winner-2028
2025-10-03,0.018,Josh Shapiro,presidential-election-winner-2028
2025-10-04,0.0175,Josh Shapiro,presidential-election-winner-2028
2025-10-05,0.018,Josh Shapiro,presidential-election-winner-2028
2025-10-06,0.018,Josh Shapiro,presidential-election-winner-2028
2025-10-07,0.018,Josh Shapiro,presidential-election-winner-2028
2025-10-08,0.018,Josh Shapiro,presidential-election-winner-2028
2025-10-09,0.0175,Josh Shapiro,presidential-election-winner-2028
2025-10-10,0.0165,Josh Shapiro,presidential-election-winner-2028
2025-10-11,0.017,Josh Shapiro,presidential-election-winner-2028
2025-10-12,0.017,Josh Shapiro,presidential-election-winner-2028
2025-10-13,0.0175,Josh Shapiro,presidential-election-winner-2028
2025-10-14,0.0165,Josh Shapiro,presidential-election-winner-2028
2025-10-15,0.0165,Josh Shapiro,presidential-election-winner-2028
2025-10-16,0.018,Josh Shapiro,presidential-election-winner-2028
2025-10-17,0.0185,Josh Shapiro,presidential-election-winner-2028
2025-10-18,0.02,Josh Shapiro,presidential-election-winner-2028
2025-10-19,0.018,Josh Shapiro,presidential-election-winner-2028
2025-10-20,0.0205,Josh Shapiro,presidential-election-winner-2028
2025-10-21,0.021,Josh Shapiro,presidential-election-winner-2028
2025-10-22,0.0185,Josh Shapiro,presidential-election-winner-2028
2025-10-23,0.0175,Josh Shapiro,presidential-election-winner-2028
2025-10-24,0.0165,Josh Shapiro,presidential-election-winner-2028
2025-10-25,0.019,Josh Shapiro,presidential-election-winner-2028
2025-10-26,0.0195,Josh Shapiro,presidential-election-winner-2028
2025-10-27,0.021,Josh Shapiro,presidential-election-winner-2028
2025-10-28,0.0195,Josh Shapiro,presidential-election-winner-2028
2025-10-29,0.0195,Josh Shapiro,presidential-election-winner-2028
2025-10-30,0.019,Josh Shapiro,presidential-election-winner-2028
2025-10-31,0.0185,Josh Shapiro,presidential-election-winner-2028
2025-11-01,0.0185,Josh Shapiro,presidential-election-winner-2028
2025-11-02,0.0185,Josh Shapiro,presidential-election-winner-2028
2025-11-03,0.0195,Josh Shapiro,presidential-election-winner-2028
2025-11-04,0.019,Josh Shapiro,presidential-election-winner-2028
2025-11-05,0.019,Josh Shapiro,presidential-election-winner-2028
2025-11-06,0.0185,Josh Shapiro,presidential-election-winner-2028
2025-11-07,0.0185,Josh Shapiro,presidential-election-winner-2028
2025-11-08,0.0185,Josh Shapiro,presidential-election-winner-2028
2025-11-09,0.0185,Josh Shapiro,presidential-election-winner-2028
2025-11-10,0.018,Josh Shapiro,presidential-election-winner-2028
2025-11-11,0.018,Josh Shapiro,presidential-election-winner-2028
2025-11-12,0.0175,Josh Shapiro,presidential-election-winner-2028
2025-11-13,0.0175,Josh Shapiro,presidential-election-winner-2028
2025-11-14,0.0175,Josh Shapiro,presidential-election-winner-2028
2025-11-15,0.0175,Josh Shapiro,presidential-election-winner-2028
2025-11-16,0.018,Josh Shapiro,presidential-election-winner-2028
2025-11-17,0.018,Josh Shapiro,presidential-election-winner-2028
2025-11-18,0.0185,Josh Shapiro,presidential-election-winner-2028
2025-11-19,0.0175,Josh Shapiro,presidential-election-winner-2028
2025-11-20,0.017,Josh Shapiro,presidential-election-winner-2028
2025-11-21,0.0165,Josh Shapiro,presidential-election-winner-2028
2025-11-22,0.0175,Josh Shapiro,presidential-election-winner-2028
2025-11-23,0.0185,Josh Shapiro,presidential-election-winner-2028
2025-11-24,0.019,Josh Shapiro,presidential-election-winner-2028
2025-11-25,0.0185,Josh Shapiro,presidential-election-winner-2028
2025-11-26,0.0195,Josh Shapiro,presidential-election-winner-2028
2025-11-27,0.019,Josh Shapiro,presidential-election-winner-2028
2025-11-28,0.019,Josh Shapiro,presidential-election-winner-2028
2025-11-29,0.0185,Josh Shapiro,presidential-election-winner-2028
2025-11-30,0.0195,Josh Shapiro,presidential-election-winner-2028
2025-12-01,0.019,Josh Shapiro,presidential-election-winner-2028
2025-12-02,0.0185,Josh Shapiro,presidential-election-winner-2028
2025-12-03,0.019,Josh Shapiro,presidential-election-winner-2028
2025-12-04,0.019,Josh Shapiro,presidential-election-winner-2028
2025-12-05,0.0185,Josh Shapiro,presidential-election-winner-2028
2025-12-06,0.0195,Josh Shapiro,presidential-election-winner-2028
2025-12-07,0.019,Josh Shapiro,presidential-election-winner-2028
2025-12-08,0.019,Josh Shapiro,presidential-election-winner-2028
2025-12-09,0.0195,Josh Shapiro,presidential-election-winner-2028
2025-12-10,0.0185,Josh Shapiro,presidential-election-winner-2028
2025-12-11,0.021,Josh Shapiro,presidential-election-winner-2028
2025-12-12,0.021,Josh Shapiro,presidential-election-winner-2028
2025-12-13,0.0225,Josh Shapiro,presidential-election-winner-2028
2025-12-14,0.023,Josh Shapiro,presidential-election-winner-2028
2025-12-15,0.025,Josh Shapiro,presidential-election-winner-2028
2025-12-16,0.026,Josh Shapiro,presidential-election-winner-2028
2025-12-17,0.0235,Josh Shapiro,presidential-election-winner-2028
2025-12-18,0.0245,Josh Shapiro,presidential-election-winner-2028
2025-12-19,0.0265,Josh Shapiro,presidential-election-winner-2028
2025-12-20,0.026,Josh Shapiro,presidential-election-winner-2028
2025-12-21,0.0205,Josh Shapiro,presidential-election-winner-2028
2025-12-22,0.0195,Josh Shapiro,presidential-election-winner-2028
2025-12-23,0.0185,Josh Shapiro,presidential-election-winner-2028
2025-12-24,0.0195,Josh Shapiro,presidential-election-winner-2028
2025-12-25,0.0195,Josh Shapiro,presidential-election-winner-2028
2025-12-26,0.0185,Josh Shapiro,presidential-election-winner-2028
2025-12-27,0.0195,Josh Shapiro,presidential-election-winner-2028
2025-12-28,0.0195,Josh Shapiro,presidential-election-winner-2028
2025-12-29,0.019,Josh Shapiro,presidential-election-winner-2028
2025-12-30,0.0205,Josh Shapiro,presidential-election-winner-2028
2025-12-31,0.0215,Josh Shapiro,presidential-election-winner-2028
2026-01-01,0.024,Josh Shapiro,presidential-election-winner-2028
2026-01-02,0.0255,Josh Shapiro,presidential-election-winner-2028
2026-01-03,0.0255,Josh Shapiro,presidential-election-winner-2028
2026-01-04,0.0255,Josh Shapiro,presidential-election-winner-2028
2026-01-05,0.026,Josh Shapiro,presidential-election-winner-2028
2026-01-06,0.0255,Josh Shapiro,presidential-election-winner-2028
2026-01-07,0.0245,Josh Shapiro,presidential-election-winner-2028
2026-01-08,0.0245,Josh Shapiro,presidential-election-winner-2028
2026-01-09,0.0235,Josh Shapiro,presidential-election-winner-2028
2026-01-10,0.0235,Josh Shapiro,presidential-election-winner-2028
2026-01-11,0.0235,Josh Shapiro,presidential-election-winner-2028
2026-01-12,0.0245,Josh Shapiro,presidential-election-winner-2028
2026-01-13,0.0235,Josh Shapiro,presidential-election-winner-2028
2026-01-14,0.0235,Josh Shapiro,presidential-election-winner-2028
2026-01-15,0.0315,Josh Shapiro,presidential-election-winner-2028
2026-01-16,0.033,Josh Shapiro,presidential-election-winner-2028
2026-01-17,0.032,Josh Shapiro,presidential-election-winner-2028
2026-01-18,0.0325,Josh Shapiro,presidential-election-winner-2028
2026-01-19,0.035,Josh Shapiro,presidential-election-winner-2028
2026-01-20,0.0375,Josh Shapiro,presidential-election-winner-2028
2026-01-21,0.046,Josh Shapiro,presidential-election-winner-2028
2026-01-22,0.037,Josh Shapiro,presidential-election-winner-2028
2026-01-23,0.0435,Josh Shapiro,presidential-election-winner-2028
2026-01-24,0.0425,Josh Shapiro,presidential-election-winner-2028
2026-01-25,0.0425,Josh Shapiro,presidential-election-winner-2028
2026-01-26,0.049,Josh Shapiro,presidential-election-winner-2028
2026-01-27,0.0445,Josh Shapiro,presidential-election-winner-2028
2026-01-28,0.0355,Josh Shapiro,presidential-election-winner-2028
2026-01-29,0.0445,Josh Shapiro,presidential-election-winner-2028
2026-01-30,0.0375,Josh Shapiro,presidential-election-winner-2028
2026-01-31,0.0405,Josh Shapiro,presidential-election-winner-2028
2026-02-01,0.0385,Josh Shapiro,presidential-election-winner-2028
2026-02-02,0.039,Josh Shapiro,presidential-election-winner-2028
2026-02-03,0.0445,Josh Shapiro,presidential-election-winner-2028
2026-02-04,0.0445,Josh Shapiro,presidential-election-winner-2028
2026-02-05,0.043,Josh Shapiro,presidential-election-winner-2028
2026-02-06,0.0365,Josh Shapiro,presidential-election-winner-2028
2026-02-07,0.0365,Josh Shapiro,presidential-election-winner-2028
2026-02-08,0.0355,Josh Shapiro,presidential-election-winner-2028
2026-02-09,0.035,Josh Shapiro,presidential-election-winner-2028
2026-02-10,0.034,Josh Shapiro,presidential-election-winner-2028
2026-02-11,0.0355,Josh Shapiro,presidential-election-winner-2028
2026-02-12,0.035,Josh Shapiro,presidential-election-winner-2028
2026-02-13,0.0345,Josh Shapiro,presidential-election-winner-2028
2026-02-14,0.0245,Josh Shapiro,presidential-election-winner-2028
2026-02-15,0.0275,Josh Shapiro,presidential-election-winner-2028
2026-02-16,0.0305,Josh Shapiro,presidential-election-winner-2028
2026-02-17,0.0245,Josh Shapiro,presidential-election-winner-2028
2026-02-18,0.0235,Josh Shapiro,presidential-election-winner-2028
2026-02-19,0.0265,Josh Shapiro,presidential-election-winner-2028
2026-02-20,0.0265,Josh Shapiro,presidential-election-winner-2028
2026-02-21,0.0265,Josh Shapiro,presidential-election-winner-2028
2026-02-22,0.0245,Josh Shapiro,presidential-election-winner-2028
2026-02-23,0.0245,Josh Shapiro,presidential-election-winner-2028
2026-02-24,0.025,Josh Shapiro,presidential-election-winner-2028
2026-02-25,0.0245,Josh Shapiro,presidential-election-winner-2028
2026-02-26,0.023,Josh Shapiro,presidential-election-winner-2028
2026-02-27,0.0225,Josh Shapiro,presidential-election-winner-2028
2026-02-28,0.022,Josh Shapiro,presidential-election-winner-2028
2026-03-01,0.0225,Josh Shapiro,presidential-election-winner-2028
2026-03-02,0.0225,Josh Shapiro,presidential-election-winner-2028
2026-03-03,0.023,Josh Shapiro,presidential-election-winner-2028
2026-03-04,0.0215,Josh Shapiro,presidential-election-winner-2028
2026-03-05,0.0225,Josh Shapiro,presidential-election-winner-2028
2026-03-06,0.0215,Josh Shapiro,presidential-election-winner-2028
2026-03-07,0.0215,Josh Shapiro,presidential-election-winner-2028
2026-03-08,0.0215,Josh Shapiro,presidential-election-winner-2028
2026-03-09,0.0255,Josh Shapiro,presidential-election-winner-2028
2026-03-10,0.025,Josh Shapiro,presidential-election-winner-2028
2026-03-11,0.0245,Josh Shapiro,presidential-election-winner-2028
2026-03-12,0.0245,Josh Shapiro,presidential-election-winner-2028
2026-03-14,0.025,Josh Shapiro,presidential-election-winner-2028
2026-03-15,0.0245,Josh Shapiro,presidential-election-winner-2028
2026-03-16,0.0255,Josh Shapiro,presidential-election-winner-2028
2026-03-17,0.0265,Josh Shapiro,presidential-election-winner-2028
2026-03-18,0.0255,Josh Shapiro,presidential-election-winner-2028
2026-03-19,0.025,Josh Shapiro,presidential-election-winner-2028
2026-03-20,0.0255,Josh Shapiro,presidential-election-winner-2028
2026-03-21,0.0265,Josh Shapiro,presidential-election-winner-2028
2026-03-22,0.0245,Josh Shapiro,presidential-election-winner-2028
2026-03-23,0.0245,Josh Shapiro,presidential-election-winner-2028
2026-03-24,0.0255,Josh Shapiro,presidential-election-winner-2028
2026-03-25,0.0245,Josh Shapiro,presidential-election-winner-2028
2026-03-26,0.0235,Josh Shapiro,presidential-election-winner-2028
2026-03-27,0.024,Josh Shapiro,presidential-election-winner-2028
2026-03-28,0.024,Josh Shapiro,presidential-election-winner-2028
2026-04-05,0.0205,Josh Shapiro,presidential-election-winner-2028
2026-04-09,0.0185,Josh Shapiro,presidential-election-winner-2028
2026-04-12,0.0215,Josh Shapiro,presidential-election-winner-2028
2026-04-22,0.0205,Josh Shapiro,presidential-election-winner-2028
2026-04-23,0.0215,Josh Shapiro,presidential-election-winner-2028
2026-04-24,0.0215,Josh Shapiro,presidential-election-winner-2028
2026-04-25,0.0205,Josh Shapiro,presidential-election-winner-2028
2026-04-26,0.021,Josh Shapiro,presidential-election-winner-2028
2026-04-27,0.021,Josh Shapiro,presidential-election-winner-2028
2026-04-28,0.0205,Josh Shapiro,presidential-election-winner-2028
2026-04-29,0.0225,Josh Shapiro,presidential-election-winner-2028
2026-04-30,0.0215,Josh Shapiro,presidential-election-winner-2028
2026-05-01,0.0225,Josh Shapiro,presidential-election-winner-2028
2026-05-02,0.0225,Josh Shapiro,presidential-election-winner-2028
2026-05-03,0.0225,Josh Shapiro,presidential-election-winner-2028
2026-05-04,0.0225,Josh Shapiro,presidential-election-winner-2028
2026-05-05,0.0215,Josh Shapiro,presidential-election-winner-2028
2026-05-06,0.0285,Josh Shapiro,presidential-election-winner-2028
2026-05-07,0.0325,Josh Shapiro,presidential-election-winner-2028
2026-05-08,0.0295,Josh Shapiro,presidential-election-winner-2028
2026-05-09,0.0295,Josh Shapiro,presidential-election-winner-2028
2026-05-10,0.0285,Josh Shapiro,presidential-election-winner-2028
2026-05-11,0.0285,Josh Shapiro,presidential-election-winner-2028
2026-05-12,0.0295,Josh Shapiro,presidential-election-winner-2028
2026-05-13,0.0295,Josh Shapiro,presidential-election-winner-2028
2026-05-14,0.0305,Josh Shapiro,presidential-election-winner-2028
2026-05-15,0.029,Josh Shapiro,presidential-election-winner-2028
2026-05-16,0.0305,Josh Shapiro,presidential-election-winner-2028
2026-05-17,0.0305,Josh Shapiro,presidential-election-winner-2028
2026-05-18,0.031,Josh Shapiro,presidential-election-winner-2028
2026-05-19,0.0305,Josh Shapiro,presidential-election-winner-2028
2026-05-20,0.0305,Josh Shapiro,presidential-election-winner-2028
2026-05-21,0.0305,Josh Shapiro,presidential-election-winner-2028
2026-05-22,0.0305,Josh Shapiro,presidential-election-winner-2028
2026-05-23,0.0325,Josh Shapiro,presidential-election-winner-2028
2026-05-24,0.0295,Josh Shapiro,presidential-election-winner-2028
2026-05-25,0.0295,Josh Shapiro,presidential-election-winner-2028
2026-05-26,0.0315,Josh Shapiro,presidential-election-winner-2028
2026-05-27,0.0295,Josh Shapiro,presidential-election-winner-2028
2026-05-28,0.0295,Josh Shapiro,presidential-election-winner-2028
2026-05-29,0.0305,Josh Shapiro,presidential-election-winner-2028
2026-05-30,0.0305,Josh Shapiro,presidential-election-winner-2028
2026-05-31,0.0315,Josh Shapiro,presidential-election-winner-2028
2026-06-01,0.0305,Josh Shapiro,presidential-election-winner-2028
2026-06-02,0.0305,Josh Shapiro,presidential-election-winner-2028
2026-06-03,0.0305,Josh Shapiro,presidential-election-winner-2028
2026-06-04,0.0295,Josh Shapiro,presidential-election-winner-2028
2026-06-05,0.0295,Josh Shapiro,presidential-election-winner-2028
2026-06-06,0.029,Josh Shapiro,presidential-election-winner-2028
2026-06-07,0.0285,Josh Shapiro,presidential-election-winner-2028
2026-06-08,0.0295,Josh Shapiro,presidential-election-winner-2028
2026-06-09,0.029,Josh Shapiro,presidential-election-winner-2028
2026-06-10,0.0295,Josh Shapiro,presidential-election-winner-2028
2026-06-11,0.0295,Josh Shapiro,presidential-election-winner-2028
2026-06-12,0.0295,Josh Shapiro,presidential-election-winner-2028
2026-06-13,0.0295,Josh Shapiro,presidential-election-winner-2028
2026-06-14,0.0295,Josh Shapiro,presidential-election-winner-2028
2026-06-15,0.0295,Josh Shapiro,presidential-election-winner-2028
2026-06-16,0.0295,Josh Shapiro,presidential-election-winner-2028
2026-06-17,0.0295,Josh Shapiro,presidential-election-winner-2028
2026-06-18,0.0295,Josh Shapiro,presidential-election-winner-2028
2026-06-19,0.0285,Josh Shapiro,presidential-election-winner-2028
2026-06-20,0.0285,Josh Shapiro,presidential-election-winner-2028
2026-06-21,0.0285,Josh Shapiro,presidential-election-winner-2028
2026-06-22,0.0285,Josh Shapiro,presidential-election-winner-2028
2026-06-23,0.0285,Josh Shapiro,presidential-election-winner-2028
2026-06-24,0.0285,Josh Shapiro,presidential-election-winner-2028
2026-06-25,0.0285,Josh Shapiro,presidential-election-winner-2028
2026-06-26,0.0275,Josh Shapiro,presidential-election-winner-2028
2026-06-27,0.0275,Josh Shapiro,presidential-election-winner-2028
2026-06-28,0.0275,Josh Shapiro,presidential-election-winner-2028
2026-06-29,0.0275,Josh Shapiro,presidential-election-winner-2028
2026-06-30,0.0275,Josh Shapiro,presidential-election-winner-2028
2026-07-01,0.0275,Josh Shapiro,presidential-election-winner-2028
2026-07-02,0.0275,Josh Shapiro,presidential-election-winner-2028
2026-07-03,0.0275,Josh Shapiro,presidential-election-winner-2028
2026-07-04,0.0275,Josh Shapiro,presidential-election-winner-2028
2026-07-05,0.0275,Josh Shapiro,presidential-election-winner-2028
2026-07-06,0.0275,Josh Shapiro,presidential-election-winner-2028
2026-07-07,0.0275,Josh Shapiro,presidential-election-winner-2028
2026-07-08,0.0275,Josh Shapiro,presidential-election-winner-2028
2026-07-09,0.0275,Josh Shapiro,presidential-election-winner-2028
2026-07-10,0.0275,Josh Shapiro,presidential-election-winner-2028
2026-07-11,0.0285,Josh Shapiro,presidential-election-winner-2028
2026-07-12,0.0285,Josh Shapiro,presidential-election-winner-2028
2026-07-13,0.0285,Josh Shapiro,presidential-election-winner-2028
2026-07-14,0.0285,Josh Shapiro,presidential-election-winner-2028
2026-07-15,0.0275,Josh Shapiro,presidential-election-winner-2028
2026-07-16,0.0275,Josh Shapiro,presidential-election-winner-2028
2026-07-17,0.0275,Josh Shapiro,presidential-election-winner-2028
2026-07-18,0.0275,Josh Shapiro,presidential-election-winner-2028
2026-07-19,0.0275,Josh Shapiro,presidential-election-winner-2028
2026-07-20,0.0275,Josh Shapiro,presidential-election-winner-2028
2026-07-21,0.0275,Josh Shapiro,presidential-election-winner-2028
2026-07-22,0.0275,Josh Shapiro,presidential-election-winner-2028
2026-07-23,0.027,Josh Shapiro,presidential-election-winner-2028
2026-07-24,0.0265,Josh Shapiro,presidential-election-winner-2028
2026-07-25,0.0255,Josh Shapiro,presidential-election-winner-2028
2026-07-26,0.0255,Josh Shapiro,presidential-election-winner-2028
2026-07-27,0.0255,Josh Shapiro,presidential-election-winner-2028
2026-07-28,0.0255,Josh Shapiro,presidential-election-winner-2028
2026-07-30,0.0255,Josh Shapiro,presidential-election-winner-2028
2026-07-31,0.0255,Josh Shapiro,presidential-election-winner-2028
2026-08-01,0.0255,Josh Shapiro,presidential-election-winner-2028
2026-08-02,0.0255,Josh Shapiro,presidential-election-winner-2028
2026-08-03,0.0255,Josh Shapiro,presidential-election-winner-2028
2026-08-04,0.0255,Josh Shapiro,presidential-election-winner-2028
2026-08-05,0.0255,Josh Shapiro,presidential-election-winner-2028
2026-08-06,0.0255,Josh Shapiro,presidential-election-winner-2028
2026-08-07,0.0265,Josh Shapiro,presidential-election-winner-2028
2026-08-08,0.0265,Josh Shapiro,presidential-election-winner-2028
2026-08-09,0.0265,Josh Shapiro,presidential-election-winner-2028
2026-08-10,0.0265,Josh Shapiro,presidential-election-winner-2028
2026-08-11,0.0265,Josh Shapiro,presidential-election-winner-2028
2026-08-12,0.0265,Josh Shapiro,presidential-election-winner-2028
2026-08-13,0.0265,Josh Shapiro,presidential-election-winner-2028
2026-08-14,0.0265,Josh Shapiro,presidential-election-winner-2028
2026-08-15,0.0255,Josh Shapiro,presidential-election-winner-2028
2026-08-16,0.0255,Josh Shapiro,presidential-election-winner-2028
2026-08-17,0.0255,Josh Shapiro,presidential-election-winner-2028
2026-08-18,0.0255,Josh Shapiro,presidential-election-winner-2028
2026-08-19,0.0255,Josh Shapiro,presidential-election-winner-2028
2026-08-20,0.0255,Josh Shapiro,presidential-election-winner-2028
2026-08-21,0.0255,Josh Shapiro,presidential-election-winner-2028
2026-08-22,0.0245,Josh Shapiro,presidential-election-winner-2028
2026-08-23,0.0245,Josh Shapiro,presidential-election-winner-2028
2026-08-24,0.0245,Josh Shapiro,presidential-election-winner-2028
2026-08-25,0.0275,Josh Shapiro,presidential-election-winner-2028
2025-07-19,0.05,Marco Rubio,presidential-election-winner-2028
2025-07-20,0.055,Marco Rubio,presidential-election-winner-2028
2025-07-21,0.055,Marco Rubio,presidential-election-winner-2028
2025-07-22,0.055,Marco Rubio,presidential-election-winner-2028
2025-07-23,0.055,Marco Rubio,presidential-election-winner-2028
2025-07-24,0.045,Marco Rubio,presidential-election-winner-2028
2025-07-25,0.045,Marco Rubio,presidential-election-winner-2028
2025-07-26,0.045,Marco Rubio,presidential-election-winner-2028
2025-07-27,0.045,Marco Rubio,presidential-election-winner-2028
2025-07-28,0.045,Marco Rubio,presidential-election-winner-2028
2025-07-29,0.055,Marco Rubio,presidential-election-winner-2028
2025-07-30,0.065,Marco Rubio,presidential-election-winner-2028
2025-07-31,0.065,Marco Rubio,presidential-election-winner-2028
2025-08-01,0.065,Marco Rubio,presidential-election-winner-2028
2025-08-02,0.065,Marco Rubio,presidential-election-winner-2028
2025-08-03,0.055,Marco Rubio,presidential-election-winner-2028
2025-08-04,0.055,Marco Rubio,presidential-election-winner-2028
2025-08-05,0.055,Marco Rubio,presidential-election-winner-2028
2025-08-06,0.055,Marco Rubio,presidential-election-winner-2028
2025-08-07,0.055,Marco Rubio,presidential-election-winner-2028
2025-08-08,0.055,Marco Rubio,presidential-election-winner-2028
2025-08-09,0.055,Marco Rubio,presidential-election-winner-2028
2025-08-10,0.055,Marco Rubio,presidential-election-winner-2028
2025-08-11,0.055,Marco Rubio,presidential-election-winner-2028
2025-08-12,0.055,Marco Rubio,presidential-election-winner-2028
2025-08-13,0.055,Marco Rubio,presidential-election-winner-2028
2025-08-14,0.055,Marco Rubio,presidential-election-winner-2028
2025-08-15,0.055,Marco Rubio,presidential-election-winner-2028
2025-08-16,0.055,Marco Rubio,presidential-election-winner-2028
2025-08-17,0.055,Marco Rubio,presidential-election-winner-2028
2025-08-18,0.055,Marco Rubio,presidential-election-winner-2028
2025-08-19,0.055,Marco Rubio,presidential-election-winner-2028
2025-08-20,0.055,Marco Rubio,presidential-election-winner-2028
2025-08-21,0.055,Marco Rubio,presidential-election-winner-2028
2025-08-22,0.055,Marco Rubio,presidential-election-winner-2028
2025-08-23,0.055,Marco Rubio,presidential-election-winner-2028
2025-08-24,0.055,Marco Rubio,presidential-election-winner-2028
2025-08-25,0.045,Marco Rubio,presidential-election-winner-2028
2025-08-26,0.045,Marco Rubio,presidential-election-winner-2028
2025-08-27,0.045,Marco Rubio,presidential-election-winner-2028
2025-08-28,0.045,Marco Rubio,presidential-election-winner-2028
2025-08-29,0.045,Marco Rubio,presidential-election-winner-2028
2025-08-30,0.045,Marco Rubio,presidential-election-winner-2028
2025-08-31,0.045,Marco Rubio,presidential-election-winner-2028
2025-09-01,0.045,Marco Rubio,presidential-election-winner-2028
2025-09-02,0.045,Marco Rubio,presidential-election-winner-2028
2025-09-03,0.045,Marco Rubio,presidential-election-winner-2028
2025-09-04,0.045,Marco Rubio,presidential-election-winner-2028
2025-09-05,0.045,Marco Rubio,presidential-election-winner-2028
2025-09-06,0.045,Marco Rubio,presidential-election-winner-2028
2025-09-07,0.045,Marco Rubio,presidential-election-winner-2028
2025-09-08,0.045,Marco Rubio,presidential-election-winner-2028
2025-09-09,0.045,Marco Rubio,presidential-election-winner-2028
2025-09-10,0.045,Marco Rubio,presidential-election-winner-2028
2025-09-11,0.045,Marco Rubio,presidential-election-winner-2028
2025-09-12,0.045,Marco Rubio,presidential-election-winner-2028
2025-09-13,0.045,Marco Rubio,presidential-election-winner-2028
2025-09-14,0.045,Marco Rubio,presidential-election-winner-2028
2025-09-15,0.045,Marco Rubio,presidential-election-winner-2028
2025-09-16,0.045,Marco Rubio,presidential-election-winner-2028
2025-09-17,0.045,Marco Rubio,presidential-election-winner-2028
2025-09-18,0.045,Marco Rubio,presidential-election-winner-2028
2025-09-19,0.045,Marco Rubio,presidential-election-winner-2028
2025-09-20,0.045,Marco Rubio,presidential-election-winner-2028
2025-09-21,0.045,Marco Rubio,presidential-election-winner-2028
2025-09-22,0.045,Marco Rubio,presidential-election-winner-2028
2025-09-23,0.045,Marco Rubio,presidential-election-winner-2028
2025-09-24,0.045,Marco Rubio,presidential-election-winner-2028
2025-09-25,0.045,Marco Rubio,presidential-election-winner-2028
2025-09-26,0.045,Marco Rubio,presidential-election-winner-2028
2025-09-27,0.045,Marco Rubio,presidential-election-winner-2028
2025-09-28,0.045,Marco Rubio,presidential-election-winner-2028
2025-09-29,0.045,Marco Rubio,presidential-election-winner-2028
2025-09-30,0.045,Marco Rubio,presidential-election-winner-2028
2025-10-01,0.045,Marco Rubio,presidential-election-winner-2028
2025-10-02,0.045,Marco Rubio,presidential-election-winner-2028
2025-10-03,0.045,Marco Rubio,presidential-election-winner-2028
2025-10-04,0.045,Marco Rubio,presidential-election-winner-2028
2025-10-05,0.045,Marco Rubio,presidential-election-winner-2028
2025-10-06,0.045,Marco Rubio,presidential-election-winner-2028
2025-10-07,0.045,Marco Rubio,presidential-election-winner-2028
2025-10-08,0.045,Marco Rubio,presidential-election-winner-2028
2025-10-09,0.035,Marco Rubio,presidential-election-winner-2028
2025-10-10,0.0335,Marco Rubio,presidential-election-winner-2028
2025-10-11,0.0325,Marco Rubio,presidential-election-winner-2028
2025-10-12,0.0335,Marco Rubio,presidential-election-winner-2028
2025-10-13,0.0315,Marco Rubio,presidential-election-winner-2028
2025-10-14,0.0335,Marco Rubio,presidential-election-winner-2028
2025-10-15,0.0325,Marco Rubio,presidential-election-winner-2028
2025-10-16,0.0225,Marco Rubio,presidential-election-winner-2028
2025-10-17,0.0245,Marco Rubio,presidential-election-winner-2028
2025-10-18,0.0235,Marco Rubio,presidential-election-winner-2028
2025-10-19,0.0255,Marco Rubio,presidential-election-winner-2028
2025-10-20,0.027,Marco Rubio,presidential-election-winner-2028
2025-10-21,0.032,Marco Rubio,presidential-election-winner-2028
2025-10-22,0.0295,Marco Rubio,presidential-election-winner-2028
2025-10-23,0.029,Marco Rubio,presidential-election-winner-2028
2025-10-24,0.0295,Marco Rubio,presidential-election-winner-2028
2025-10-25,0.029,Marco Rubio,presidential-election-winner-2028
2025-10-26,0.0285,Marco Rubio,presidential-election-winner-2028
2025-10-27,0.027,Marco Rubio,presidential-election-winner-2028
2025-10-28,0.0325,Marco Rubio,presidential-election-winner-2028
2025-10-29,0.0335,Marco Rubio,presidential-election-winner-2028
2025-10-30,0.0335,Marco Rubio,presidential-election-winner-2028
2025-10-31,0.034,Marco Rubio,presidential-election-winner-2028
2025-11-01,0.035,Marco Rubio,presidential-election-winner-2028
2025-11-02,0.045,Marco Rubio,presidential-election-winner-2028
2025-11-03,0.0465,Marco Rubio,presidential-election-winner-2028
2025-11-04,0.0535,Marco Rubio,presidential-election-winner-2028
2025-11-05,0.0505,Marco Rubio,presidential-election-winner-2028
2025-11-06,0.0545,Marco Rubio,presidential-election-winner-2028
2025-11-07,0.0515,Marco Rubio,presidential-election-winner-2028
2025-11-08,0.039,Marco Rubio,presidential-election-winner-2028
2025-11-09,0.04,Marco Rubio,presidential-election-winner-2028
2025-11-10,0.037,Marco Rubio,presidential-election-winner-2028
2025-11-11,0.037,Marco Rubio,presidential-election-winner-2028
2025-11-12,0.0375,Marco Rubio,presidential-election-winner-2028
2025-11-13,0.0385,Marco Rubio,presidential-election-winner-2028
2025-11-14,0.037,Marco Rubio,presidential-election-winner-2028
2025-11-15,0.035,Marco Rubio,presidential-election-winner-2028
2025-11-16,0.0365,Marco Rubio,presidential-election-winner-2028
2025-11-17,0.034,Marco Rubio,presidential-election-winner-2028
2025-11-18,0.039,Marco Rubio,presidential-election-winner-2028
2025-11-19,0.04,Marco Rubio,presidential-election-winner-2028
2025-11-20,0.04,Marco Rubio,presidential-election-winner-2028
2025-11-21,0.0385,Marco Rubio,presidential-election-winner-2028
2025-11-22,0.0405,Marco Rubio,presidential-election-winner-2028
2025-11-23,0.0345,Marco Rubio,presidential-election-winner-2028
2025-11-24,0.0345,Marco Rubio,presidential-election-winner-2028
2025-11-25,0.0365,Marco Rubio,presidential-election-winner-2028
2025-11-26,0.0335,Marco Rubio,presidential-election-winner-2028
2025-11-27,0.0325,Marco Rubio,presidential-election-winner-2028
2025-11-28,0.0335,Marco Rubio,presidential-election-winner-2028
2025-11-29,0.0345,Marco Rubio,presidential-election-winner-2028
2025-11-30,0.0345,Marco Rubio,presidential-election-winner-2028
2025-12-01,0.0365,Marco Rubio,presidential-election-winner-2028
2025-12-02,0.0365,Marco Rubio,presidential-election-winner-2028
2025-12-03,0.0385,Marco Rubio,presidential-election-winner-2028
2025-12-04,0.038,Marco Rubio,presidential-election-winner-2028
2025-12-05,0.0385,Marco Rubio,presidential-election-winner-2028
2025-12-06,0.0385,Marco Rubio,presidential-election-winner-2028
2025-12-07,0.0395,Marco Rubio,presidential-election-winner-2028
2025-12-08,0.0375,Marco Rubio,presidential-election-winner-2028
2025-12-09,0.0405,Marco Rubio,presidential-election-winner-2028
2025-12-10,0.0395,Marco Rubio,presidential-election-winner-2028
2025-12-11,0.0395,Marco Rubio,presidential-election-winner-2028
2025-12-12,0.0395,Marco Rubio,presidential-election-winner-2028
2025-12-13,0.0395,Marco Rubio,presidential-election-winner-2028
2025-12-14,0.0405,Marco Rubio,presidential-election-winner-2028
2025-12-15,0.0385,Marco Rubio,presidential-election-winner-2028
2025-12-16,0.0395,Marco Rubio,presidential-election-winner-2028
2025-12-17,0.038,Marco Rubio,presidential-election-winner-2028
2025-12-18,0.04,Marco Rubio,presidential-election-winner-2028
2025-12-19,0.0395,Marco Rubio,presidential-election-winner-2028
2025-12-20,0.0425,Marco Rubio,presidential-election-winner-2028
2025-12-21,0.0415,Marco Rubio,presidential-election-winner-2028
2025-12-22,0.0395,Marco Rubio,presidential-election-winner-2028
2025-12-23,0.0405,Marco Rubio,presidential-election-winner-2028
2025-12-24,0.0425,Marco Rubio,presidential-election-winner-2028
2025-12-25,0.0425,Marco Rubio,presidential-election-winner-2028
2025-12-26,0.0405,Marco Rubio,presidential-election-winner-2028
2025-12-27,0.04,Marco Rubio,presidential-election-winner-2028
2025-12-28,0.039,Marco Rubio,presidential-election-winner-2028
2025-12-29,0.0395,Marco Rubio,presidential-election-winner-2028
2025-12-30,0.042,Marco Rubio,presidential-election-winner-2028
2025-12-31,0.0465,Marco Rubio,presidential-election-winner-2028
2026-01-01,0.0445,Marco Rubio,presidential-election-winner-2028
2026-01-02,0.045,Marco Rubio,presidential-election-winner-2028
2026-01-03,0.0465,Marco Rubio,presidential-election-winner-2028
2026-01-04,0.0535,Marco Rubio,presidential-election-winner-2028
2026-01-05,0.074,Marco Rubio,presidential-election-winner-2028
2026-01-06,0.077,Marco Rubio,presidential-election-winner-2028
2026-01-07,0.0765,Marco Rubio,presidential-election-winner-2028
2026-01-08,0.0805,Marco Rubio,presidential-election-winner-2028
2026-01-09,0.0675,Marco Rubio,presidential-election-winner-2028
2026-01-10,0.0725,Marco Rubio,presidential-election-winner-2028
2026-01-11,0.0815,Marco Rubio,presidential-election-winner-2028
2026-01-12,0.0935,Marco Rubio,presidential-election-winner-2028
2026-01-13,0.0925,Marco Rubio,presidential-election-winner-2028
2026-01-14,0.0875,Marco Rubio,presidential-election-winner-2028
2026-01-15,0.1035,Marco Rubio,presidential-election-winner-2028
2026-01-16,0.1045,Marco Rubio,presidential-election-winner-2028
2026-01-17,0.0945,Marco Rubio,presidential-election-winner-2028
2026-01-18,0.102,Marco Rubio,presidential-election-winner-2028
2026-01-19,0.095,Marco Rubio,presidential-election-winner-2028
2026-01-20,0.1005,Marco Rubio,presidential-election-winner-2028
2026-01-21,0.0855,Marco Rubio,presidential-election-winner-2028
2026-01-22,0.086,Marco Rubio,presidential-election-winner-2028
2026-01-23,0.0865,Marco Rubio,presidential-election-winner-2028
2026-01-24,0.0805,Marco Rubio,presidential-election-winner-2028
2026-01-25,0.0925,Marco Rubio,presidential-election-winner-2028
2026-01-26,0.0915,Marco Rubio,presidential-election-winner-2028
2026-01-27,0.0935,Marco Rubio,presidential-election-winner-2028
2026-01-28,0.0885,Marco Rubio,presidential-election-winner-2028
2026-01-29,0.0935,Marco Rubio,presidential-election-winner-2028
2026-01-30,0.0835,Marco Rubio,presidential-election-winner-2028
2026-01-31,0.0895,Marco Rubio,presidential-election-winner-2028
2026-02-01,0.0895,Marco Rubio,presidential-election-winner-2028
2026-02-02,0.0825,Marco Rubio,presidential-election-winner-2028
2026-02-03,0.0875,Marco Rubio,presidential-election-winner-2028
2026-02-04,0.0795,Marco Rubio,presidential-election-winner-2028
2026-02-05,0.081,Marco Rubio,presidential-election-winner-2028
2026-02-06,0.08,Marco Rubio,presidential-election-winner-2028
2026-02-07,0.081,Marco Rubio,presidential-election-winner-2028
2026-02-08,0.0765,Marco Rubio,presidential-election-winner-2028
2026-02-09,0.076,Marco Rubio,presidential-election-winner-2028
2026-02-10,0.0815,Marco Rubio,presidential-election-winner-2028
2026-02-11,0.0725,Marco Rubio,presidential-election-winner-2028
2026-02-12,0.0745,Marco Rubio,presidential-election-winner-2028
2026-02-13,0.0735,Marco Rubio,presidential-election-winner-2028
2026-02-14,0.0715,Marco Rubio,presidential-election-winner-2028
2026-02-15,0.073,Marco Rubio,presidential-election-winner-2028
2026-02-16,0.0795,Marco Rubio,presidential-election-winner-2028
2026-02-17,0.0795,Marco Rubio,presidential-election-winner-2028
2026-02-18,0.078,Marco Rubio,presidential-election-winner-2028
2026-02-19,0.0815,Marco Rubio,presidential-election-winner-2028
2026-02-20,0.0795,Marco Rubio,presidential-election-winner-2028
2026-02-21,0.0735,Marco Rubio,presidential-election-winner-2028
2026-02-22,0.072,Marco Rubio,presidential-election-winner-2028
2026-02-23,0.0725,Marco Rubio,presidential-election-winner-2028
2026-02-24,0.0755,Marco Rubio,presidential-election-winner-2028
2026-02-25,0.074,Marco Rubio,presidential-election-winner-2028
2026-02-26,0.081,Marco Rubio,presidential-election-winner-2028
2026-02-27,0.081,Marco Rubio,presidential-election-winner-2028
2026-02-28,0.081,Marco Rubio,presidential-election-winner-2028
2026-03-01,0.078,Marco Rubio,presidential-election-winner-2028
2026-03-02,0.081,Marco Rubio,presidential-election-winner-2028
2026-03-03,0.082,Marco Rubio,presidential-election-winner-2028
2026-03-04,0.088,Marco Rubio,presidential-election-winner-2028
2026-03-05,0.0975,Marco Rubio,presidential-election-winner-2028
2026-03-06,0.097,Marco Rubio,presidential-election-winner-2028
2026-03-07,0.0955,Marco Rubio,presidential-election-winner-2028
2026-03-08,0.096,Marco Rubio,presidential-election-winner-2028
2026-03-09,0.098,Marco Rubio,presidential-election-winner-2028
2026-03-10,0.119,Marco Rubio,presidential-election-winner-2028
2026-03-11,0.133,Marco Rubio,presidential-election-winner-2028
2026-03-12,0.1685,Marco Rubio,presidential-election-winner-2028
2026-03-13,0.163,Marco Rubio,presidential-election-winner-2028
2026-03-14,0.151,Marco Rubio,presidential-election-winner-2028
2026-03-15,0.1465,Marco Rubio,presidential-election-winner-2028
2026-03-17,0.118,Marco Rubio,presidential-election-winner-2028
2026-03-18,0.117,Marco Rubio,presidential-election-winner-2028
2026-03-20,0.118,Marco Rubio,presidential-election-winner-2028
2026-03-21,0.121,Marco Rubio,presidential-election-winner-2028
2026-03-22,0.1195,Marco Rubio,presidential-election-winner-2028
2026-03-23,0.122,Marco Rubio,presidential-election-winner-2028
2026-03-24,0.1205,Marco Rubio,presidential-election-winner-2028
2026-03-25,0.115,Marco Rubio,presidential-election-winner-2028
2026-03-26,0.1115,Marco Rubio,presidential-election-winner-2028
2026-03-27,0.1075,Marco Rubio,presidential-election-winner-2028
2026-03-28,0.1055,Marco Rubio,presidential-election-winner-2028
2026-03-29,0.1025,Marco Rubio,presidential-election-winner-2028
2026-04-09,0.0935,Marco Rubio,presidential-election-winner-2028
2026-04-18,0.1155,Marco Rubio,presidential-election-winner-2028
2026-04-22,0.1035,Marco Rubio,presidential-election-winner-2028
2026-04-23,0.102,Marco Rubio,presidential-election-winner-2028
2026-04-24,0.102,Marco Rubio,presidential-election-winner-2028
2026-04-25,0.1035,Marco Rubio,presidential-election-winner-2028
2026-04-26,0.106,Marco Rubio,presidential-election-winner-2028
2026-04-27,0.1045,Marco Rubio,presidential-election-winner-2028
2026-04-28,0.1065,Marco Rubio,presidential-election-winner-2028
2026-04-29,0.113,Marco Rubio,presidential-election-winner-2028
2026-04-30,0.1115,Marco Rubio,presidential-election-winner-2028
2026-05-01,0.1085,Marco Rubio,presidential-election-winner-2028
2026-05-02,0.1065,Marco Rubio,presidential-election-winner-2028
2026-05-03,0.101,Marco Rubio,presidential-election-winner-2028
2026-05-04,0.1015,Marco Rubio,presidential-election-winner-2028
2026-05-05,0.1015,Marco Rubio,presidential-election-winner-2028
2026-05-06,0.1085,Marco Rubio,presidential-election-winner-2028
2026-05-07,0.113,Marco Rubio,presidential-election-winner-2028
2026-05-08,0.1475,Marco Rubio,presidential-election-winner-2028
2026-05-09,0.149,Marco Rubio,presidential-election-winner-2028
2026-05-10,0.1515,Marco Rubio,presidential-election-winner-2028
2026-05-11,0.1475,Marco Rubio,presidential-election-winner-2028
2026-05-12,0.1415,Marco Rubio,presidential-election-winner-2028
2026-05-13,0.1415,Marco Rubio,presidential-election-winner-2028
2026-05-14,0.1395,Marco Rubio,presidential-election-winner-2028
2026-05-15,0.1375,Marco Rubio,presidential-election-winner-2028
2026-05-16,0.1435,Marco Rubio,presidential-election-winner-2028
2026-05-17,0.1415,Marco Rubio,presidential-election-winner-2028
2026-05-18,0.1375,Marco Rubio,presidential-election-winner-2028
2026-05-19,0.1415,Marco Rubio,presidential-election-winner-2028
2026-05-20,0.1355,Marco Rubio,presidential-election-winner-2028
2026-05-21,0.1325,Marco Rubio,presidential-election-winner-2028
2026-05-22,0.1235,Marco Rubio,presidential-election-winner-2028
2026-05-23,0.137,Marco Rubio,presidential-election-winner-2028
2026-05-24,0.1365,Marco Rubio,presidential-election-winner-2028
2026-05-25,0.1255,Marco Rubio,presidential-election-winner-2028
2026-05-26,0.1325,Marco Rubio,presidential-election-winner-2028
2026-05-27,0.1315,Marco Rubio,presidential-election-winner-2028
2026-05-28,0.1325,Marco Rubio,presidential-election-winner-2028
2026-05-29,0.1355,Marco Rubio,presidential-election-winner-2028
2026-05-30,0.1395,Marco Rubio,presidential-election-winner-2028
2026-05-31,0.1395,Marco Rubio,presidential-election-winner-2028
2026-06-01,0.1405,Marco Rubio,presidential-election-winner-2028
2026-06-02,0.1405,Marco Rubio,presidential-election-winner-2028
2026-06-03,0.1425,Marco Rubio,presidential-election-winner-2028
2026-06-04,0.1425,Marco Rubio,presidential-election-winner-2028
2026-06-05,0.1425,Marco Rubio,presidential-election-winner-2028
2026-06-06,0.1425,Marco Rubio,presidential-election-winner-2028
2026-06-07,0.1635,Marco Rubio,presidential-election-winner-2028
2026-06-08,0.1555,Marco Rubio,presidential-election-winner-2028
2026-06-09,0.1605,Marco Rubio,presidential-election-winner-2028
2026-06-10,0.1615,Marco Rubio,presidential-election-winner-2028
2026-06-11,0.154,Marco Rubio,presidential-election-winner-2028
2026-06-12,0.1545,Marco Rubio,presidential-election-winner-2028
2026-06-13,0.1575,Marco Rubio,presidential-election-winner-2028
2026-06-14,0.146,Marco Rubio,presidential-election-winner-2028
2026-06-15,0.1575,Marco Rubio,presidential-election-winner-2028
2026-06-16,0.1575,Marco Rubio,presidential-election-winner-2028
2026-06-17,0.159,Marco Rubio,presidential-election-winner-2028
2026-06-18,0.1575,Marco Rubio,presidential-election-winner-2028
2026-06-19,0.1555,Marco Rubio,presidential-election-winner-2028
2026-06-20,0.1555,Marco Rubio,presidential-election-winner-2028
2026-06-21,0.147,Marco Rubio,presidential-election-winner-2028
2026-06-22,0.1545,Marco Rubio,presidential-election-winner-2028
2026-06-23,0.153,Marco Rubio,presidential-election-winner-2028
2026-06-24,0.1455,Marco Rubio,presidential-election-winner-2028
2026-06-25,0.1355,Marco Rubio,presidential-election-winner-2028
2026-06-26,0.1345,Marco Rubio,presidential-election-winner-2028
2026-06-27,0.1195,Marco Rubio,presidential-election-winner-2028
2026-06-28,0.1105,Marco Rubio,presidential-election-winner-2028
2026-06-29,0.1385,Marco Rubio,presidential-election-winner-2028
2026-06-30,0.1385,Marco Rubio,presidential-election-winner-2028
2026-07-01,0.1375,Marco Rubio,presidential-election-winner-2028
2026-07-02,0.156,Marco Rubio,presidential-election-winner-2028
2026-07-03,0.1555,Marco Rubio,presidential-election-winner-2028
2026-07-04,0.1545,Marco Rubio,presidential-election-winner-2028
2026-07-05,0.1565,Marco Rubio,presidential-election-winner-2028
2026-07-06,0.1575,Marco Rubio,presidential-election-winner-2028
2026-07-07,0.1445,Marco Rubio,presidential-election-winner-2028
2026-07-08,0.137,Marco Rubio,presidential-election-winner-2028
2026-07-09,0.1385,Marco Rubio,presidential-election-winner-2028
2026-07-10,0.1365,Marco Rubio,presidential-election-winner-2028
2026-07-11,0.1375,Marco Rubio,presidential-election-winner-2028
2026-07-12,0.138,Marco Rubio,presidential-election-winner-2028
2026-07-13,0.1385,Marco Rubio,presidential-election-winner-2028
2026-07-14,0.142,Marco Rubio,presidential-election-winner-2028
2026-07-15,0.139,Marco Rubio,presidential-election-winner-2028
2026-07-16,0.1415,Marco Rubio,presidential-election-winner-2028
2026-07-17,0.1415,Marco Rubio,presidential-election-winner-2028
2026-07-18,0.1405,Marco Rubio,presidential-election-winner-2028
2026-07-19,0.1405,Marco Rubio,presidential-election-winner-2028
2026-07-20,0.14,Marco Rubio,presidential-election-winner-2028
2026-07-21,0.1395,Marco Rubio,presidential-election-winner-2028
2026-07-22,0.1395,Marco Rubio,presidential-election-winner-2028
2026-07-23,0.1395,Marco Rubio,presidential-election-winner-2028
2026-07-24,0.1385,Marco Rubio,presidential-election-winner-2028
2026-07-25,0.1325,Marco Rubio,presidential-election-winner-2028
2026-07-26,0.1255,Marco Rubio,presidential-election-winner-2028
2026-07-27,0.1245,Marco Rubio,presidential-election-winner-2028
2026-07-28,0.1245,Marco Rubio,presidential-election-winner-2028
2026-07-30,0.1235,Marco Rubio,presidential-election-winner-2028
2026-07-31,0.1235,Marco Rubio,presidential-election-winner-2028
2026-08-01,0.1305,Marco Rubio,presidential-election-winner-2028
2026-08-02,0.1285,Marco Rubio,presidential-election-winner-2028
2026-08-03,0.1275,Marco Rubio,presidential-election-winner-2028
2026-08-04,0.1345,Marco Rubio,presidential-election-winner-2028
2026-08-05,0.1345,Marco Rubio,presidential-election-winner-2028
2026-08-06,0.1315,Marco Rubio,presidential-election-winner-2028
2026-08-07,0.1285,Marco Rubio,presidential-election-winner-2028
2026-08-08,0.1265,Marco Rubio,presidential-election-winner-2028
2026-08-09,0.1255,Marco Rubio,presidential-election-winner-2028
2026-08-10,0.1245,Marco Rubio,presidential-election-winner-2028
2026-08-11,0.1245,Marco Rubio,presidential-election-winner-2028
2026-08-12,0.1235,Marco Rubio,presidential-election-winner-2028
2026-08-13,0.1235,Marco Rubio,presidential-election-winner-2028
2026-08-14,0.1235,Marco Rubio,presidential-election-winner-2028
2026-08-15,0.1305,Marco Rubio,presidential-election-winner-2028
2026-08-16,0.1305,Marco Rubio,presidential-election-winner-2028
2026-08-17,0.1305,Marco Rubio,presidential-election-winner-2028
2026-08-18,0.1295,Marco Rubio,presidential-election-winner-2028
2026-08-19,0.1205,Marco Rubio,presidential-election-winner-2028
2026-08-20,0.1195,Marco Rubio,presidential-election-winner-2028
2026-08-21,0.1115,Marco Rubio,presidential-election-winner-2028
2026-08-22,0.1115,Marco Rubio,presidential-election-winner-2028
2026-08-23,0.1095,Marco Rubio,presidential-election-winner-2028
2026-08-24,0.1085,Marco Rubio,presidential-election-winner-2028
2026-08-25,0.1075,Marco Rubio,presidential-election-winner-2028
2025-07-19,0.0355,Gretchen Whitmer,presidential-election-winner-2028
2025-07-20,0.0395,Gretchen Whitmer,presidential-election-winner-2028
2025-07-21,0.033,Gretchen Whitmer,presidential-election-winner-2028
2025-07-22,0.0305,Gretchen Whitmer,presidential-election-winner-2028
2025-07-23,0.027,Gretchen Whitmer,presidential-election-winner-2028
2025-07-24,0.025,Gretchen Whitmer,presidential-election-winner-2028
2025-07-25,0.0345,Gretchen Whitmer,presidential-election-winner-2028
2025-07-26,0.0395,Gretchen Whitmer,presidential-election-winner-2028
2025-07-27,0.041,Gretchen Whitmer,presidential-election-winner-2028
2025-07-28,0.039,Gretchen Whitmer,presidential-election-winner-2028
2025-07-29,0.038,Gretchen Whitmer,presidential-election-winner-2028
2025-07-30,0.0395,Gretchen Whitmer,presidential-election-winner-2028
2025-07-31,0.0365,Gretchen Whitmer,presidential-election-winner-2028
2025-08-01,0.0355,Gretchen Whitmer,presidential-election-winner-2028
2025-08-02,0.032,Gretchen Whitmer,presidential-election-winner-2028
2025-08-03,0.04,Gretchen Whitmer,presidential-election-winner-2028
2025-08-04,0.0405,Gretchen Whitmer,presidential-election-winner-2028
2025-08-05,0.0405,Gretchen Whitmer,presidential-election-winner-2028
2025-08-06,0.04,Gretchen Whitmer,presidential-election-winner-2028
2025-08-07,0.04,Gretchen Whitmer,presidential-election-winner-2028
2025-08-08,0.041,Gretchen Whitmer,presidential-election-winner-2028
2025-08-09,0.0405,Gretchen Whitmer,presidential-election-winner-2028
2025-08-10,0.04,Gretchen Whitmer,presidential-election-winner-2028
2025-08-11,0.0385,Gretchen Whitmer,presidential-election-winner-2028
2025-08-12,0.041,Gretchen Whitmer,presidential-election-winner-2028
2025-08-13,0.0385,Gretchen Whitmer,presidential-election-winner-2028
2025-08-14,0.039,Gretchen Whitmer,presidential-election-winner-2028
2025-08-15,0.039,Gretchen Whitmer,presidential-election-winner-2028
2025-08-16,0.037,Gretchen Whitmer,presidential-election-winner-2028
2025-08-17,0.039,Gretchen Whitmer,presidential-election-winner-2028
2025-08-18,0.0405,Gretchen Whitmer,presidential-election-winner-2028
2025-08-19,0.038,Gretchen Whitmer,presidential-election-winner-2028
2025-08-20,0.0365,Gretchen Whitmer,presidential-election-winner-2028
2025-08-21,0.0395,Gretchen Whitmer,presidential-election-winner-2028
2025-08-22,0.04,Gretchen Whitmer,presidential-election-winner-2028
2025-08-23,0.041,Gretchen Whitmer,presidential-election-winner-2028
2025-08-24,0.0405,Gretchen Whitmer,presidential-election-winner-2028
2025-08-25,0.0385,Gretchen Whitmer,presidential-election-winner-2028
2025-08-26,0.036,Gretchen Whitmer,presidential-election-winner-2028
2025-08-27,0.037,Gretchen Whitmer,presidential-election-winner-2028
2025-08-28,0.039,Gretchen Whitmer,presidential-election-winner-2028
2025-08-29,0.036,Gretchen Whitmer,presidential-election-winner-2028
2025-08-30,0.036,Gretchen Whitmer,presidential-election-winner-2028
2025-08-31,0.036,Gretchen Whitmer,presidential-election-winner-2028
2025-09-01,0.035,Gretchen Whitmer,presidential-election-winner-2028
2025-09-02,0.0375,Gretchen Whitmer,presidential-election-winner-2028
2025-09-03,0.0365,Gretchen Whitmer,presidential-election-winner-2028
2025-09-04,0.0385,Gretchen Whitmer,presidential-election-winner-2028
2025-09-05,0.0395,Gretchen Whitmer,presidential-election-winner-2028
2025-09-06,0.0405,Gretchen Whitmer,presidential-election-winner-2028
2025-09-07,0.0405,Gretchen Whitmer,presidential-election-winner-2028
2025-09-08,0.0375,Gretchen Whitmer,presidential-election-winner-2028
2025-09-09,0.0355,Gretchen Whitmer,presidential-election-winner-2028
2025-09-10,0.025,Gretchen Whitmer,presidential-election-winner-2028
2025-09-11,0.025,Gretchen Whitmer,presidential-election-winner-2028
2025-09-12,0.025,Gretchen Whitmer,presidential-election-winner-2028
2025-09-13,0.024,Gretchen Whitmer,presidential-election-winner-2028
2025-09-14,0.0245,Gretchen Whitmer,presidential-election-winner-2028
2025-09-15,0.024,Gretchen Whitmer,presidential-election-winner-2028
2025-09-16,0.0245,Gretchen Whitmer,presidential-election-winner-2028
2025-09-17,0.024,Gretchen Whitmer,presidential-election-winner-2028
2025-09-18,0.0235,Gretchen Whitmer,presidential-election-winner-2028
2025-09-19,0.0225,Gretchen Whitmer,presidential-election-winner-2028
2025-09-20,0.022,Gretchen Whitmer,presidential-election-winner-2028
2025-09-21,0.0215,Gretchen Whitmer,presidential-election-winner-2028
2025-09-22,0.0285,Gretchen Whitmer,presidential-election-winner-2028
2025-09-23,0.0255,Gretchen Whitmer,presidential-election-winner-2028
2025-09-24,0.024,Gretchen Whitmer,presidential-election-winner-2028
2025-09-25,0.0235,Gretchen Whitmer,presidential-election-winner-2028
2025-09-26,0.0255,Gretchen Whitmer,presidential-election-winner-2028
2025-09-27,0.0255,Gretchen Whitmer,presidential-election-winner-2028
2025-09-28,0.0235,Gretchen Whitmer,presidential-election-winner-2028
2025-09-29,0.0245,Gretchen Whitmer,presidential-election-winner-2028
2025-09-30,0.024,Gretchen Whitmer,presidential-election-winner-2028
2025-10-01,0.0235,Gretchen Whitmer,presidential-election-winner-2028
2025-10-02,0.0215,Gretchen Whitmer,presidential-election-winner-2028
2025-10-03,0.023,Gretchen Whitmer,presidential-election-winner-2028
2025-10-04,0.023,Gretchen Whitmer,presidential-election-winner-2028
2025-10-05,0.0235,Gretchen Whitmer,presidential-election-winner-2028
2025-10-06,0.0245,Gretchen Whitmer,presidential-election-winner-2028
2025-10-07,0.024,Gretchen Whitmer,presidential-election-winner-2028
2025-10-08,0.023,Gretchen Whitmer,presidential-election-winner-2028
2025-10-09,0.022,Gretchen Whitmer,presidential-election-winner-2028
2025-10-10,0.022,Gretchen Whitmer,presidential-election-winner-2028
2025-10-11,0.0215,Gretchen Whitmer,presidential-election-winner-2028
2025-10-12,0.0225,Gretchen Whitmer,presidential-election-winner-2028
2025-10-13,0.022,Gretchen Whitmer,presidential-election-winner-2028
2025-10-14,0.022,Gretchen Whitmer,presidential-election-winner-2028
2025-10-15,0.021,Gretchen Whitmer,presidential-election-winner-2028
2025-10-16,0.0155,Gretchen Whitmer,presidential-election-winner-2028
2025-10-17,0.0135,Gretchen Whitmer,presidential-election-winner-2028
2025-10-18,0.0135,Gretchen Whitmer,presidential-election-winner-2028
2025-10-19,0.0125,Gretchen Whitmer,presidential-election-winner-2028
2025-10-20,0.0135,Gretchen Whitmer,presidential-election-winner-2028
2025-10-21,0.0165,Gretchen Whitmer,presidential-election-winner-2028
2025-10-22,0.015,Gretchen Whitmer,presidential-election-winner-2028
2025-10-23,0.013,Gretchen Whitmer,presidential-election-winner-2028
2025-10-24,0.0125,Gretchen Whitmer,presidential-election-winner-2028
2025-10-25,0.0125,Gretchen Whitmer,presidential-election-winner-2028
2025-10-26,0.0125,Gretchen Whitmer,presidential-election-winner-2028
2025-10-27,0.0065,Gretchen Whitmer,presidential-election-winner-2028
2025-10-28,0.01,Gretchen Whitmer,presidential-election-winner-2028
2025-10-29,0.011,Gretchen Whitmer,presidential-election-winner-2028
2025-10-30,0.011,Gretchen Whitmer,presidential-election-winner-2028
2025-10-31,0.011,Gretchen Whitmer,presidential-election-winner-2028
2025-11-01,0.0115,Gretchen Whitmer,presidential-election-winner-2028
2025-11-02,0.012,Gretchen Whitmer,presidential-election-winner-2028
2025-11-03,0.0075,Gretchen Whitmer,presidential-election-winner-2028
2025-11-04,0.0075,Gretchen Whitmer,presidential-election-winner-2028
2025-11-05,0.0085,Gretchen Whitmer,presidential-election-winner-2028
2025-11-06,0.0085,Gretchen Whitmer,presidential-election-winner-2028
2025-11-07,0.0085,Gretchen Whitmer,presidential-election-winner-2028
2025-11-08,0.0085,Gretchen Whitmer,presidential-election-winner-2028
2025-11-09,0.009,Gretchen Whitmer,presidential-election-winner-2028
2025-11-10,0.0095,Gretchen Whitmer,presidential-election-winner-2028
2025-11-11,0.009,Gretchen Whitmer,presidential-election-winner-2028
2025-11-12,0.017,Gretchen Whitmer,presidential-election-winner-2028
2025-11-13,0.014,Gretchen Whitmer,presidential-election-winner-2028
2025-11-14,0.014,Gretchen Whitmer,presidential-election-winner-2028
2025-11-15,0.0095,Gretchen Whitmer,presidential-election-winner-2028
2025-11-16,0.0105,Gretchen Whitmer,presidential-election-winner-2028
2025-11-17,0.0085,Gretchen Whitmer,presidential-election-winner-2028
2025-11-18,0.0095,Gretchen Whitmer,presidential-election-winner-2028
2025-11-19,0.008,Gretchen Whitmer,presidential-election-winner-2028
2025-11-20,0.0095,Gretchen Whitmer,presidential-election-winner-2028
2025-11-21,0.0085,Gretchen Whitmer,presidential-election-winner-2028
2025-11-22,0.008,Gretchen Whitmer,presidential-election-winner-2028
2025-11-23,0.0085,Gretchen Whitmer,presidential-election-winner-2028
2025-11-24,0.0085,Gretchen Whitmer,presidential-election-winner-2028
2025-11-25,0.0095,Gretchen Whitmer,presidential-election-winner-2028
2025-11-26,0.0095,Gretchen Whitmer,presidential-election-winner-2028
2025-11-27,0.0095,Gretchen Whitmer,presidential-election-winner-2028
2025-11-28,0.0095,Gretchen Whitmer,presidential-election-winner-2028
2025-11-29,0.0095,Gretchen Whitmer,presidential-election-winner-2028
2025-11-30,0.01,Gretchen Whitmer,presidential-election-winner-2028
2025-12-01,0.0105,Gretchen Whitmer,presidential-election-winner-2028
2025-12-02,0.0115,Gretchen Whitmer,presidential-election-winner-2028
2025-12-03,0.0105,Gretchen Whitmer,presidential-election-winner-2028
2025-12-04,0.0095,Gretchen Whitmer,presidential-election-winner-2028
2025-12-05,0.01,Gretchen Whitmer,presidential-election-winner-2028
2025-12-06,0.0105,Gretchen Whitmer,presidential-election-winner-2028
2025-12-07,0.013,Gretchen Whitmer,presidential-election-winner-2028
2025-12-08,0.0115,Gretchen Whitmer,presidential-election-winner-2028
2025-12-09,0.0115,Gretchen Whitmer,presidential-election-winner-2028
2025-12-10,0.0115,Gretchen Whitmer,presidential-election-winner-2028
2025-12-11,0.0135,Gretchen Whitmer,presidential-election-winner-2028
2025-12-12,0.0135,Gretchen Whitmer,presidential-election-winner-2028
2025-12-13,0.0155,Gretchen Whitmer,presidential-election-winner-2028
2025-12-14,0.0155,Gretchen Whitmer,presidential-election-winner-2028
2025-12-15,0.0155,Gretchen Whitmer,presidential-election-winner-2028
2025-12-16,0.0155,Gretchen Whitmer,presidential-election-winner-2028
2025-12-17,0.0125,Gretchen Whitmer,presidential-election-winner-2028
2025-12-18,0.012,Gretchen Whitmer,presidential-election-winner-2028
2025-12-19,0.013,Gretchen Whitmer,presidential-election-winner-2028
2025-12-20,0.012,Gretchen Whitmer,presidential-election-winner-2028
2025-12-21,0.0125,Gretchen Whitmer,presidential-election-winner-2028
2025-12-22,0.0125,Gretchen Whitmer,presidential-election-winner-2028
2025-12-23,0.0125,Gretchen Whitmer,presidential-election-winner-2028
2025-12-24,0.0125,Gretchen Whitmer,presidential-election-winner-2028
2025-12-25,0.0125,Gretchen Whitmer,presidential-election-winner-2028
2025-12-26,0.0115,Gretchen Whitmer,presidential-election-winner-2028
2025-12-27,0.0125,Gretchen Whitmer,presidential-election-winner-2028
2025-12-28,0.0125,Gretchen Whitmer,presidential-election-winner-2028
2025-12-29,0.0125,Gretchen Whitmer,presidential-election-winner-2028
2025-12-30,0.0125,Gretchen Whitmer,presidential-election-winner-2028
2025-12-31,0.0125,Gretchen Whitmer,presidential-election-winner-2028
2026-01-01,0.0125,Gretchen Whitmer,presidential-election-winner-2028
2026-01-02,0.0125,Gretchen Whitmer,presidential-election-winner-2028
2026-01-03,0.0095,Gretchen Whitmer,presidential-election-winner-2028
2026-01-04,0.0105,Gretchen Whitmer,presidential-election-winner-2028
2026-01-05,0.0095,Gretchen Whitmer,presidential-election-winner-2028
2026-01-06,0.0095,Gretchen Whitmer,presidential-election-winner-2028
2026-01-07,0.0095,Gretchen Whitmer,presidential-election-winner-2028
2026-01-08,0.0085,Gretchen Whitmer,presidential-election-winner-2028
2026-01-09,0.0095,Gretchen Whitmer,presidential-election-winner-2028
2026-01-10,0.0095,Gretchen Whitmer,presidential-election-winner-2028
2026-01-11,0.009,Gretchen Whitmer,presidential-election-winner-2028
2026-01-12,0.0085,Gretchen Whitmer,presidential-election-winner-2028
2026-01-13,0.0085,Gretchen Whitmer,presidential-election-winner-2028
2026-01-14,0.0085,Gretchen Whitmer,presidential-election-winner-2028
2026-01-15,0.0085,Gretchen Whitmer,presidential-election-winner-2028
2026-01-16,0.009,Gretchen Whitmer,presidential-election-winner-2028
2026-01-17,0.0085,Gretchen Whitmer,presidential-election-winner-2028
2026-01-18,0.009,Gretchen Whitmer,presidential-election-winner-2028
2026-01-19,0.0095,Gretchen Whitmer,presidential-election-winner-2028
2026-01-20,0.0105,Gretchen Whitmer,presidential-election-winner-2028
2026-01-21,0.01,Gretchen Whitmer,presidential-election-winner-2028
2026-01-22,0.0095,Gretchen Whitmer,presidential-election-winner-2028
2026-01-23,0.0085,Gretchen Whitmer,presidential-election-winner-2028
2026-01-24,0.0095,Gretchen Whitmer,presidential-election-winner-2028
2026-01-25,0.01,Gretchen Whitmer,presidential-election-winner-2028
2026-01-26,0.01,Gretchen Whitmer,presidential-election-winner-2028
2026-01-27,0.01,Gretchen Whitmer,presidential-election-winner-2028
2026-01-28,0.009,Gretchen Whitmer,presidential-election-winner-2028
2026-01-29,0.009,Gretchen Whitmer,presidential-election-winner-2028
2026-01-30,0.0095,Gretchen Whitmer,presidential-election-winner-2028
2026-01-31,0.013,Gretchen Whitmer,presidential-election-winner-2028
2026-02-01,0.0125,Gretchen Whitmer,presidential-election-winner-2028
2026-02-02,0.0095,Gretchen Whitmer,presidential-election-winner-2028
2026-02-03,0.0105,Gretchen Whitmer,presidential-election-winner-2028
2026-02-04,0.0105,Gretchen Whitmer,presidential-election-winner-2028
2026-02-05,0.0105,Gretchen Whitmer,presidential-election-winner-2028
2026-02-06,0.0105,Gretchen Whitmer,presidential-election-winner-2028
2026-02-07,0.0105,Gretchen Whitmer,presidential-election-winner-2028
2026-02-08,0.0105,Gretchen Whitmer,presidential-election-winner-2028
2026-02-09,0.0105,Gretchen Whitmer,presidential-election-winner-2028
2026-02-10,0.0115,Gretchen Whitmer,presidential-election-winner-2028
2026-02-11,0.0115,Gretchen Whitmer,presidential-election-winner-2028
2026-02-12,0.0115,Gretchen Whitmer,presidential-election-winner-2028
2026-02-13,0.0135,Gretchen Whitmer,presidential-election-winner-2028
2026-02-14,0.0135,Gretchen Whitmer,presidential-election-winner-2028
2026-02-15,0.0135,Gretchen Whitmer,presidential-election-winner-2028
2026-02-16,0.0135,Gretchen Whitmer,presidential-election-winner-2028
2026-02-17,0.0135,Gretchen Whitmer,presidential-election-winner-2028
2026-02-18,0.0135,Gretchen Whitmer,presidential-election-winner-2028
2026-02-19,0.0135,Gretchen Whitmer,presidential-election-winner-2028
2026-02-20,0.0135,Gretchen Whitmer,presidential-election-winner-2028
2026-02-21,0.0135,Gretchen Whitmer,presidential-election-winner-2028
2026-02-22,0.0135,Gretchen Whitmer,presidential-election-winner-2028
2026-02-23,0.0135,Gretchen Whitmer,presidential-election-winner-2028
2026-02-24,0.0135,Gretchen Whitmer,presidential-election-winner-2028
2026-02-25,0.0135,Gretchen Whitmer,presidential-election-winner-2028
2026-02-26,0.0135,Gretchen Whitmer,presidential-election-winner-2028
2026-02-27,0.0135,Gretchen Whitmer,presidential-election-winner-2028
2026-02-28,0.0135,Gretchen Whitmer,presidential-election-winner-2028
2026-03-01,0.0135,Gretchen Whitmer,presidential-election-winner-2028
2026-03-02,0.0135,Gretchen Whitmer,presidential-election-winner-2028
2026-03-03,0.013,Gretchen Whitmer,presidential-election-winner-2028
2026-03-04,0.0125,Gretchen Whitmer,presidential-election-winner-2028
2026-03-05,0.0135,Gretchen Whitmer,presidential-election-winner-2028
2026-03-06,0.0125,Gretchen Whitmer,presidential-election-winner-2028
2026-03-07,0.0125,Gretchen Whitmer,presidential-election-winner-2028
2026-03-08,0.0115,Gretchen Whitmer,presidential-election-winner-2028
2026-03-09,0.0115,Gretchen Whitmer,presidential-election-winner-2028
2026-03-10,0.011,Gretchen Whitmer,presidential-election-winner-2028
2026-03-11,0.0105,Gretchen Whitmer,presidential-election-winner-2028
2026-03-12,0.0105,Gretchen Whitmer,presidential-election-winner-2028
2026-03-13,0.0095,Gretchen Whitmer,presidential-election-winner-2028
2026-03-14,0.0095,Gretchen Whitmer,presidential-election-winner-2028
2026-03-15,0.0095,Gretchen Whitmer,presidential-election-winner-2028
2026-03-16,0.0095,Gretchen Whitmer,presidential-election-winner-2028
2026-03-17,0.0105,Gretchen Whitmer,presidential-election-winner-2028
2026-03-18,0.0105,Gretchen Whitmer,presidential-election-winner-2028
2026-03-19,0.0105,Gretchen Whitmer,presidential-election-winner-2028
2026-03-20,0.0105,Gretchen Whitmer,presidential-election-winner-2028
2026-03-21,0.01,Gretchen Whitmer,presidential-election-winner-2028
2026-03-22,0.0105,Gretchen Whitmer,presidential-election-winner-2028
2026-03-23,0.0105,Gretchen Whitmer,presidential-election-winner-2028
2026-03-24,0.0095,Gretchen Whitmer,presidential-election-winner-2028
2026-03-25,0.0095,Gretchen Whitmer,presidential-election-winner-2028
2026-03-26,0.0095,Gretchen Whitmer,presidential-election-winner-2028
2026-03-27,0.0095,Gretchen Whitmer,presidential-election-winner-2028
2026-03-28,0.0095,Gretchen Whitmer,presidential-election-winner-2028
2026-03-29,0.0095,Gretchen Whitmer,presidential-election-winner-2028
2026-03-30,0.0095,Gretchen Whitmer,presidential-election-winner-2028
2026-03-31,0.01,Gretchen Whitmer,presidential-election-winner-2028
2026-04-01,0.0095,Gretchen Whitmer,presidential-election-winner-2028
2026-04-02,0.0095,Gretchen Whitmer,presidential-election-winner-2028
2026-04-03,0.0095,Gretchen Whitmer,presidential-election-winner-2028
2026-04-04,0.0095,Gretchen Whitmer,presidential-election-winner-2028
2026-04-06,0.0095,Gretchen Whitmer,presidential-election-winner-2028
2026-04-07,0.0095,Gretchen Whitmer,presidential-election-winner-2028
2026-04-08,0.0095,Gretchen Whitmer,presidential-election-winner-2028
2026-04-09,0.0095,Gretchen Whitmer,presidential-election-winner-2028
2026-04-10,0.0095,Gretchen Whitmer,presidential-election-winner-2028
2026-04-11,0.0095,Gretchen Whitmer,presidential-election-winner-2028
2026-04-13,0.0105,Gretchen Whitmer,presidential-election-winner-2028
2026-04-15,0.0095,Gretchen Whitmer,presidential-election-winner-2028
2026-04-16,0.0105,Gretchen Whitmer,presidential-election-winner-2028
2026-04-22,0.0095,Gretchen Whitmer,presidential-election-winner-2028
2026-04-23,0.0095,Gretchen Whitmer,presidential-election-winner-2028
2026-04-24,0.0095,Gretchen Whitmer,presidential-election-winner-2028
2026-04-25,0.0095,Gretchen Whitmer,presidential-election-winner-2028
2026-04-26,0.0095,Gretchen Whitmer,presidential-election-winner-2028
2026-04-27,0.0095,Gretchen Whitmer,presidential-election-winner-2028
2026-04-28,0.0095,Gretchen Whitmer,presidential-election-winner-2028
2026-04-29,0.0095,Gretchen Whitmer,presidential-election-winner-2028
2026-04-30,0.0095,Gretchen Whitmer,presidential-election-winner-2028
2026-05-01,0.0095,Gretchen Whitmer,presidential-election-winner-2028
2026-05-02,0.0095,Gretchen Whitmer,presidential-election-winner-2028
2026-05-03,0.0095,Gretchen Whitmer,presidential-election-winner-2028
2026-05-04,0.0095,Gretchen Whitmer,presidential-election-winner-2028
2026-05-05,0.0095,Gretchen Whitmer,presidential-election-winner-2028
2026-05-06,0.0095,Gretchen Whitmer,presidential-election-winner-2028
2026-05-07,0.0095,Gretchen Whitmer,presidential-election-winner-2028
2026-05-08,0.0095,Gretchen Whitmer,presidential-election-winner-2028
2026-05-09,0.0095,Gretchen Whitmer,presidential-election-winner-2028
2026-05-10,0.0095,Gretchen Whitmer,presidential-election-winner-2028
2026-05-11,0.0095,Gretchen Whitmer,presidential-election-winner-2028
2026-05-12,0.0095,Gretchen Whitmer,presidential-election-winner-2028
2026-05-13,0.0095,Gretchen Whitmer,presidential-election-winner-2028
2026-05-14,0.0095,Gretchen Whitmer,presidential-election-winner-2028
2026-05-15,0.0095,Gretchen Whitmer,presidential-election-winner-2028
2026-05-16,0.0095,Gretchen Whitmer,presidential-election-winner-2028
2026-05-17,0.0095,Gretchen Whitmer,presidential-election-winner-2028
2026-05-18,0.0095,Gretchen Whitmer,presidential-election-winner-2028
2026-05-19,0.0095,Gretchen Whitmer,presidential-election-winner-2028
2026-05-20,0.0095,Gretchen Whitmer,presidential-election-winner-2028
2026-05-21,0.0095,Gretchen Whitmer,presidential-election-winner-2028
2026-05-22,0.0095,Gretchen Whitmer,presidential-election-winner-2028
2026-05-23,0.0095,Gretchen Whitmer,presidential-election-winner-2028
2026-05-24,0.0095,Gretchen Whitmer,presidential-election-winner-2028
2026-05-25,0.0085,Gretchen Whitmer,presidential-election-winner-2028
2026-05-26,0.0075,Gretchen Whitmer,presidential-election-winner-2028
2026-05-27,0.0075,Gretchen Whitmer,presidential-election-winner-2028
2026-05-28,0.0075,Gretchen Whitmer,presidential-election-winner-2028
2026-05-29,0.0075,Gretchen Whitmer,presidential-election-winner-2028
2026-05-30,0.0075,Gretchen Whitmer,presidential-election-winner-2028
2026-05-31,0.0075,Gretchen Whitmer,presidential-election-winner-2028
2026-06-01,0.0075,Gretchen Whitmer,presidential-election-winner-2028
2026-06-02,0.0075,Gretchen Whitmer,presidential-election-winner-2028
2026-06-03,0.0065,Gretchen Whitmer,presidential-election-winner-2028
2026-06-04,0.0065,Gretchen Whitmer,presidential-election-winner-2028
2026-06-05,0.0065,Gretchen Whitmer,presidential-election-winner-2028
2026-06-06,0.0065,Gretchen Whitmer,presidential-election-winner-2028
2026-06-07,0.0065,Gretchen Whitmer,presidential-election-winner-2028
2026-06-08,0.0065,Gretchen Whitmer,presidential-election-winner-2028
2026-06-09,0.0065,Gretchen Whitmer,presidential-election-winner-2028
2026-06-10,0.0065,Gretchen Whitmer,presidential-election-winner-2028
2026-06-11,0.0065,Gretchen Whitmer,presidential-election-winner-2028
2026-06-12,0.0065,Gretchen Whitmer,presidential-election-winner-2028
2026-06-13,0.0065,Gretchen Whitmer,presidential-election-winner-2028
2026-06-14,0.0065,Gretchen Whitmer,presidential-election-winner-2028
2026-06-15,0.0065,Gretchen Whitmer,presidential-election-winner-2028
2026-06-16,0.0065,Gretchen Whitmer,presidential-election-winner-2028
2026-06-17,0.0065,Gretchen Whitmer,presidential-election-winner-2028
2026-06-18,0.0065,Gretchen Whitmer,presidential-election-winner-2028
2026-06-19,0.0065,Gretchen Whitmer,presidential-election-winner-2028
2026-06-20,0.0065,Gretchen Whitmer,presidential-election-winner-2028
2026-06-21,0.0065,Gretchen Whitmer,presidential-election-winner-2028
2026-06-22,0.0065,Gretchen Whitmer,presidential-election-winner-2028
2026-06-23,0.0065,Gretchen Whitmer,presidential-election-winner-2028
2026-06-24,0.0065,Gretchen Whitmer,presidential-election-winner-2028
2026-06-25,0.0065,Gretchen Whitmer,presidential-election-winner-2028
2026-06-26,0.0065,Gretchen Whitmer,presidential-election-winner-2028
2026-06-27,0.0065,Gretchen Whitmer,presidential-election-winner-2028
2026-06-28,0.0065,Gretchen Whitmer,presidential-election-winner-2028
2026-06-29,0.0065,Gretchen Whitmer,presidential-election-winner-2028
2026-06-30,0.0065,Gretchen Whitmer,presidential-election-winner-2028
2026-07-01,0.0065,Gretchen Whitmer,presidential-election-winner-2028
2026-07-02,0.0065,Gretchen Whitmer,presidential-election-winner-2028
2026-07-03,0.0065,Gretchen Whitmer,presidential-election-winner-2028
2026-07-04,0.0065,Gretchen Whitmer,presidential-election-winner-2028
2026-07-05,0.0065,Gretchen Whitmer,presidential-election-winner-2028
2026-07-06,0.0065,Gretchen Whitmer,presidential-election-winner-2028
2026-07-07,0.0065,Gretchen Whitmer,presidential-election-winner-2028
2026-07-08,0.0065,Gretchen Whitmer,presidential-election-winner-2028
2026-07-09,0.0065,Gretchen Whitmer,presidential-election-winner-2028
2026-07-10,0.0065,Gretchen Whitmer,presidential-election-winner-2028
2026-07-11,0.0065,Gretchen Whitmer,presidential-election-winner-2028
2026-07-12,0.0055,Gretchen Whitmer,presidential-election-winner-2028
2026-07-13,0.0055,Gretchen Whitmer,presidential-election-winner-2028
2026-07-14,0.0055,Gretchen Whitmer,presidential-election-winner-2028
2026-07-15,0.0055,Gretchen Whitmer,presidential-election-winner-2028
2026-07-16,0.0055,Gretchen Whitmer,presidential-election-winner-2028
2026-07-17,0.0055,Gretchen Whitmer,presidential-election-winner-2028
2026-07-18,0.0055,Gretchen Whitmer,presidential-election-winner-2028
2026-07-19,0.0055,Gretchen Whitmer,presidential-election-winner-2028
2026-07-20,0.0055,Gretchen Whitmer,presidential-election-winner-2028
2026-07-21,0.0055,Gretchen Whitmer,presidential-election-winner-2028
2026-07-22,0.0115,Gretchen Whitmer,presidential-election-winner-2028
2026-07-23,0.0105,Gretchen Whitmer,presidential-election-winner-2028
2026-07-24,0.0095,Gretchen Whitmer,presidential-election-winner-2028
2026-07-25,0.0085,Gretchen Whitmer,presidential-election-winner-2028
2026-07-26,0.0095,Gretchen Whitmer,presidential-election-winner-2028
2026-07-27,0.0075,Gretchen Whitmer,presidential-election-winner-2028
2026-07-28,0.0075,Gretchen Whitmer,presidential-election-winner-2028
2026-07-30,0.0075,Gretchen Whitmer,presidential-election-winner-2028
2026-07-31,0.0075,Gretchen Whitmer,presidential-election-winner-2028
2026-08-01,0.0075,Gretchen Whitmer,presidential-election-winner-2028
2026-08-02,0.0075,Gretchen Whitmer,presidential-election-winner-2028
2026-08-03,0.0075,Gretchen Whitmer,presidential-election-winner-2028
2026-08-04,0.0075,Gretchen Whitmer,presidential-election-winner-2028
2026-08-05,0.0065,Gretchen Whitmer,presidential-election-winner-2028
2026-08-06,0.0065,Gretchen Whitmer,presidential-election-winner-2028
2026-08-07,0.0065,Gretchen Whitmer,presidential-election-winner-2028
2026-08-08,0.0065,Gretchen Whitmer,presidential-election-winner-2028
2026-08-09,0.0065,Gretchen Whitmer,presidential-election-winner-2028
2026-08-10,0.0065,Gretchen Whitmer,presidential-election-winner-2028
2026-08-11,0.0065,Gretchen Whitmer,presidential-election-winner-2028
2026-08-12,0.0065,Gretchen Whitmer,presidential-election-winner-2028
2026-08-13,0.0065,Gretchen Whitmer,presidential-election-winner-2028
2026-08-14,0.0035,Gretchen Whitmer,presidential-election-winner-2028
2026-08-15,0.0035,Gretchen Whitmer,presidential-election-winner-2028
2026-08-16,0.0035,Gretchen Whitmer,presidential-election-winner-2028
2026-08-17,0.0035,Gretchen Whitmer,presidential-election-winner-2028
2026-08-18,0.004,Gretchen Whitmer,presidential-election-winner-2028
2026-08-19,0.004,Gretchen Whitmer,presidential-election-winner-2028
2026-08-20,0.0045,Gretchen Whitmer,presidential-election-winner-2028
2026-08-21,0.0045,Gretchen Whitmer,presidential-election-winner-2028
2026-08-22,0.0045,Gretchen Whitmer,presidential-election-winner-2028
2026-08-23,0.0045,Gretchen Whitmer,presidential-election-winner-2028
2026-08-24,0.0045,Gretchen Whitmer,presidential-election-winner-2028
2026-08-25,0.0045,Gretchen Whitmer,presidential-election-winner-2028
2025-07-19,0.02,Andy Beshear,presidential-election-winner-2028
2025-07-20,0.019,Andy Beshear,presidential-election-winner-2028
2025-07-21,0.019,Andy Beshear,presidential-election-winner-2028
2025-07-22,0.0185,Andy Beshear,presidential-election-winner-2028
2025-07-23,0.0225,Andy Beshear,presidential-election-winner-2028
2025-07-24,0.0225,Andy Beshear,presidential-election-winner-2028
2025-07-25,0.024,Andy Beshear,presidential-election-winner-2028
2025-07-26,0.0295,Andy Beshear,presidential-election-winner-2028
2025-07-27,0.0485,Andy Beshear,presidential-election-winner-2028
2025-07-28,0.0495,Andy Beshear,presidential-election-winner-2028
2025-07-29,0.049,Andy Beshear,presidential-election-winner-2028
2025-07-30,0.0405,Andy Beshear,presidential-election-winner-2028
2025-07-31,0.054,Andy Beshear,presidential-election-winner-2028
2025-08-01,0.0535,Andy Beshear,presidential-election-winner-2028
2025-08-02,0.051,Andy Beshear,presidential-election-winner-2028
2025-08-03,0.046,Andy Beshear,presidential-election-winner-2028
2025-08-04,0.046,Andy Beshear,presidential-election-winner-2028
2025-08-05,0.046,Andy Beshear,presidential-election-winner-2028
2025-08-06,0.0455,Andy Beshear,presidential-election-winner-2028
2025-08-07,0.05,Andy Beshear,presidential-election-winner-2028
2025-08-08,0.0505,Andy Beshear,presidential-election-winner-2028
2025-08-09,0.05,Andy Beshear,presidential-election-winner-2028
2025-08-10,0.0485,Andy Beshear,presidential-election-winner-2028
2025-08-11,0.0485,Andy Beshear,presidential-election-winner-2028
2025-08-12,0.0485,Andy Beshear,presidential-election-winner-2028
2025-08-13,0.0485,Andy Beshear,presidential-election-winner-2028
2025-08-14,0.0485,Andy Beshear,presidential-election-winner-2028
2025-08-15,0.049,Andy Beshear,presidential-election-winner-2028
2025-08-16,0.049,Andy Beshear,presidential-election-winner-2028
2025-08-17,0.049,Andy Beshear,presidential-election-winner-2028
2025-08-18,0.049,Andy Beshear,presidential-election-winner-2028
2025-08-19,0.0485,Andy Beshear,presidential-election-winner-2028
2025-08-20,0.0485,Andy Beshear,presidential-election-winner-2028
2025-08-21,0.0465,Andy Beshear,presidential-election-winner-2028
2025-08-22,0.043,Andy Beshear,presidential-election-winner-2028
2025-08-23,0.044,Andy Beshear,presidential-election-winner-2028
2025-08-24,0.0425,Andy Beshear,presidential-election-winner-2028
2025-08-25,0.0415,Andy Beshear,presidential-election-winner-2028
2025-08-26,0.042,Andy Beshear,presidential-election-winner-2028
2025-08-27,0.042,Andy Beshear,presidential-election-winner-2028
2025-08-28,0.042,Andy Beshear,presidential-election-winner-2028
2025-08-29,0.042,Andy Beshear,presidential-election-winner-2028
2025-08-30,0.0435,Andy Beshear,presidential-election-winner-2028
2025-08-31,0.044,Andy Beshear,presidential-election-winner-2028
2025-09-01,0.029,Andy Beshear,presidential-election-winner-2028
2025-09-02,0.031,Andy Beshear,presidential-election-winner-2028
2025-09-03,0.0315,Andy Beshear,presidential-election-winner-2028
2025-09-04,0.031,Andy Beshear,presidential-election-winner-2028
2025-09-05,0.034,Andy Beshear,presidential-election-winner-2028
2025-09-06,0.0345,Andy Beshear,presidential-election-winner-2028
2025-09-07,0.0335,Andy Beshear,presidential-election-winner-2028
2025-09-08,0.0315,Andy Beshear,presidential-election-winner-2028
2025-09-09,0.0295,Andy Beshear,presidential-election-winner-2028
2025-09-10,0.0285,Andy Beshear,presidential-election-winner-2028
2025-09-11,0.0265,Andy Beshear,presidential-election-winner-2028
2025-09-12,0.027,Andy Beshear,presidential-election-winner-2028
2025-09-13,0.0265,Andy Beshear,presidential-election-winner-2028
2025-09-14,0.0265,Andy Beshear,presidential-election-winner-2028
2025-09-15,0.0265,Andy Beshear,presidential-election-winner-2028
2025-09-16,0.027,Andy Beshear,presidential-election-winner-2028
2025-09-17,0.0325,Andy Beshear,presidential-election-winner-2028
2025-09-18,0.0305,Andy Beshear,presidential-election-winner-2028
2025-09-19,0.0305,Andy Beshear,presidential-election-winner-2028
2025-09-20,0.0285,Andy Beshear,presidential-election-winner-2028
2025-09-21,0.0255,Andy Beshear,presidential-election-winner-2028
2025-09-22,0.0255,Andy Beshear,presidential-election-winner-2028
2025-09-23,0.0255,Andy Beshear,presidential-election-winner-2028
2025-09-24,0.0255,Andy Beshear,presidential-election-winner-2028
2025-09-25,0.0255,Andy Beshear,presidential-election-winner-2028
2025-09-26,0.0255,Andy Beshear,presidential-election-winner-2028
2025-09-27,0.0245,Andy Beshear,presidential-election-winner-2028
2025-09-28,0.0245,Andy Beshear,presidential-election-winner-2028
2025-09-29,0.0255,Andy Beshear,presidential-election-winner-2028
2025-09-30,0.026,Andy Beshear,presidential-election-winner-2028
2025-10-01,0.0295,Andy Beshear,presidential-election-winner-2028
2025-10-02,0.026,Andy Beshear,presidential-election-winner-2028
2025-10-03,0.027,Andy Beshear,presidential-election-winner-2028
2025-10-04,0.0275,Andy Beshear,presidential-election-winner-2028
2025-10-05,0.028,Andy Beshear,presidential-election-winner-2028
2025-10-06,0.0345,Andy Beshear,presidential-election-winner-2028
2025-10-07,0.035,Andy Beshear,presidential-election-winner-2028
2025-10-08,0.0295,Andy Beshear,presidential-election-winner-2028
2025-10-09,0.0295,Andy Beshear,presidential-election-winner-2028
2025-10-10,0.0275,Andy Beshear,presidential-election-winner-2028
2025-10-11,0.0285,Andy Beshear,presidential-election-winner-2028
2025-10-12,0.029,Andy Beshear,presidential-election-winner-2028
2025-10-13,0.028,Andy Beshear,presidential-election-winner-2028
2025-10-14,0.0285,Andy Beshear,presidential-election-winner-2028
2025-10-15,0.0275,Andy Beshear,presidential-election-winner-2028
2025-10-16,0.0265,Andy Beshear,presidential-election-winner-2028
2025-10-17,0.0235,Andy Beshear,presidential-election-winner-2028
2025-10-18,0.0245,Andy Beshear,presidential-election-winner-2028
2025-10-19,0.0235,Andy Beshear,presidential-election-winner-2028
2025-10-20,0.023,Andy Beshear,presidential-election-winner-2028
2025-10-21,0.0245,Andy Beshear,presidential-election-winner-2028
2025-10-22,0.0235,Andy Beshear,presidential-election-winner-2028
2025-10-23,0.0225,Andy Beshear,presidential-election-winner-2028
2025-10-24,0.0225,Andy Beshear,presidential-election-winner-2028
2025-10-25,0.0225,Andy Beshear,presidential-election-winner-2028
2025-10-26,0.022,Andy Beshear,presidential-election-winner-2028
2025-10-27,0.022,Andy Beshear,presidential-election-winner-2028
2025-10-28,0.021,Andy Beshear,presidential-election-winner-2028
2025-10-29,0.021,Andy Beshear,presidential-election-winner-2028
2025-10-30,0.021,Andy Beshear,presidential-election-winner-2028
2025-10-31,0.0205,Andy Beshear,presidential-election-winner-2028
2025-11-01,0.016,Andy Beshear,presidential-election-winner-2028
2025-11-02,0.0175,Andy Beshear,presidential-election-winner-2028
2025-11-03,0.0155,Andy Beshear,presidential-election-winner-2028
2025-11-04,0.0175,Andy Beshear,presidential-election-winner-2028
2025-11-05,0.0185,Andy Beshear,presidential-election-winner-2028
2025-11-06,0.018,Andy Beshear,presidential-election-winner-2028
2025-11-07,0.0165,Andy Beshear,presidential-election-winner-2028
2025-11-08,0.0155,Andy Beshear,presidential-election-winner-2028
2025-11-09,0.0165,Andy Beshear,presidential-election-winner-2028
2025-11-10,0.016,Andy Beshear,presidential-election-winner-2028
2025-11-11,0.0165,Andy Beshear,presidential-election-winner-2028
2025-11-12,0.016,Andy Beshear,presidential-election-winner-2028
2025-11-13,0.0165,Andy Beshear,presidential-election-winner-2028
2025-11-14,0.016,Andy Beshear,presidential-election-winner-2028
2025-11-15,0.016,Andy Beshear,presidential-election-winner-2028
2025-11-16,0.017,Andy Beshear,presidential-election-winner-2028
2025-11-17,0.016,Andy Beshear,presidential-election-winner-2028
2025-11-18,0.0155,Andy Beshear,presidential-election-winner-2028
2025-11-19,0.0135,Andy Beshear,presidential-election-winner-2028
2025-11-20,0.0125,Andy Beshear,presidential-election-winner-2028
2025-11-21,0.0125,Andy Beshear,presidential-election-winner-2028
2025-11-22,0.0135,Andy Beshear,presidential-election-winner-2028
2025-11-23,0.0125,Andy Beshear,presidential-election-winner-2028
2025-11-24,0.0145,Andy Beshear,presidential-election-winner-2028
2025-11-25,0.0135,Andy Beshear,presidential-election-winner-2028
2025-11-26,0.013,Andy Beshear,presidential-election-winner-2028
2025-11-27,0.0135,Andy Beshear,presidential-election-winner-2028
2025-11-28,0.0125,Andy Beshear,presidential-election-winner-2028
2025-11-29,0.0125,Andy Beshear,presidential-election-winner-2028
2025-11-30,0.0125,Andy Beshear,presidential-election-winner-2028
2025-12-01,0.012,Andy Beshear,presidential-election-winner-2028
2025-12-02,0.0115,Andy Beshear,presidential-election-winner-2028
2025-12-03,0.0125,Andy Beshear,presidential-election-winner-2028
2025-12-04,0.0125,Andy Beshear,presidential-election-winner-2028
2025-12-05,0.0125,Andy Beshear,presidential-election-winner-2028
2025-12-06,0.0125,Andy Beshear,presidential-election-winner-2028
2025-12-07,0.0125,Andy Beshear,presidential-election-winner-2028
2025-12-08,0.0125,Andy Beshear,presidential-election-winner-2028
2025-12-09,0.0125,Andy Beshear,presidential-election-winner-2028
2025-12-10,0.0125,Andy Beshear,presidential-election-winner-2028
2025-12-11,0.0125,Andy Beshear,presidential-election-winner-2028
2025-12-12,0.013,Andy Beshear,presidential-election-winner-2028
2025-12-13,0.0135,Andy Beshear,presidential-election-winner-2028
2025-12-14,0.0135,Andy Beshear,presidential-election-winner-2028
2025-12-15,0.0155,Andy Beshear,presidential-election-winner-2028
2025-12-16,0.0145,Andy Beshear,presidential-election-winner-2028
2025-12-17,0.0135,Andy Beshear,presidential-election-winner-2028
2025-12-18,0.0145,Andy Beshear,presidential-election-winner-2028
2025-12-19,0.0185,Andy Beshear,presidential-election-winner-2028
2025-12-20,0.018,Andy Beshear,presidential-election-winner-2028
2025-12-21,0.0175,Andy Beshear,presidential-election-winner-2028
2025-12-22,0.0175,Andy Beshear,presidential-election-winner-2028
2025-12-23,0.0165,Andy Beshear,presidential-election-winner-2028
2025-12-24,0.0155,Andy Beshear,presidential-election-winner-2028
2025-12-25,0.0165,Andy Beshear,presidential-election-winner-2028
2025-12-26,0.016,Andy Beshear,presidential-election-winner-2028
2025-12-27,0.0155,Andy Beshear,presidential-election-winner-2028
2025-12-28,0.0175,Andy Beshear,presidential-election-winner-2028
2025-12-29,0.0175,Andy Beshear,presidential-election-winner-2028
2025-12-30,0.0175,Andy Beshear,presidential-election-winner-2028
2025-12-31,0.0175,Andy Beshear,presidential-election-winner-2028
2026-01-01,0.0185,Andy Beshear,presidential-election-winner-2028
2026-01-02,0.0165,Andy Beshear,presidential-election-winner-2028
2026-01-03,0.0165,Andy Beshear,presidential-election-winner-2028
2026-01-04,0.0165,Andy Beshear,presidential-election-winner-2028
2026-01-05,0.0165,Andy Beshear,presidential-election-winner-2028
2026-01-06,0.0165,Andy Beshear,presidential-election-winner-2028
2026-01-07,0.0155,Andy Beshear,presidential-election-winner-2028
2026-01-08,0.0145,Andy Beshear,presidential-election-winner-2028
2026-01-09,0.0145,Andy Beshear,presidential-election-winner-2028
2026-01-10,0.0145,Andy Beshear,presidential-election-winner-2028
2026-01-11,0.0125,Andy Beshear,presidential-election-winner-2028
2026-01-12,0.0125,Andy Beshear,presidential-election-winner-2028
2026-01-13,0.0155,Andy Beshear,presidential-election-winner-2028
2026-01-14,0.0135,Andy Beshear,presidential-election-winner-2028
2026-01-15,0.0155,Andy Beshear,presidential-election-winner-2028
2026-01-16,0.0185,Andy Beshear,presidential-election-winner-2028
2026-01-17,0.016,Andy Beshear,presidential-election-winner-2028
2026-01-18,0.0175,Andy Beshear,presidential-election-winner-2028
2026-01-19,0.018,Andy Beshear,presidential-election-winner-2028
2026-01-20,0.0185,Andy Beshear,presidential-election-winner-2028
2026-01-21,0.0185,Andy Beshear,presidential-election-winner-2028
2026-01-22,0.0185,Andy Beshear,presidential-election-winner-2028
2026-01-23,0.0195,Andy Beshear,presidential-election-winner-2028
2026-01-24,0.0195,Andy Beshear,presidential-election-winner-2028
2026-01-25,0.0195,Andy Beshear,presidential-election-winner-2028
2026-01-26,0.021,Andy Beshear,presidential-election-winner-2028
2026-01-27,0.0205,Andy Beshear,presidential-election-winner-2028
2026-01-28,0.0175,Andy Beshear,presidential-election-winner-2028
2026-01-29,0.0195,Andy Beshear,presidential-election-winner-2028
2026-01-30,0.0225,Andy Beshear,presidential-election-winner-2028
2026-01-31,0.0195,Andy Beshear,presidential-election-winner-2028
2026-02-01,0.012,Andy Beshear,presidential-election-winner-2028
2026-02-02,0.0205,Andy Beshear,presidential-election-winner-2028
2026-02-03,0.0235,Andy Beshear,presidential-election-winner-2028
2026-02-04,0.0235,Andy Beshear,presidential-election-winner-2028
2026-02-05,0.0245,Andy Beshear,presidential-election-winner-2028
2026-02-06,0.02,Andy Beshear,presidential-election-winner-2028
2026-02-07,0.024,Andy Beshear,presidential-election-winner-2028
2026-02-08,0.023,Andy Beshear,presidential-election-winner-2028
2026-02-09,0.0245,Andy Beshear,presidential-election-winner-2028
2026-02-10,0.0225,Andy Beshear,presidential-election-winner-2028
2026-02-11,0.0225,Andy Beshear,presidential-election-winner-2028
2026-02-12,0.023,Andy Beshear,presidential-election-winner-2028
2026-02-13,0.0225,Andy Beshear,presidential-election-winner-2028
2026-02-14,0.0225,Andy Beshear,presidential-election-winner-2028
2026-02-15,0.0225,Andy Beshear,presidential-election-winner-2028
2026-02-16,0.0215,Andy Beshear,presidential-election-winner-2028
2026-02-17,0.0215,Andy Beshear,presidential-election-winner-2028
2026-02-18,0.0185,Andy Beshear,presidential-election-winner-2028
2026-02-19,0.0175,Andy Beshear,presidential-election-winner-2028
2026-02-20,0.0175,Andy Beshear,presidential-election-winner-2028
2026-02-21,0.0175,Andy Beshear,presidential-election-winner-2028
2026-02-22,0.0175,Andy Beshear,presidential-election-winner-2028
2026-02-23,0.018,Andy Beshear,presidential-election-winner-2028
2026-02-24,0.018,Andy Beshear,presidential-election-winner-2028
2026-02-25,0.0175,Andy Beshear,presidential-election-winner-2028
2026-02-26,0.0165,Andy Beshear,presidential-election-winner-2028
2026-02-27,0.0165,Andy Beshear,presidential-election-winner-2028
2026-02-28,0.0165,Andy Beshear,presidential-election-winner-2028
2026-03-01,0.0155,Andy Beshear,presidential-election-winner-2028
2026-03-02,0.016,Andy Beshear,presidential-election-winner-2028
2026-03-03,0.011,Andy Beshear,presidential-election-winner-2028
2026-03-04,0.017,Andy Beshear,presidential-election-winner-2028
2026-03-05,0.0155,Andy Beshear,presidential-election-winner-2028
2026-03-06,0.015,Andy Beshear,presidential-election-winner-2028
2026-03-07,0.0145,Andy Beshear,presidential-election-winner-2028
2026-03-08,0.0145,Andy Beshear,presidential-election-winner-2028
2026-03-09,0.016,Andy Beshear,presidential-election-winner-2028
2026-03-10,0.016,Andy Beshear,presidential-election-winner-2028
2026-03-11,0.016,Andy Beshear,presidential-election-winner-2028
2026-03-12,0.0155,Andy Beshear,presidential-election-winner-2028
2026-03-13,0.0155,Andy Beshear,presidential-election-winner-2028
2026-03-14,0.015,Andy Beshear,presidential-election-winner-2028
2026-03-15,0.0155,Andy Beshear,presidential-election-winner-2028
2026-03-17,0.0155,Andy Beshear,presidential-election-winner-2028
2026-03-18,0.0145,Andy Beshear,presidential-election-winner-2028
2026-03-20,0.0145,Andy Beshear,presidential-election-winner-2028
2026-03-21,0.0145,Andy Beshear,presidential-election-winner-2028
2026-03-22,0.0145,Andy Beshear,presidential-election-winner-2028
2026-03-23,0.0155,Andy Beshear,presidential-election-winner-2028
2026-03-24,0.0145,Andy Beshear,presidential-election-winner-2028
2026-03-25,0.0145,Andy Beshear,presidential-election-winner-2028
2026-03-26,0.0135,Andy Beshear,presidential-election-winner-2028
2026-03-27,0.0135,Andy Beshear,presidential-election-winner-2028
2026-03-28,0.0125,Andy Beshear,presidential-election-winner-2028
2026-03-29,0.0125,Andy Beshear,presidential-election-winner-2028
2026-04-05,0.0145,Andy Beshear,presidential-election-winner-2028
2026-04-09,0.0125,Andy Beshear,presidential-election-winner-2028
2026-04-22,0.0135,Andy Beshear,presidential-election-winner-2028
2026-04-23,0.0135,Andy Beshear,presidential-election-winner-2028
2026-04-24,0.0135,Andy Beshear,presidential-election-winner-2028
2026-04-25,0.0135,Andy Beshear,presidential-election-winner-2028
2026-04-26,0.0135,Andy Beshear,presidential-election-winner-2028
2026-04-27,0.0135,Andy Beshear,presidential-election-winner-2028
2026-04-28,0.0135,Andy Beshear,presidential-election-winner-2028
2026-04-29,0.0135,Andy Beshear,presidential-election-winner-2028
2026-04-30,0.0135,Andy Beshear,presidential-election-winner-2028
2026-05-01,0.0145,Andy Beshear,presidential-election-winner-2028
2026-05-02,0.0135,Andy Beshear,presidential-election-winner-2028
2026-05-03,0.0215,Andy Beshear,presidential-election-winner-2028
2026-05-04,0.0205,Andy Beshear,presidential-election-winner-2028
2026-05-05,0.0185,Andy Beshear,presidential-election-winner-2028
2026-05-06,0.0175,Andy Beshear,presidential-election-winner-2028
2026-05-07,0.0175,Andy Beshear,presidential-election-winner-2028
2026-05-08,0.0165,Andy Beshear,presidential-election-winner-2028
2026-05-09,0.0155,Andy Beshear,presidential-election-winner-2028
2026-05-10,0.0155,Andy Beshear,presidential-election-winner-2028
2026-05-11,0.0145,Andy Beshear,presidential-election-winner-2028
2026-05-12,0.0155,Andy Beshear,presidential-election-winner-2028
2026-05-13,0.0155,Andy Beshear,presidential-election-winner-2028
2026-05-14,0.0155,Andy Beshear,presidential-election-winner-2028
2026-05-15,0.0155,Andy Beshear,presidential-election-winner-2028
2026-05-16,0.0155,Andy Beshear,presidential-election-winner-2028
2026-05-17,0.016,Andy Beshear,presidential-election-winner-2028
2026-05-18,0.0165,Andy Beshear,presidential-election-winner-2028
2026-05-19,0.0165,Andy Beshear,presidential-election-winner-2028
2026-05-20,0.0165,Andy Beshear,presidential-election-winner-2028
2026-05-21,0.0165,Andy Beshear,presidential-election-winner-2028
2026-05-22,0.0165,Andy Beshear,presidential-election-winner-2028
2026-05-23,0.0165,Andy Beshear,presidential-election-winner-2028
2026-05-24,0.0165,Andy Beshear,presidential-election-winner-2028
2026-05-25,0.0165,Andy Beshear,presidential-election-winner-2028
2026-05-26,0.0165,Andy Beshear,presidential-election-winner-2028
2026-05-27,0.0165,Andy Beshear,presidential-election-winner-2028
2026-05-28,0.0165,Andy Beshear,presidential-election-winner-2028
2026-05-29,0.0165,Andy Beshear,presidential-election-winner-2028
2026-05-30,0.0165,Andy Beshear,presidential-election-winner-2028
2026-05-31,0.0165,Andy Beshear,presidential-election-winner-2028
2026-06-01,0.0165,Andy Beshear,presidential-election-winner-2028
2026-06-02,0.0165,Andy Beshear,presidential-election-winner-2028
2026-06-03,0.0165,Andy Beshear,presidential-election-winner-2028
2026-06-04,0.0165,Andy Beshear,presidential-election-winner-2028
2026-06-05,0.0165,Andy Beshear,presidential-election-winner-2028
2026-06-06,0.0165,Andy Beshear,presidential-election-winner-2028
2026-06-07,0.0165,Andy Beshear,presidential-election-winner-2028
2026-06-08,0.0165,Andy Beshear,presidential-election-winner-2028
2026-06-09,0.0165,Andy Beshear,presidential-election-winner-2028
2026-06-10,0.0165,Andy Beshear,presidential-election-winner-2028
2026-06-11,0.0165,Andy Beshear,presidential-election-winner-2028
2026-06-12,0.0165,Andy Beshear,presidential-election-winner-2028
2026-06-13,0.0165,Andy Beshear,presidential-election-winner-2028
2026-06-14,0.0165,Andy Beshear,presidential-election-winner-2028
2026-06-15,0.0165,Andy Beshear,presidential-election-winner-2028
2026-06-16,0.0165,Andy Beshear,presidential-election-winner-2028
2026-06-17,0.0165,Andy Beshear,presidential-election-winner-2028
2026-06-18,0.0165,Andy Beshear,presidential-election-winner-2028
2026-06-19,0.0155,Andy Beshear,presidential-election-winner-2028
2026-06-20,0.0155,Andy Beshear,presidential-election-winner-2028
2026-06-21,0.0145,Andy Beshear,presidential-election-winner-2028
2026-06-22,0.0145,Andy Beshear,presidential-election-winner-2028
2026-06-23,0.0145,Andy Beshear,presidential-election-winner-2028
2026-06-24,0.0135,Andy Beshear,presidential-election-winner-2028
2026-06-25,0.0125,Andy Beshear,presidential-election-winner-2028
2026-06-26,0.0125,Andy Beshear,presidential-election-winner-2028
2026-06-27,0.0125,Andy Beshear,presidential-election-winner-2028
2026-06-28,0.0125,Andy Beshear,presidential-election-winner-2028
2026-06-29,0.0105,Andy Beshear,presidential-election-winner-2028
2026-06-30,0.0105,Andy Beshear,presidential-election-winner-2028
2026-07-01,0.01,Andy Beshear,presidential-election-winner-2028
2026-07-02,0.0105,Andy Beshear,presidential-election-winner-2028
2026-07-03,0.0105,Andy Beshear,presidential-election-winner-2028
2026-07-04,0.0105,Andy Beshear,presidential-election-winner-2028
2026-07-05,0.0095,Andy Beshear,presidential-election-winner-2028
2026-07-06,0.0095,Andy Beshear,presidential-election-winner-2028
2026-07-07,0.0095,Andy Beshear,presidential-election-winner-2028
2026-07-08,0.0095,Andy Beshear,presidential-election-winner-2028
2026-07-09,0.0095,Andy Beshear,presidential-election-winner-2028
2026-07-10,0.0105,Andy Beshear,presidential-election-winner-2028
2026-07-11,0.0105,Andy Beshear,presidential-election-winner-2028
2026-07-12,0.0105,Andy Beshear,presidential-election-winner-2028
2026-07-13,0.011,Andy Beshear,presidential-election-winner-2028
2026-07-14,0.0115,Andy Beshear,presidential-election-winner-2028
2026-07-15,0.0115,Andy Beshear,presidential-election-winner-2028
2026-07-16,0.0115,Andy Beshear,presidential-election-winner-2028
2026-07-17,0.0115,Andy Beshear,presidential-election-winner-2028
2026-07-18,0.0115,Andy Beshear,presidential-election-winner-2028
2026-07-19,0.0115,Andy Beshear,presidential-election-winner-2028
2026-07-20,0.0115,Andy Beshear,presidential-election-winner-2028
2026-07-21,0.0115,Andy Beshear,presidential-election-winner-2028
2026-07-22,0.0115,Andy Beshear,presidential-election-winner-2028
2026-07-23,0.0115,Andy Beshear,presidential-election-winner-2028
2026-07-24,0.0115,Andy Beshear,presidential-election-winner-2028
2026-07-25,0.0115,Andy Beshear,presidential-election-winner-2028
2026-07-26,0.0115,Andy Beshear,presidential-election-winner-2028
2026-07-27,0.0115,Andy Beshear,presidential-election-winner-2028
2026-07-28,0.0115,Andy Beshear,presidential-election-winner-2028
2026-07-30,0.0125,Andy Beshear,presidential-election-winner-2028
2026-07-31,0.0125,Andy Beshear,presidential-election-winner-2028
2026-08-01,0.0125,Andy Beshear,presidential-election-winner-2028
2026-08-02,0.0125,Andy Beshear,presidential-election-winner-2028
2026-08-03,0.0125,Andy Beshear,presidential-election-winner-2028
2026-08-04,0.0125,Andy Beshear,presidential-election-winner-2028
2026-08-05,0.0125,Andy Beshear,presidential-election-winner-2028
2026-08-06,0.0125,Andy Beshear,presidential-election-winner-2028
2026-08-07,0.0155,Andy Beshear,presidential-election-winner-2028
2026-08-08,0.0155,Andy Beshear,presidential-election-winner-2028
2026-08-09,0.0135,Andy Beshear,presidential-election-winner-2028
2026-08-10,0.0135,Andy Beshear,presidential-election-winner-2028
2026-08-11,0.0135,Andy Beshear,presidential-election-winner-2028
2026-08-12,0.0135,Andy Beshear,presidential-election-winner-2028
2026-08-13,0.0125,Andy Beshear,presidential-election-winner-2028
2026-08-14,0.0125,Andy Beshear,presidential-election-winner-2028
2026-08-15,0.0115,Andy Beshear,presidential-election-winner-2028
2026-08-16,0.0105,Andy Beshear,presidential-election-winner-2028
2026-08-17,0.0105,Andy Beshear,presidential-election-winner-2028
2026-08-18,0.0105,Andy Beshear,presidential-election-winner-2028
2026-08-19,0.0105,Andy Beshear,presidential-election-winner-2028
2026-08-20,0.0105,Andy Beshear,presidential-election-winner-2028
2026-08-21,0.01,Andy Beshear,presidential-election-winner-2028
2026-08-22,0.01,Andy Beshear,presidential-election-winner-2028
2026-08-23,0.01,Andy Beshear,presidential-election-winner-2028
2026-08-24,0.0115,Andy Beshear,presidential-election-winner-2028
2026-08-25,0.0115,Andy Beshear,presidential-election-winner-2028
2025-07-19,0.044,Kamala Harris,presidential-election-winner-2028
2025-07-20,0.0405,Kamala Harris,presidential-election-winner-2028
2025-07-21,0.0355,Kamala Harris,presidential-election-winner-2028
2025-07-22,0.0405,Kamala Harris,presidential-election-winner-2028
2025-07-23,0.0325,Kamala Harris,presidential-election-winner-2028
2025-07-24,0.032,Kamala Harris,presidential-election-winner-2028
2025-07-25,0.0305,Kamala Harris,presidential-election-winner-2028
2025-07-26,0.0275,Kamala Harris,presidential-election-winner-2028
2025-07-27,0.0275,Kamala Harris,presidential-election-winner-2028
2025-07-28,0.0285,Kamala Harris,presidential-election-winner-2028
2025-07-29,0.024,Kamala Harris,presidential-election-winner-2028
2025-07-30,0.023,Kamala Harris,presidential-election-winner-2028
2025-07-31,0.0365,Kamala Harris,presidential-election-winner-2028
2025-08-01,0.0365,Kamala Harris,presidential-election-winner-2028
2025-08-02,0.032,Kamala Harris,presidential-election-winner-2028
2025-08-03,0.031,Kamala Harris,presidential-election-winner-2028
2025-08-04,0.031,Kamala Harris,presidential-election-winner-2028
2025-08-05,0.031,Kamala Harris,presidential-election-winner-2028
2025-08-06,0.0305,Kamala Harris,presidential-election-winner-2028
2025-08-07,0.0305,Kamala Harris,presidential-election-winner-2028
2025-08-08,0.0305,Kamala Harris,presidential-election-winner-2028
2025-08-09,0.0305,Kamala Harris,presidential-election-winner-2028
2025-08-10,0.0305,Kamala Harris,presidential-election-winner-2028
2025-08-11,0.0305,Kamala Harris,presidential-election-winner-2028
2025-08-12,0.0305,Kamala Harris,presidential-election-winner-2028
2025-08-13,0.0295,Kamala Harris,presidential-election-winner-2028
2025-08-14,0.0295,Kamala Harris,presidential-election-winner-2028
2025-08-15,0.0295,Kamala Harris,presidential-election-winner-2028
2025-08-16,0.029,Kamala Harris,presidential-election-winner-2028
2025-08-17,0.0285,Kamala Harris,presidential-election-winner-2028
2025-08-18,0.0275,Kamala Harris,presidential-election-winner-2028
2025-08-19,0.0275,Kamala Harris,presidential-election-winner-2028
2025-08-20,0.0275,Kamala Harris,presidential-election-winner-2028
2025-08-21,0.027,Kamala Harris,presidential-election-winner-2028
2025-08-22,0.027,Kamala Harris,presidential-election-winner-2028
2025-08-23,0.027,Kamala Harris,presidential-election-winner-2028
2025-08-24,0.027,Kamala Harris,presidential-election-winner-2028
2025-08-25,0.027,Kamala Harris,presidential-election-winner-2028
2025-08-26,0.0265,Kamala Harris,presidential-election-winner-2028
2025-08-27,0.0265,Kamala Harris,presidential-election-winner-2028
2025-08-28,0.0265,Kamala Harris,presidential-election-winner-2028
2025-08-29,0.0255,Kamala Harris,presidential-election-winner-2028
2025-08-30,0.026,Kamala Harris,presidential-election-winner-2028
2025-08-31,0.026,Kamala Harris,presidential-election-winner-2028
2025-09-01,0.026,Kamala Harris,presidential-election-winner-2028
2025-09-02,0.0255,Kamala Harris,presidential-election-winner-2028
2025-09-03,0.026,Kamala Harris,presidential-election-winner-2028
2025-09-04,0.0255,Kamala Harris,presidential-election-winner-2028
2025-09-05,0.0255,Kamala Harris,presidential-election-winner-2028
2025-09-06,0.0245,Kamala Harris,presidential-election-winner-2028
2025-09-07,0.0245,Kamala Harris,presidential-election-winner-2028
2025-09-08,0.0245,Kamala Harris,presidential-election-winner-2028
2025-09-09,0.0235,Kamala Harris,presidential-election-winner-2028
2025-09-10,0.024,Kamala Harris,presidential-election-winner-2028
2025-09-11,0.024,Kamala Harris,presidential-election-winner-2028
2025-09-12,0.024,Kamala Harris,presidential-election-winner-2028
2025-09-13,0.0235,Kamala Harris,presidential-election-winner-2028
2025-09-14,0.024,Kamala Harris,presidential-election-winner-2028
2025-09-15,0.0235,Kamala Harris,presidential-election-winner-2028
2025-09-16,0.024,Kamala Harris,presidential-election-winner-2028
2025-09-17,0.0235,Kamala Harris,presidential-election-winner-2028
2025-09-18,0.025,Kamala Harris,presidential-election-winner-2028
2025-09-19,0.0245,Kamala Harris,presidential-election-winner-2028
2025-09-20,0.0225,Kamala Harris,presidential-election-winner-2028
2025-09-21,0.0225,Kamala Harris,presidential-election-winner-2028
2025-09-22,0.0225,Kamala Harris,presidential-election-winner-2028
2025-09-23,0.0225,Kamala Harris,presidential-election-winner-2028
2025-09-24,0.0225,Kamala Harris,presidential-election-winner-2028
2025-09-25,0.0215,Kamala Harris,presidential-election-winner-2028
2025-09-26,0.02,Kamala Harris,presidential-election-winner-2028
2025-09-27,0.021,Kamala Harris,presidential-election-winner-2028
2025-09-28,0.022,Kamala Harris,presidential-election-winner-2028
2025-09-29,0.02,Kamala Harris,presidential-election-winner-2028
2025-09-30,0.0215,Kamala Harris,presidential-election-winner-2028
2025-10-01,0.0215,Kamala Harris,presidential-election-winner-2028
2025-10-02,0.0205,Kamala Harris,presidential-election-winner-2028
2025-10-03,0.0205,Kamala Harris,presidential-election-winner-2028
2025-10-04,0.0205,Kamala Harris,presidential-election-winner-2028
2025-10-05,0.0205,Kamala Harris,presidential-election-winner-2028
2025-10-06,0.02,Kamala Harris,presidential-election-winner-2028
2025-10-07,0.02,Kamala Harris,presidential-election-winner-2028
2025-10-08,0.02,Kamala Harris,presidential-election-winner-2028
2025-10-09,0.0195,Kamala Harris,presidential-election-winner-2028
2025-10-10,0.0195,Kamala Harris,presidential-election-winner-2028
2025-10-11,0.0185,Kamala Harris,presidential-election-winner-2028
2025-10-12,0.0205,Kamala Harris,presidential-election-winner-2028
2025-10-13,0.0185,Kamala Harris,presidential-election-winner-2028
2025-10-14,0.0185,Kamala Harris,presidential-election-winner-2028
2025-10-15,0.0185,Kamala Harris,presidential-election-winner-2028
2025-10-16,0.018,Kamala Harris,presidential-election-winner-2028
2025-10-17,0.018,Kamala Harris,presidential-election-winner-2028
2025-10-18,0.018,Kamala Harris,presidential-election-winner-2028
2025-10-19,0.018,Kamala Harris,presidential-election-winner-2028
2025-10-20,0.0185,Kamala Harris,presidential-election-winner-2028
2025-10-21,0.0195,Kamala Harris,presidential-election-winner-2028
2025-10-22,0.0185,Kamala Harris,presidential-election-winner-2028
2025-10-23,0.0175,Kamala Harris,presidential-election-winner-2028
2025-10-24,0.0175,Kamala Harris,presidential-election-winner-2028
2025-10-25,0.0175,Kamala Harris,presidential-election-winner-2028
2025-10-26,0.0185,Kamala Harris,presidential-election-winner-2028
2025-10-27,0.017,Kamala Harris,presidential-election-winner-2028
2025-10-28,0.0235,Kamala Harris,presidential-election-winner-2028
2025-10-29,0.025,Kamala Harris,presidential-election-winner-2028
2025-10-30,0.0225,Kamala Harris,presidential-election-winner-2028
2025-10-31,0.0265,Kamala Harris,presidential-election-winner-2028
2025-11-01,0.0255,Kamala Harris,presidential-election-winner-2028
2025-11-02,0.0225,Kamala Harris,presidential-election-winner-2028
2025-11-03,0.0225,Kamala Harris,presidential-election-winner-2028
2025-11-04,0.0225,Kamala Harris,presidential-election-winner-2028
2025-11-05,0.022,Kamala Harris,presidential-election-winner-2028
2025-11-06,0.019,Kamala Harris,presidential-election-winner-2028
2025-11-07,0.0195,Kamala Harris,presidential-election-winner-2028
2025-11-08,0.0225,Kamala Harris,presidential-election-winner-2028
2025-11-09,0.0255,Kamala Harris,presidential-election-winner-2028
2025-11-10,0.0255,Kamala Harris,presidential-election-winner-2028
2025-11-11,0.025,Kamala Harris,presidential-election-winner-2028
2025-11-12,0.0265,Kamala Harris,presidential-election-winner-2028
2025-11-13,0.026,Kamala Harris,presidential-election-winner-2028
2025-11-14,0.031,Kamala Harris,presidential-election-winner-2028
2025-11-15,0.0285,Kamala Harris,presidential-election-winner-2028
2025-11-16,0.029,Kamala Harris,presidential-election-winner-2028
2025-11-17,0.0265,Kamala Harris,presidential-election-winner-2028
2025-11-18,0.0275,Kamala Harris,presidential-election-winner-2028
2025-11-19,0.0265,Kamala Harris,presidential-election-winner-2028
2025-11-20,0.0275,Kamala Harris,presidential-election-winner-2028
2025-11-21,0.0255,Kamala Harris,presidential-election-winner-2028
2025-11-22,0.0295,Kamala Harris,presidential-election-winner-2028
2025-11-23,0.03,Kamala Harris,presidential-election-winner-2028
2025-11-24,0.0325,Kamala Harris,presidential-election-winner-2028
2025-11-25,0.0295,Kamala Harris,presidential-election-winner-2028
2025-11-26,0.0285,Kamala Harris,presidential-election-winner-2028
2025-11-27,0.039,Kamala Harris,presidential-election-winner-2028
2025-11-28,0.038,Kamala Harris,presidential-election-winner-2028
2025-11-29,0.0375,Kamala Harris,presidential-election-winner-2028
2025-11-30,0.0405,Kamala Harris,presidential-election-winner-2028
2025-12-01,0.0395,Kamala Harris,presidential-election-winner-2028
2025-12-02,0.0395,Kamala Harris,presidential-election-winner-2028
2025-12-03,0.0435,Kamala Harris,presidential-election-winner-2028
2025-12-04,0.0405,Kamala Harris,presidential-election-winner-2028
2025-12-05,0.0415,Kamala Harris,presidential-election-winner-2028
2025-12-06,0.0425,Kamala Harris,presidential-election-winner-2028
2025-12-07,0.043,Kamala Harris,presidential-election-winner-2028
2025-12-08,0.0385,Kamala Harris,presidential-election-winner-2028
2025-12-09,0.0385,Kamala Harris,presidential-election-winner-2028
2025-12-10,0.0365,Kamala Harris,presidential-election-winner-2028
2025-12-11,0.037,Kamala Harris,presidential-election-winner-2028
2025-12-12,0.0355,Kamala Harris,presidential-election-winner-2028
2025-12-13,0.038,Kamala Harris,presidential-election-winner-2028
2025-12-14,0.0375,Kamala Harris,presidential-election-winner-2028
2025-12-15,0.038,Kamala Harris,presidential-election-winner-2028
2025-12-16,0.0385,Kamala Harris,presidential-election-winner-2028
2025-12-17,0.0375,Kamala Harris,presidential-election-winner-2028
2025-12-18,0.0375,Kamala Harris,presidential-election-winner-2028
2025-12-19,0.0395,Kamala Harris,presidential-election-winner-2028
2025-12-20,0.0395,Kamala Harris,presidential-election-winner-2028
2025-12-21,0.0395,Kamala Harris,presidential-election-winner-2028
2025-12-22,0.0385,Kamala Harris,presidential-election-winner-2028
2025-12-23,0.0355,Kamala Harris,presidential-election-winner-2028
2025-12-24,0.0355,Kamala Harris,presidential-election-winner-2028
2025-12-25,0.035,Kamala Harris,presidential-election-winner-2028
2025-12-26,0.0345,Kamala Harris,presidential-election-winner-2028
2025-12-27,0.0315,Kamala Harris,presidential-election-winner-2028
2025-12-28,0.0325,Kamala Harris,presidential-election-winner-2028
2025-12-29,0.0335,Kamala Harris,presidential-election-winner-2028
2025-12-30,0.0315,Kamala Harris,presidential-election-winner-2028
2025-12-31,0.0305,Kamala Harris,presidential-election-winner-2028
2026-01-01,0.0305,Kamala Harris,presidential-election-winner-2028
2026-01-02,0.0305,Kamala Harris,presidential-election-winner-2028
2026-01-03,0.0305,Kamala Harris,presidential-election-winner-2028
2026-01-04,0.03,Kamala Harris,presidential-election-winner-2028
2026-01-05,0.026,Kamala Harris,presidential-election-winner-2028
2026-01-06,0.0245,Kamala Harris,presidential-election-winner-2028
2026-01-07,0.0245,Kamala Harris,presidential-election-winner-2028
2026-01-08,0.0225,Kamala Harris,presidential-election-winner-2028
2026-01-09,0.0215,Kamala Harris,presidential-election-winner-2028
2026-01-10,0.0225,Kamala Harris,presidential-election-winner-2028
2026-01-11,0.023,Kamala Harris,presidential-election-winner-2028
2026-01-12,0.0235,Kamala Harris,presidential-election-winner-2028
2026-01-13,0.0245,Kamala Harris,presidential-election-winner-2028
2026-01-14,0.0255,Kamala Harris,presidential-election-winner-2028
2026-01-15,0.0255,Kamala Harris,presidential-election-winner-2028
2026-01-16,0.0255,Kamala Harris,presidential-election-winner-2028
2026-01-17,0.0235,Kamala Harris,presidential-election-winner-2028
2026-01-18,0.0205,Kamala Harris,presidential-election-winner-2028
2026-01-19,0.0225,Kamala Harris,presidential-election-winner-2028
2026-01-20,0.0275,Kamala Harris,presidential-election-winner-2028
2026-01-21,0.0255,Kamala Harris,presidential-election-winner-2028
2026-01-22,0.0245,Kamala Harris,presidential-election-winner-2028
2026-01-23,0.0255,Kamala Harris,presidential-election-winner-2028
2026-01-24,0.0245,Kamala Harris,presidential-election-winner-2028
2026-01-25,0.0275,Kamala Harris,presidential-election-winner-2028
2026-01-26,0.0285,Kamala Harris,presidential-election-winner-2028
2026-01-27,0.0265,Kamala Harris,presidential-election-winner-2028
2026-01-28,0.0265,Kamala Harris,presidential-election-winner-2028
2026-01-29,0.0295,Kamala Harris,presidential-election-winner-2028
2026-01-30,0.035,Kamala Harris,presidential-election-winner-2028
2026-01-31,0.0355,Kamala Harris,presidential-election-winner-2028
2026-02-01,0.035,Kamala Harris,presidential-election-winner-2028
2026-02-02,0.0345,Kamala Harris,presidential-election-winner-2028
2026-02-03,0.0315,Kamala Harris,presidential-election-winner-2028
2026-02-04,0.0345,Kamala Harris,presidential-election-winner-2028
2026-02-05,0.0345,Kamala Harris,presidential-election-winner-2028
2026-02-06,0.047,Kamala Harris,presidential-election-winner-2028
2026-02-07,0.0335,Kamala Harris,presidential-election-winner-2028
2026-02-08,0.0335,Kamala Harris,presidential-election-winner-2028
2026-02-09,0.0325,Kamala Harris,presidential-election-winner-2028
2026-02-10,0.0325,Kamala Harris,presidential-election-winner-2028
2026-02-11,0.0335,Kamala Harris,presidential-election-winner-2028
2026-02-12,0.033,Kamala Harris,presidential-election-winner-2028
2026-02-13,0.031,Kamala Harris,presidential-election-winner-2028
2026-02-14,0.0305,Kamala Harris,presidential-election-winner-2028
2026-02-15,0.0315,Kamala Harris,presidential-election-winner-2028
2026-02-16,0.0295,Kamala Harris,presidential-election-winner-2028
2026-02-17,0.0405,Kamala Harris,presidential-election-winner-2028
2026-02-18,0.0385,Kamala Harris,presidential-election-winner-2028
2026-02-19,0.037,Kamala Harris,presidential-election-winner-2028
2026-02-20,0.0345,Kamala Harris,presidential-election-winner-2028
2026-02-21,0.033,Kamala Harris,presidential-election-winner-2028
2026-02-22,0.036,Kamala Harris,presidential-election-winner-2028
2026-02-23,0.0335,Kamala Harris,presidential-election-winner-2028
2026-02-24,0.034,Kamala Harris,presidential-election-winner-2028
2026-02-25,0.036,Kamala Harris,presidential-election-winner-2028
2026-02-26,0.0335,Kamala Harris,presidential-election-winner-2028
2026-02-27,0.036,Kamala Harris,presidential-election-winner-2028
2026-02-28,0.036,Kamala Harris,presidential-election-winner-2028
2026-03-01,0.0335,Kamala Harris,presidential-election-winner-2028
2026-03-02,0.035,Kamala Harris,presidential-election-winner-2028
2026-03-03,0.034,Kamala Harris,presidential-election-winner-2028
2026-03-04,0.0345,Kamala Harris,presidential-election-winner-2028
2026-03-05,0.0325,Kamala Harris,presidential-election-winner-2028
2026-03-06,0.0305,Kamala Harris,presidential-election-winner-2028
2026-03-07,0.0305,Kamala Harris,presidential-election-winner-2028
2026-03-08,0.0305,Kamala Harris,presidential-election-winner-2028
2026-03-09,0.0295,Kamala Harris,presidential-election-winner-2028
2026-03-10,0.034,Kamala Harris,presidential-election-winner-2028
2026-03-11,0.0325,Kamala Harris,presidential-election-winner-2028
2026-03-12,0.0325,Kamala Harris,presidential-election-winner-2028
2026-03-14,0.0325,Kamala Harris,presidential-election-winner-2028
2026-03-15,0.0325,Kamala Harris,presidential-election-winner-2028
2026-03-16,0.0335,Kamala Harris,presidential-election-winner-2028
2026-03-17,0.0325,Kamala Harris,presidential-election-winner-2028
2026-03-18,0.033,Kamala Harris,presidential-election-winner-2028
2026-03-19,0.0325,Kamala Harris,presidential-election-winner-2028
2026-03-20,0.0325,Kamala Harris,presidential-election-winner-2028
2026-03-21,0.031,Kamala Harris,presidential-election-winner-2028
2026-03-22,0.0305,Kamala Harris,presidential-election-winner-2028
2026-03-23,0.0305,Kamala Harris,presidential-election-winner-2028
2026-03-24,0.0305,Kamala Harris,presidential-election-winner-2028
2026-03-25,0.0305,Kamala Harris,presidential-election-winner-2028
2026-03-26,0.0305,Kamala Harris,presidential-election-winner-2028
2026-03-27,0.0315,Kamala Harris,presidential-election-winner-2028
2026-03-28,0.032,Kamala Harris,presidential-election-winner-2028
2026-03-29,0.0315,Kamala Harris,presidential-election-winner-2028
2026-03-30,0.0315,Kamala Harris,presidential-election-winner-2028
2026-03-31,0.0315,Kamala Harris,presidential-election-winner-2028
2026-04-01,0.031,Kamala Harris,presidential-election-winner-2028
2026-04-02,0.0305,Kamala Harris,presidential-election-winner-2028
2026-04-09,0.0295,Kamala Harris,presidential-election-winner-2028
2026-04-18,0.0445,Kamala Harris,presidential-election-winner-2028
2026-04-22,0.0415,Kamala Harris,presidential-election-winner-2028
2026-04-23,0.0395,Kamala Harris,presidential-election-winner-2028
2026-04-24,0.0405,Kamala Harris,presidential-election-winner-2028
2026-04-25,0.037,Kamala Harris,presidential-election-winner-2028
2026-04-26,0.0425,Kamala Harris,presidential-election-winner-2028
2026-04-27,0.0435,Kamala Harris,presidential-election-winner-2028
2026-04-28,0.0475,Kamala Harris,presidential-election-winner-2028
2026-04-29,0.0475,Kamala Harris,presidential-election-winner-2028
2026-04-30,0.0485,Kamala Harris,presidential-election-winner-2028
2026-05-01,0.0505,Kamala Harris,presidential-election-winner-2028
2026-05-02,0.0535,Kamala Harris,presidential-election-winner-2028
2026-05-03,0.054,Kamala Harris,presidential-election-winner-2028
2026-05-04,0.0525,Kamala Harris,presidential-election-winner-2028
2026-05-05,0.052,Kamala Harris,presidential-election-winner-2028
2026-05-06,0.051,Kamala Harris,presidential-election-winner-2028
2026-05-07,0.0515,Kamala Harris,presidential-election-winner-2028
2026-05-08,0.053,Kamala Harris,presidential-election-winner-2028
2026-05-09,0.053,Kamala Harris,presidential-election-winner-2028
2026-05-10,0.0525,Kamala Harris,presidential-election-winner-2028
2026-05-11,0.0535,Kamala Harris,presidential-election-winner-2028
2026-05-12,0.0535,Kamala Harris,presidential-election-winner-2028
2026-05-13,0.0525,Kamala Harris,presidential-election-winner-2028
2026-05-14,0.0525,Kamala Harris,presidential-election-winner-2028
2026-05-15,0.0515,Kamala Harris,presidential-election-winner-2028
2026-05-16,0.0515,Kamala Harris,presidential-election-winner-2028
2026-05-17,0.0545,Kamala Harris,presidential-election-winner-2028
2026-05-18,0.0655,Kamala Harris,presidential-election-winner-2028
2026-05-19,0.0625,Kamala Harris,presidential-election-winner-2028
2026-05-20,0.0645,Kamala Harris,presidential-election-winner-2028
2026-05-21,0.062,Kamala Harris,presidential-election-winner-2028
2026-05-22,0.062,Kamala Harris,presidential-election-winner-2028
2026-05-23,0.076,Kamala Harris,presidential-election-winner-2028
2026-05-24,0.067,Kamala Harris,presidential-election-winner-2028
2026-05-25,0.0645,Kamala Harris,presidential-election-winner-2028
2026-05-26,0.0665,Kamala Harris,presidential-election-winner-2028
2026-05-27,0.063,Kamala Harris,presidential-election-winner-2028
2026-05-28,0.06,Kamala Harris,presidential-election-winner-2028
2026-05-29,0.0585,Kamala Harris,presidential-election-winner-2028
2026-05-30,0.059,Kamala Harris,presidential-election-winner-2028
2026-05-31,0.0575,Kamala Harris,presidential-election-winner-2028
2026-06-01,0.0575,Kamala Harris,presidential-election-winner-2028
2026-06-02,0.0545,Kamala Harris,presidential-election-winner-2028
2026-06-03,0.0545,Kamala Harris,presidential-election-winner-2028
2026-06-04,0.0545,Kamala Harris,presidential-election-winner-2028
2026-06-05,0.0545,Kamala Harris,presidential-election-winner-2028
2026-06-06,0.0545,Kamala Harris,presidential-election-winner-2028
2026-06-07,0.0545,Kamala Harris,presidential-election-winner-2028
2026-06-08,0.0535,Kamala Harris,presidential-election-winner-2028
2026-06-09,0.0515,Kamala Harris,presidential-election-winner-2028
2026-06-10,0.051,Kamala Harris,presidential-election-winner-2028
2026-06-11,0.0505,Kamala Harris,presidential-election-winner-2028
2026-06-12,0.0505,Kamala Harris,presidential-election-winner-2028
2026-06-13,0.0515,Kamala Harris,presidential-election-winner-2028
2026-06-14,0.0515,Kamala Harris,presidential-election-winner-2028
2026-06-15,0.0505,Kamala Harris,presidential-election-winner-2028
2026-06-16,0.0515,Kamala Harris,presidential-election-winner-2028
2026-06-17,0.0515,Kamala Harris,presidential-election-winner-2028
2026-06-18,0.0505,Kamala Harris,presidential-election-winner-2028
2026-06-19,0.0505,Kamala Harris,presidential-election-winner-2028
2026-06-20,0.0495,Kamala Harris,presidential-election-winner-2028
2026-06-21,0.0455,Kamala Harris,presidential-election-winner-2028
2026-06-22,0.0455,Kamala Harris,presidential-election-winner-2028
2026-06-23,0.0455,Kamala Harris,presidential-election-winner-2028
2026-06-24,0.0435,Kamala Harris,presidential-election-winner-2028
2026-06-25,0.0435,Kamala Harris,presidential-election-winner-2028
2026-06-26,0.0435,Kamala Harris,presidential-election-winner-2028
2026-06-27,0.0445,Kamala Harris,presidential-election-winner-2028
2026-06-28,0.0445,Kamala Harris,presidential-election-winner-2028
2026-06-29,0.044,Kamala Harris,presidential-election-winner-2028
2026-06-30,0.0385,Kamala Harris,presidential-election-winner-2028
2026-07-01,0.0365,Kamala Harris,presidential-election-winner-2028
2026-07-02,0.0355,Kamala Harris,presidential-election-winner-2028
2026-07-03,0.0355,Kamala Harris,presidential-election-winner-2028
2026-07-04,0.0355,Kamala Harris,presidential-election-winner-2028
2026-07-05,0.0385,Kamala Harris,presidential-election-winner-2028
2026-07-06,0.0425,Kamala Harris,presidential-election-winner-2028
2026-07-07,0.0385,Kamala Harris,presidential-election-winner-2028
2026-07-08,0.0375,Kamala Harris,presidential-election-winner-2028
2026-07-09,0.0395,Kamala Harris,presidential-election-winner-2028
2026-07-10,0.0415,Kamala Harris,presidential-election-winner-2028
2026-07-11,0.0415,Kamala Harris,presidential-election-winner-2028
2026-07-12,0.0425,Kamala Harris,presidential-election-winner-2028
2026-07-13,0.0515,Kamala Harris,presidential-election-winner-2028
2026-07-14,0.0505,Kamala Harris,presidential-election-winner-2028
2026-07-15,0.05,Kamala Harris,presidential-election-winner-2028
2026-07-16,0.051,Kamala Harris,presidential-election-winner-2028
2026-07-17,0.0505,Kamala Harris,presidential-election-winner-2028
2026-07-18,0.05,Kamala Harris,presidential-election-winner-2028
2026-07-19,0.0505,Kamala Harris,presidential-election-winner-2028
2026-07-20,0.05,Kamala Harris,presidential-election-winner-2028
2026-07-21,0.0505,Kamala Harris,presidential-election-winner-2028
2026-07-22,0.052,Kamala Harris,presidential-election-winner-2028
2026-07-23,0.053,Kamala Harris,presidential-election-winner-2028
2026-07-24,0.0495,Kamala Harris,presidential-election-winner-2028
2026-07-25,0.0495,Kamala Harris,presidential-election-winner-2028
2026-07-26,0.0485,Kamala Harris,presidential-election-winner-2028
2026-07-27,0.0485,Kamala Harris,presidential-election-winner-2028
2026-07-28,0.0485,Kamala Harris,presidential-election-winner-2028
2026-07-30,0.0485,Kamala Harris,presidential-election-winner-2028
2026-07-31,0.0485,Kamala Harris,presidential-election-winner-2028
2026-08-01,0.0485,Kamala Harris,presidential-election-winner-2028
2026-08-02,0.0485,Kamala Harris,presidential-election-winner-2028
2026-08-03,0.0475,Kamala Harris,presidential-election-winner-2028
2026-08-04,0.0465,Kamala Harris,presidential-election-winner-2028
2026-08-05,0.0445,Kamala Harris,presidential-election-winner-2028
2026-08-06,0.0445,Kamala Harris,presidential-election-winner-2028
2026-08-07,0.0425,Kamala Harris,presidential-election-winner-2028
2026-08-08,0.0425,Kamala Harris,presidential-election-winner-2028
2026-08-09,0.0425,Kamala Harris,presidential-election-winner-2028
2026-08-10,0.0455,Kamala Harris,presidential-election-winner-2028
2026-08-11,0.0455,Kamala Harris,presidential-election-winner-2028
2026-08-12,0.046,Kamala Harris,presidential-election-winner-2028
2026-08-13,0.0465,Kamala Harris,presidential-election-winner-2028
2026-08-14,0.0445,Kamala Harris,presidential-election-winner-2028
2026-08-15,0.0385,Kamala Harris,presidential-election-winner-2028
2026-08-16,0.0415,Kamala Harris,presidential-election-winner-2028
2026-08-17,0.0385,Kamala Harris,presidential-election-winner-2028
2026-08-18,0.0365,Kamala Harris,presidential-election-winner-2028
2026-08-19,0.0375,Kamala Harris,presidential-election-winner-2028
2026-08-20,0.0375,Kamala Harris,presidential-election-winner-2028
2026-08-21,0.0375,Kamala Harris,presidential-election-winner-2028
2026-08-22,0.0375,Kamala Harris,presidential-election-winner-2028
2026-08-23,0.0375,Kamala Harris,presidential-election-winner-2028
2026-08-24,0.0375,Kamala Harris,presidential-election-winner-2028
2026-08-25,0.0325,Kamala Harris,presidential-election-winner-2028
2026-02-12,0.024,Jon Ossoff,presidential-election-winner-2028
2026-02-13,0.0255,Jon Ossoff,presidential-election-winner-2028
2026-02-14,0.014,Jon Ossoff,presidential-election-winner-2028
2026-02-15,0.0175,Jon Ossoff,presidential-election-winner-2028
2026-02-16,0.0165,Jon Ossoff,presidential-election-winner-2028
2026-02-17,0.0175,Jon Ossoff,presidential-election-winner-2028
2026-02-18,0.0175,Jon Ossoff,presidential-election-winner-2028
2026-02-19,0.0185,Jon Ossoff,presidential-election-winner-2028
2026-02-20,0.0195,Jon Ossoff,presidential-election-winner-2028
2026-02-21,0.0205,Jon Ossoff,presidential-election-winner-2028
2026-02-22,0.0205,Jon Ossoff,presidential-election-winner-2028
2026-02-23,0.0195,Jon Ossoff,presidential-election-winner-2028
2026-02-24,0.0205,Jon Ossoff,presidential-election-winner-2028
2026-02-25,0.0205,Jon Ossoff,presidential-election-winner-2028
2026-02-26,0.0205,Jon Ossoff,presidential-election-winner-2028
2026-02-27,0.0205,Jon Ossoff,presidential-election-winner-2028
2026-02-28,0.021,Jon Ossoff,presidential-election-winner-2028
2026-03-01,0.0185,Jon Ossoff,presidential-election-winner-2028
2026-03-02,0.0165,Jon Ossoff,presidential-election-winner-2028
2026-03-03,0.0185,Jon Ossoff,presidential-election-winner-2028
2026-03-04,0.0195,Jon Ossoff,presidential-election-winner-2028
2026-03-05,0.0225,Jon Ossoff,presidential-election-winner-2028
2026-03-06,0.0225,Jon Ossoff,presidential-election-winner-2028
2026-03-07,0.0225,Jon Ossoff,presidential-election-winner-2028
2026-03-08,0.0255,Jon Ossoff,presidential-election-winner-2028
2026-03-09,0.024,Jon Ossoff,presidential-election-winner-2028
2026-03-10,0.0215,Jon Ossoff,presidential-election-winner-2028
2026-03-11,0.0205,Jon Ossoff,presidential-election-winner-2028
2026-03-12,0.022,Jon Ossoff,presidential-election-winner-2028
2026-03-13,0.022,Jon Ossoff,presidential-election-winner-2028
2026-03-14,0.0235,Jon Ossoff,presidential-election-winner-2028
2026-03-15,0.0245,Jon Ossoff,presidential-election-winner-2028
2026-03-17,0.028,Jon Ossoff,presidential-election-winner-2028
2026-03-18,0.0295,Jon Ossoff,presidential-election-winner-2028
2026-03-19,0.0345,Jon Ossoff,presidential-election-winner-2028
2026-03-20,0.0365,Jon Ossoff,presidential-election-winner-2028
2026-03-21,0.0435,Jon Ossoff,presidential-election-winner-2028
2026-03-22,0.039,Jon Ossoff,presidential-election-winner-2028
2026-03-23,0.031,Jon Ossoff,presidential-election-winner-2028
2026-03-24,0.0305,Jon Ossoff,presidential-election-winner-2028
2026-03-25,0.0305,Jon Ossoff,presidential-election-winner-2028
2026-03-26,0.0305,Jon Ossoff,presidential-election-winner-2028
2026-03-27,0.0325,Jon Ossoff,presidential-election-winner-2028
2026-03-28,0.0345,Jon Ossoff,presidential-election-winner-2028
2026-04-05,0.0345,Jon Ossoff,presidential-election-winner-2028
2026-04-09,0.043,Jon Ossoff,presidential-election-winner-2028
2026-04-12,0.0435,Jon Ossoff,presidential-election-winner-2028
2026-04-18,0.0375,Jon Ossoff,presidential-election-winner-2028
2026-04-22,0.0405,Jon Ossoff,presidential-election-winner-2028
2026-04-23,0.041,Jon Ossoff,presidential-election-winner-2028
2026-04-24,0.0355,Jon Ossoff,presidential-election-winner-2028
2026-04-25,0.0375,Jon Ossoff,presidential-election-winner-2028
2026-04-26,0.0365,Jon Ossoff,presidential-election-winner-2028
2026-04-27,0.0385,Jon Ossoff,presidential-election-winner-2028
2026-04-28,0.0395,Jon Ossoff,presidential-election-winner-2028
2026-04-29,0.0425,Jon Ossoff,presidential-election-winner-2028
2026-04-30,0.043,Jon Ossoff,presidential-election-winner-2028
2026-05-01,0.0465,Jon Ossoff,presidential-election-winner-2028
2026-05-02,0.0485,Jon Ossoff,presidential-election-winner-2028
2026-05-03,0.0465,Jon Ossoff,presidential-election-winner-2028
2026-05-04,0.0455,Jon Ossoff,presidential-election-winner-2028
2026-05-05,0.045,Jon Ossoff,presidential-election-winner-2028
2026-05-06,0.0445,Jon Ossoff,presidential-election-winner-2028
2026-05-07,0.0435,Jon Ossoff,presidential-election-winner-2028
2026-05-08,0.0405,Jon Ossoff,presidential-election-winner-2028
2026-05-09,0.0385,Jon Ossoff,presidential-election-winner-2028
2026-05-10,0.0375,Jon Ossoff,presidential-election-winner-2028
2026-05-11,0.0385,Jon Ossoff,presidential-election-winner-2028
2026-05-12,0.0365,Jon Ossoff,presidential-election-winner-2028
2026-05-13,0.0365,Jon Ossoff,presidential-election-winner-2028
2026-05-14,0.0385,Jon Ossoff,presidential-election-winner-2028
2026-05-15,0.0365,Jon Ossoff,presidential-election-winner-2028
2026-05-16,0.0355,Jon Ossoff,presidential-election-winner-2028
2026-05-17,0.0355,Jon Ossoff,presidential-election-winner-2028
2026-05-18,0.0355,Jon Ossoff,presidential-election-winner-2028
2026-05-19,0.0345,Jon Ossoff,presidential-election-winner-2028
2026-05-20,0.0335,Jon Ossoff,presidential-election-winner-2028
2026-05-21,0.0345,Jon Ossoff,presidential-election-winner-2028
2026-05-22,0.0345,Jon Ossoff,presidential-election-winner-2028
2026-05-23,0.0345,Jon Ossoff,presidential-election-winner-2028
2026-05-24,0.0345,Jon Ossoff,presidential-election-winner-2028
2026-05-25,0.034,Jon Ossoff,presidential-election-winner-2028
2026-05-26,0.0355,Jon Ossoff,presidential-election-winner-2028
2026-05-27,0.0325,Jon Ossoff,presidential-election-winner-2028
2026-05-28,0.0325,Jon Ossoff,presidential-election-winner-2028
2026-05-29,0.0325,Jon Ossoff,presidential-election-winner-2028
2026-05-30,0.0315,Jon Ossoff,presidential-election-winner-2028
2026-05-31,0.0315,Jon Ossoff,presidential-election-winner-2028
2026-06-01,0.0315,Jon Ossoff,presidential-election-winner-2028
2026-06-02,0.0365,Jon Ossoff,presidential-election-winner-2028
2026-06-03,0.0375,Jon Ossoff,presidential-election-winner-2028
2026-06-04,0.0365,Jon Ossoff,presidential-election-winner-2028
2026-06-05,0.0405,Jon Ossoff,presidential-election-winner-2028
2026-06-06,0.0405,Jon Ossoff,presidential-election-winner-2028
2026-06-07,0.041,Jon Ossoff,presidential-election-winner-2028
2026-06-08,0.041,Jon Ossoff,presidential-election-winner-2028
2026-06-09,0.0415,Jon Ossoff,presidential-election-winner-2028
2026-06-10,0.043,Jon Ossoff,presidential-election-winner-2028
2026-06-11,0.0435,Jon Ossoff,presidential-election-winner-2028
2026-06-12,0.043,Jon Ossoff,presidential-election-winner-2028
2026-06-13,0.0435,Jon Ossoff,presidential-election-winner-2028
2026-06-14,0.0435,Jon Ossoff,presidential-election-winner-2028
2026-06-15,0.044,Jon Ossoff,presidential-election-winner-2028
2026-06-16,0.0445,Jon Ossoff,presidential-election-winner-2028
2026-06-17,0.0435,Jon Ossoff,presidential-election-winner-2028
2026-06-18,0.0515,Jon Ossoff,presidential-election-winner-2028
2026-06-19,0.0525,Jon Ossoff,presidential-election-winner-2028
2026-06-20,0.0605,Jon Ossoff,presidential-election-winner-2028
2026-06-21,0.0585,Jon Ossoff,presidential-election-winner-2028
2026-06-22,0.0595,Jon Ossoff,presidential-election-winner-2028
2026-06-23,0.0535,Jon Ossoff,presidential-election-winner-2028
2026-06-24,0.057,Jon Ossoff,presidential-election-winner-2028
2026-06-25,0.0605,Jon Ossoff,presidential-election-winner-2028
2026-06-26,0.06,Jon Ossoff,presidential-election-winner-2028
2026-06-27,0.059,Jon Ossoff,presidential-election-winner-2028
2026-06-28,0.0585,Jon Ossoff,presidential-election-winner-2028
2026-06-29,0.0575,Jon Ossoff,presidential-election-winner-2028
2026-06-30,0.0565,Jon Ossoff,presidential-election-winner-2028
2026-07-01,0.0775,Jon Ossoff,presidential-election-winner-2028
2026-07-02,0.0685,Jon Ossoff,presidential-election-winner-2028
2026-07-03,0.0665,Jon Ossoff,presidential-election-winner-2028
2026-07-04,0.0675,Jon Ossoff,presidential-election-winner-2028
2026-07-05,0.079,Jon Ossoff,presidential-election-winner-2028
2026-07-06,0.07,Jon Ossoff,presidential-election-winner-2028
2026-07-07,0.0725,Jon Ossoff,presidential-election-winner-2028
2026-07-08,0.0715,Jon Ossoff,presidential-election-winner-2028
2026-07-09,0.0715,Jon Ossoff,presidential-election-winner-2028
2026-07-10,0.0735,Jon Ossoff,presidential-election-winner-2028
2026-07-11,0.0735,Jon Ossoff,presidential-election-winner-2028
2026-07-12,0.0725,Jon Ossoff,presidential-election-winner-2028
2026-07-13,0.071,Jon Ossoff,presidential-election-winner-2028
2026-07-14,0.0725,Jon Ossoff,presidential-election-winner-2028
2026-07-15,0.0745,Jon Ossoff,presidential-election-winner-2028
2026-07-16,0.0745,Jon Ossoff,presidential-election-winner-2028
2026-07-17,0.0775,Jon Ossoff,presidential-election-winner-2028
2026-07-18,0.078,Jon Ossoff,presidential-election-winner-2028
2026-07-19,0.0765,Jon Ossoff,presidential-election-winner-2028
2026-07-20,0.077,Jon Ossoff,presidential-election-winner-2028
2026-07-21,0.081,Jon Ossoff,presidential-election-winner-2028
2026-07-22,0.0795,Jon Ossoff,presidential-election-winner-2028
2026-07-23,0.0845,Jon Ossoff,presidential-election-winner-2028
2026-07-24,0.0895,Jon Ossoff,presidential-election-winner-2028
2026-07-25,0.089,Jon Ossoff,presidential-election-winner-2028
2026-07-26,0.0875,Jon Ossoff,presidential-election-winner-2028
2026-07-28,0.0925,Jon Ossoff,presidential-election-winner-2028
2026-07-30,0.0925,Jon Ossoff,presidential-election-winner-2028
2026-07-31,0.0925,Jon Ossoff,presidential-election-winner-2028
2026-08-01,0.0935,Jon Ossoff,presidential-election-winner-2028
2026-08-02,0.0935,Jon Ossoff,presidential-election-winner-2028
2026-08-03,0.0935,Jon Ossoff,presidential-election-winner-2028
2026-08-04,0.0935,Jon Ossoff,presidential-election-winner-2028
2026-08-05,0.0905,Jon Ossoff,presidential-election-winner-2028
2026-08-06,0.094,Jon Ossoff,presidential-election-winner-2028
2026-08-07,0.0975,Jon Ossoff,presidential-election-winner-2028
2026-08-08,0.0955,Jon Ossoff,presidential-election-winner-2028
2026-08-09,0.0955,Jon Ossoff,presidential-election-winner-2028
2026-08-10,0.0955,Jon Ossoff,presidential-election-winner-2028
2026-08-11,0.0955,Jon Ossoff,presidential-election-winner-2028
2026-08-12,0.0955,Jon Ossoff,presidential-election-winner-2028
2026-08-13,0.0955,Jon Ossoff,presidential-election-winner-2028
2026-08-14,0.0935,Jon Ossoff,presidential-election-winner-2028
2026-08-15,0.0935,Jon Ossoff,presidential-election-winner-2028
2026-08-16,0.0935,Jon Ossoff,presidential-election-winner-2028
2026-08-17,0.0925,Jon Ossoff,presidential-election-winner-2028
2026-08-18,0.0925,Jon Ossoff,presidential-election-winner-2028
2026-08-19,0.0975,Jon Ossoff,presidential-election-winner-2028
2026-08-20,0.0975,Jon Ossoff,presidential-election-winner-2028
2026-08-21,0.0975,Jon Ossoff,presidential-election-winner-2028
2026-08-22,0.0975,Jon Ossoff,presidential-election-winner-2028
2026-08-23,0.0975,Jon Ossoff,presidential-election-winner-2028
2026-08-24,0.0975,Jon Ossoff,presidential-election-winner-2028
2026-08-25,0.0975,Jon Ossoff,presidential-election-winner-2028
2026-08-13,0.008,Mark Kelly,presidential-election-winner-2028
2026-08-14,0.012,Mark Kelly,presidential-election-winner-2028
2026-08-15,0.0095,Mark Kelly,presidential-election-winner-2028
2026-08-16,0.0095,Mark Kelly,presidential-election-winner-2028
2026-08-17,0.0115,Mark Kelly,presidential-election-winner-2028
2026-08-18,0.0125,Mark Kelly,presidential-election-winner-2028
2026-08-19,0.0115,Mark Kelly,presidential-election-winner-2028
2026-08-20,0.0125,Mark Kelly,presidential-election-winner-2028
2026-08-21,0.0125,Mark Kelly,presidential-election-winner-2028
2026-08-22,0.0135,Mark Kelly,presidential-election-winner-2028
2026-08-23,0.0145,Mark Kelly,presidential-election-winner-2028
2026-08-24,0.0145,Mark Kelly,presidential-election-winner-2028
2026-08-25,0.0145,Mark Kelly,presidential-election-winner-2028
2025-07-19,0.0645,Marco Rubio,republican-presidential-nominee-2028
2025-07-20,0.071,Marco Rubio,republican-presidential-nominee-2028
2025-07-21,0.074,Marco Rubio,republican-presidential-nominee-2028
2025-07-22,0.0715,Marco Rubio,republican-presidential-nominee-2028
2025-07-23,0.0705,Marco Rubio,republican-presidential-nominee-2028
2025-07-24,0.0685,Marco Rubio,republican-presidential-nominee-2028
2025-07-25,0.0685,Marco Rubio,republican-presidential-nominee-2028
2025-07-26,0.0685,Marco Rubio,republican-presidential-nominee-2028
2025-07-27,0.065,Marco Rubio,republican-presidential-nominee-2028
2025-07-28,0.065,Marco Rubio,republican-presidential-nominee-2028
2025-07-29,0.1365,Marco Rubio,republican-presidential-nominee-2028
2025-07-30,0.123,Marco Rubio,republican-presidential-nominee-2028
2025-07-31,0.122,Marco Rubio,republican-presidential-nominee-2028
2025-08-01,0.1135,Marco Rubio,republican-presidential-nominee-2028
2025-08-02,0.107,Marco Rubio,republican-presidential-nominee-2028
2025-08-03,0.1065,Marco Rubio,republican-presidential-nominee-2028
2025-08-04,0.1075,Marco Rubio,republican-presidential-nominee-2028
2025-08-05,0.1045,Marco Rubio,republican-presidential-nominee-2028
2025-08-06,0.105,Marco Rubio,republican-presidential-nominee-2028
2025-08-07,0.1035,Marco Rubio,republican-presidential-nominee-2028
2025-08-08,0.1035,Marco Rubio,republican-presidential-nominee-2028
2025-08-09,0.102,Marco Rubio,republican-presidential-nominee-2028
2025-08-10,0.1,Marco Rubio,republican-presidential-nominee-2028
2025-08-11,0.0955,Marco Rubio,republican-presidential-nominee-2028
2025-08-12,0.0955,Marco Rubio,republican-presidential-nominee-2028
2025-08-13,0.0955,Marco Rubio,republican-presidential-nominee-2028
2025-08-14,0.0955,Marco Rubio,republican-presidential-nominee-2028
2025-08-15,0.0955,Marco Rubio,republican-presidential-nominee-2028
2025-08-16,0.095,Marco Rubio,republican-presidential-nominee-2028
2025-08-17,0.0945,Marco Rubio,republican-presidential-nominee-2028
2025-08-18,0.097,Marco Rubio,republican-presidential-nominee-2028
2025-08-19,0.0985,Marco Rubio,republican-presidential-nominee-2028
2025-08-20,0.0975,Marco Rubio,republican-presidential-nominee-2028
2025-08-21,0.095,Marco Rubio,republican-presidential-nominee-2028
2025-08-22,0.0945,Marco Rubio,republican-presidential-nominee-2028
2025-08-23,0.094,Marco Rubio,republican-presidential-nominee-2028
2025-08-24,0.096,Marco Rubio,republican-presidential-nominee-2028
2025-08-25,0.0975,Marco Rubio,republican-presidential-nominee-2028
2025-08-26,0.097,Marco Rubio,republican-presidential-nominee-2028
2025-08-27,0.098,Marco Rubio,republican-presidential-nominee-2028
2025-08-28,0.098,Marco Rubio,republican-presidential-nominee-2028
2025-08-29,0.098,Marco Rubio,republican-presidential-nominee-2028
2025-08-30,0.098,Marco Rubio,republican-presidential-nominee-2028
2025-08-31,0.098,Marco Rubio,republican-presidential-nominee-2028
2025-09-01,0.0975,Marco Rubio,republican-presidential-nominee-2028
2025-09-02,0.098,Marco Rubio,republican-presidential-nominee-2028
2025-09-03,0.093,Marco Rubio,republican-presidential-nominee-2028
2025-09-04,0.093,Marco Rubio,republican-presidential-nominee-2028
2025-09-05,0.082,Marco Rubio,republican-presidential-nominee-2028
2025-09-06,0.082,Marco Rubio,republican-presidential-nominee-2028
2025-09-07,0.082,Marco Rubio,republican-presidential-nominee-2028
2025-09-08,0.082,Marco Rubio,republican-presidential-nominee-2028
2025-09-09,0.082,Marco Rubio,republican-presidential-nominee-2028
2025-09-10,0.086,Marco Rubio,republican-presidential-nominee-2028
2025-09-11,0.081,Marco Rubio,republican-presidential-nominee-2028
2025-09-12,0.0835,Marco Rubio,republican-presidential-nominee-2028
2025-09-13,0.0815,Marco Rubio,republican-presidential-nominee-2028
2025-09-14,0.082,Marco Rubio,republican-presidential-nominee-2028
2025-09-15,0.0825,Marco Rubio,republican-presidential-nominee-2028
2025-09-16,0.079,Marco Rubio,republican-presidential-nominee-2028
2025-09-17,0.078,Marco Rubio,republican-presidential-nominee-2028
2025-09-18,0.076,Marco Rubio,republican-presidential-nominee-2028
2025-09-19,0.074,Marco Rubio,republican-presidential-nominee-2028
2025-09-20,0.0745,Marco Rubio,republican-presidential-nominee-2028
2025-09-21,0.075,Marco Rubio,republican-presidential-nominee-2028
2025-09-22,0.0735,Marco Rubio,republican-presidential-nominee-2028
2025-09-23,0.074,Marco Rubio,republican-presidential-nominee-2028
2025-09-24,0.0735,Marco Rubio,republican-presidential-nominee-2028
2025-09-25,0.0735,Marco Rubio,republican-presidential-nominee-2028
2025-09-26,0.0735,Marco Rubio,republican-presidential-nominee-2028
2025-09-27,0.071,Marco Rubio,republican-presidential-nominee-2028
2025-09-28,0.0705,Marco Rubio,republican-presidential-nominee-2028
2025-09-29,0.069,Marco Rubio,republican-presidential-nominee-2028
2025-09-30,0.071,Marco Rubio,republican-presidential-nominee-2028
2025-10-01,0.0675,Marco Rubio,republican-presidential-nominee-2028
2025-10-02,0.067,Marco Rubio,republican-presidential-nominee-2028
2025-10-03,0.0675,Marco Rubio,republican-presidential-nominee-2028
2025-10-04,0.0725,Marco Rubio,republican-presidential-nominee-2028
2025-10-05,0.0675,Marco Rubio,republican-presidential-nominee-2028
2025-10-06,0.0675,Marco Rubio,republican-presidential-nominee-2028
2025-10-07,0.0675,Marco Rubio,republican-presidential-nominee-2028
2025-10-08,0.0675,Marco Rubio,republican-presidential-nominee-2028
2025-10-09,0.0655,Marco Rubio,republican-presidential-nominee-2028
2025-10-10,0.066,Marco Rubio,republican-presidential-nominee-2028
2025-10-11,0.066,Marco Rubio,republican-presidential-nominee-2028
2025-10-12,0.0675,Marco Rubio,republican-presidential-nominee-2028
2025-10-13,0.067,Marco Rubio,republican-presidential-nominee-2028
2025-10-14,0.0645,Marco Rubio,republican-presidential-nominee-2028
2025-10-15,0.0635,Marco Rubio,republican-presidential-nominee-2028
2025-10-16,0.0615,Marco Rubio,republican-presidential-nominee-2028
2025-10-17,0.062,Marco Rubio,republican-presidential-nominee-2028
2025-10-18,0.0755,Marco Rubio,republican-presidential-nominee-2028
2025-10-19,0.0725,Marco Rubio,republican-presidential-nominee-2028
2025-10-20,0.0735,Marco Rubio,republican-presidential-nominee-2028
2025-10-21,0.07,Marco Rubio,republican-presidential-nominee-2028
2025-10-22,0.068,Marco Rubio,republican-presidential-nominee-2028
2025-10-23,0.0655,Marco Rubio,republican-presidential-nominee-2028
2025-10-24,0.0665,Marco Rubio,republican-presidential-nominee-2028
2025-10-25,0.068,Marco Rubio,republican-presidential-nominee-2028
2025-10-26,0.0665,Marco Rubio,republican-presidential-nominee-2028
2025-10-27,0.067,Marco Rubio,republican-presidential-nominee-2028
2025-10-28,0.0675,Marco Rubio,republican-presidential-nominee-2028
2025-10-29,0.0675,Marco Rubio,republican-presidential-nominee-2028
2025-10-30,0.0675,Marco Rubio,republican-presidential-nominee-2028
2025-10-31,0.0655,Marco Rubio,republican-presidential-nominee-2028
2025-11-01,0.0735,Marco Rubio,republican-presidential-nominee-2028
2025-11-02,0.072,Marco Rubio,republican-presidential-nominee-2028
2025-11-03,0.07,Marco Rubio,republican-presidential-nominee-2028
2025-11-04,0.083,Marco Rubio,republican-presidential-nominee-2028
2025-11-05,0.087,Marco Rubio,republican-presidential-nominee-2028
2025-11-06,0.086,Marco Rubio,republican-presidential-nominee-2028
2025-11-07,0.0865,Marco Rubio,republican-presidential-nominee-2028
2025-11-08,0.0805,Marco Rubio,republican-presidential-nominee-2028
2025-11-09,0.0785,Marco Rubio,republican-presidential-nominee-2028
2025-11-10,0.0775,Marco Rubio,republican-presidential-nominee-2028
2025-11-11,0.078,Marco Rubio,republican-presidential-nominee-2028
2025-11-12,0.078,Marco Rubio,republican-presidential-nominee-2028
2025-11-13,0.079,Marco Rubio,republican-presidential-nominee-2028
2025-11-14,0.074,Marco Rubio,republican-presidential-nominee-2028
2025-11-15,0.0755,Marco Rubio,republican-presidential-nominee-2028
2025-11-16,0.075,Marco Rubio,republican-presidential-nominee-2028
2025-11-17,0.078,Marco Rubio,republican-presidential-nominee-2028
2025-11-18,0.0765,Marco Rubio,republican-presidential-nominee-2028
2025-11-19,0.0755,Marco Rubio,republican-presidential-nominee-2028
2025-11-20,0.0755,Marco Rubio,republican-presidential-nominee-2028
2025-11-21,0.081,Marco Rubio,republican-presidential-nominee-2028
2025-11-22,0.081,Marco Rubio,republican-presidential-nominee-2028
2025-11-23,0.084,Marco Rubio,republican-presidential-nominee-2028
2025-11-24,0.0815,Marco Rubio,republican-presidential-nominee-2028
2025-11-25,0.0825,Marco Rubio,republican-presidential-nominee-2028
2025-11-26,0.0815,Marco Rubio,republican-presidential-nominee-2028
2025-11-27,0.0785,Marco Rubio,republican-presidential-nominee-2028
2025-11-28,0.0775,Marco Rubio,republican-presidential-nominee-2028
2025-11-29,0.0765,Marco Rubio,republican-presidential-nominee-2028
2025-11-30,0.0775,Marco Rubio,republican-presidential-nominee-2028
2025-12-01,0.077,Marco Rubio,republican-presidential-nominee-2028
2025-12-02,0.0755,Marco Rubio,republican-presidential-nominee-2028
2025-12-03,0.0745,Marco Rubio,republican-presidential-nominee-2028
2025-12-04,0.0745,Marco Rubio,republican-presidential-nominee-2028
2025-12-05,0.0735,Marco Rubio,republican-presidential-nominee-2028
2025-12-06,0.0735,Marco Rubio,republican-presidential-nominee-2028
2025-12-07,0.085,Marco Rubio,republican-presidential-nominee-2028
2025-12-08,0.0825,Marco Rubio,republican-presidential-nominee-2028
2025-12-09,0.0855,Marco Rubio,republican-presidential-nominee-2028
2025-12-10,0.086,Marco Rubio,republican-presidential-nominee-2028
2025-12-11,0.0875,Marco Rubio,republican-presidential-nominee-2028
2025-12-12,0.0875,Marco Rubio,republican-presidential-nominee-2028
2025-12-13,0.087,Marco Rubio,republican-presidential-nominee-2028
2025-12-14,0.0875,Marco Rubio,republican-presidential-nominee-2028
2025-12-15,0.0845,Marco Rubio,republican-presidential-nominee-2028
2025-12-16,0.083,Marco Rubio,republican-presidential-nominee-2028
2025-12-17,0.0805,Marco Rubio,republican-presidential-nominee-2028
2025-12-18,0.0825,Marco Rubio,republican-presidential-nominee-2028
2025-12-19,0.083,Marco Rubio,republican-presidential-nominee-2028
2025-12-20,0.085,Marco Rubio,republican-presidential-nominee-2028
2025-12-21,0.085,Marco Rubio,republican-presidential-nominee-2028
2025-12-22,0.0855,Marco Rubio,republican-presidential-nominee-2028
2025-12-23,0.0865,Marco Rubio,republican-presidential-nominee-2028
2025-12-24,0.089,Marco Rubio,republican-presidential-nominee-2028
2025-12-25,0.0885,Marco Rubio,republican-presidential-nominee-2028
2025-12-26,0.0885,Marco Rubio,republican-presidential-nominee-2028
2025-12-27,0.0875,Marco Rubio,republican-presidential-nominee-2028
2025-12-28,0.0865,Marco Rubio,republican-presidential-nominee-2028
2025-12-29,0.088,Marco Rubio,republican-presidential-nominee-2028
2025-12-30,0.088,Marco Rubio,republican-presidential-nominee-2028
2025-12-31,0.0885,Marco Rubio,republican-presidential-nominee-2028
2026-01-01,0.0945,Marco Rubio,republican-presidential-nominee-2028
2026-01-02,0.0925,Marco Rubio,republican-presidential-nominee-2028
2026-01-03,0.0985,Marco Rubio,republican-presidential-nominee-2028
2026-01-04,0.1025,Marco Rubio,republican-presidential-nominee-2028
2026-01-05,0.1405,Marco Rubio,republican-presidential-nominee-2028
2026-01-06,0.1425,Marco Rubio,republican-presidential-nominee-2028
2026-01-07,0.1305,Marco Rubio,republican-presidential-nominee-2028
2026-01-08,0.133,Marco Rubio,republican-presidential-nominee-2028
2026-01-09,0.1235,Marco Rubio,republican-presidential-nominee-2028
2026-01-10,0.1335,Marco Rubio,republican-presidential-nominee-2028
2026-01-11,0.1315,Marco Rubio,republican-presidential-nominee-2028
2026-01-12,0.131,Marco Rubio,republican-presidential-nominee-2028
2026-01-13,0.1485,Marco Rubio,republican-presidential-nominee-2028
2026-01-14,0.1595,Marco Rubio,republican-presidential-nominee-2028
2026-01-15,0.168,Marco Rubio,republican-presidential-nominee-2028
2026-01-16,0.1695,Marco Rubio,republican-presidential-nominee-2028
2026-01-17,0.1725,Marco Rubio,republican-presidential-nominee-2028
2026-01-18,0.183,Marco Rubio,republican-presidential-nominee-2028
2026-01-19,0.159,Marco Rubio,republican-presidential-nominee-2028
2026-01-20,0.1575,Marco Rubio,republican-presidential-nominee-2028
2026-01-21,0.1505,Marco Rubio,republican-presidential-nominee-2028
2026-01-22,0.159,Marco Rubio,republican-presidential-nominee-2028
2026-01-23,0.152,Marco Rubio,republican-presidential-nominee-2028
2026-01-24,0.147,Marco Rubio,republican-presidential-nominee-2028
2026-01-25,0.147,Marco Rubio,republican-presidential-nominee-2028
2026-01-26,0.1545,Marco Rubio,republican-presidential-nominee-2028
2026-01-27,0.1595,Marco Rubio,republican-presidential-nominee-2028
2026-01-28,0.158,Marco Rubio,republican-presidential-nominee-2028
2026-01-29,0.156,Marco Rubio,republican-presidential-nominee-2028
2026-01-30,0.164,Marco Rubio,republican-presidential-nominee-2028
2026-01-31,0.168,Marco Rubio,republican-presidential-nominee-2028
2026-02-01,0.144,Marco Rubio,republican-presidential-nominee-2028
2026-02-02,0.134,Marco Rubio,republican-presidential-nominee-2028
2026-02-03,0.1255,Marco Rubio,republican-presidential-nominee-2028
2026-02-04,0.1185,Marco Rubio,republican-presidential-nominee-2028
2026-02-05,0.122,Marco Rubio,republican-presidential-nominee-2028
2026-02-06,0.1225,Marco Rubio,republican-presidential-nominee-2028
2026-02-07,0.122,Marco Rubio,republican-presidential-nominee-2028
2026-02-08,0.1235,Marco Rubio,republican-presidential-nominee-2028
2026-02-09,0.121,Marco Rubio,republican-presidential-nominee-2028
2026-02-10,0.1225,Marco Rubio,republican-presidential-nominee-2028
2026-02-11,0.1155,Marco Rubio,republican-presidential-nominee-2028
2026-02-12,0.117,Marco Rubio,republican-presidential-nominee-2028
2026-02-13,0.1305,Marco Rubio,republican-presidential-nominee-2028
2026-02-14,0.1195,Marco Rubio,republican-presidential-nominee-2028
2026-02-15,0.139,Marco Rubio,republican-presidential-nominee-2028
2026-02-16,0.138,Marco Rubio,republican-presidential-nominee-2028
2026-02-17,0.1205,Marco Rubio,republican-presidential-nominee-2028
2026-02-18,0.1115,Marco Rubio,republican-presidential-nominee-2028
2026-02-19,0.148,Marco Rubio,republican-presidential-nominee-2028
2026-02-20,0.1465,Marco Rubio,republican-presidential-nominee-2028
2026-02-21,0.1345,Marco Rubio,republican-presidential-nominee-2028
2026-02-22,0.134,Marco Rubio,republican-presidential-nominee-2028
2026-02-23,0.141,Marco Rubio,republican-presidential-nominee-2028
2026-02-24,0.141,Marco Rubio,republican-presidential-nominee-2028
2026-02-25,0.143,Marco Rubio,republican-presidential-nominee-2028
2026-02-26,0.131,Marco Rubio,republican-presidential-nominee-2028
2026-02-27,0.147,Marco Rubio,republican-presidential-nominee-2028
2026-02-28,0.1455,Marco Rubio,republican-presidential-nominee-2028
2026-03-01,0.1525,Marco Rubio,republican-presidential-nominee-2028
2026-03-02,0.175,Marco Rubio,republican-presidential-nominee-2028
2026-03-03,0.177,Marco Rubio,republican-presidential-nominee-2028
2026-03-04,0.185,Marco Rubio,republican-presidential-nominee-2028
2026-03-05,0.1805,Marco Rubio,republican-presidential-nominee-2028
2026-03-06,0.1805,Marco Rubio,republican-presidential-nominee-2028
2026-03-07,0.1805,Marco Rubio,republican-presidential-nominee-2028
2026-03-08,0.165,Marco Rubio,republican-presidential-nominee-2028
2026-03-09,0.183,Marco Rubio,republican-presidential-nominee-2028
2026-03-10,0.2065,Marco Rubio,republican-presidential-nominee-2028
2026-03-11,0.266,Marco Rubio,republican-presidential-nominee-2028
2026-03-12,0.276,Marco Rubio,republican-presidential-nominee-2028
2026-03-13,0.277,Marco Rubio,republican-presidential-nominee-2028
2026-03-14,0.2775,Marco Rubio,republican-presidential-nominee-2028
2026-03-15,0.2715,Marco Rubio,republican-presidential-nominee-2028
2026-03-16,0.2605,Marco Rubio,republican-presidential-nominee-2028
2026-03-17,0.2645,Marco Rubio,republican-presidential-nominee-2028
2026-03-18,0.263,Marco Rubio,republican-presidential-nominee-2028
2026-03-19,0.2655,Marco Rubio,republican-presidential-nominee-2028
2026-03-20,0.281,Marco Rubio,republican-presidential-nominee-2028
2026-03-21,0.2805,Marco Rubio,republican-presidential-nominee-2028
2026-03-22,0.2745,Marco Rubio,republican-presidential-nominee-2028
2026-03-23,0.2745,Marco Rubio,republican-presidential-nominee-2028
2026-03-24,0.2685,Marco Rubio,republican-presidential-nominee-2028
2026-03-25,0.2605,Marco Rubio,republican-presidential-nominee-2028
2026-03-26,0.2345,Marco Rubio,republican-presidential-nominee-2028
2026-03-27,0.2175,Marco Rubio,republican-presidential-nominee-2028
2026-03-28,0.211,Marco Rubio,republican-presidential-nominee-2028
2026-03-29,0.206,Marco Rubio,republican-presidential-nominee-2028
2026-03-30,0.206,Marco Rubio,republican-presidential-nominee-2028
2026-03-31,0.201,Marco Rubio,republican-presidential-nominee-2028
2026-04-01,0.218,Marco Rubio,republican-presidential-nominee-2028
2026-04-02,0.213,Marco Rubio,republican-presidential-nominee-2028
2026-04-03,0.208,Marco Rubio,republican-presidential-nominee-2028
2026-04-04,0.201,Marco Rubio,republican-presidential-nominee-2028
2026-04-06,0.2185,Marco Rubio,republican-presidential-nominee-2028
2026-04-07,0.217,Marco Rubio,republican-presidential-nominee-2028
2026-04-08,0.216,Marco Rubio,republican-presidential-nominee-2028
2026-04-09,0.208,Marco Rubio,republican-presidential-nominee-2028
2026-04-10,0.212,Marco Rubio,republican-presidential-nominee-2028
2026-04-11,0.2115,Marco Rubio,republican-presidential-nominee-2028
2026-04-13,0.218,Marco Rubio,republican-presidential-nominee-2028
2026-04-14,0.219,Marco Rubio,republican-presidential-nominee-2028
2026-04-15,0.218,Marco Rubio,republican-presidential-nominee-2028
2026-04-16,0.2125,Marco Rubio,republican-presidential-nominee-2028
2026-04-17,0.2155,Marco Rubio,republican-presidential-nominee-2028
2026-04-19,0.2165,Marco Rubio,republican-presidential-nominee-2028
2026-04-20,0.214,Marco Rubio,republican-presidential-nominee-2028
2026-04-21,0.2015,Marco Rubio,republican-presidential-nominee-2028
2026-04-22,0.2005,Marco Rubio,republican-presidential-nominee-2028
2026-04-23,0.1915,Marco Rubio,republican-presidential-nominee-2028
2026-04-24,0.203,Marco Rubio,republican-presidential-nominee-2028
2026-04-25,0.2025,Marco Rubio,republican-presidential-nominee-2028
2026-04-26,0.2075,Marco Rubio,republican-presidential-nominee-2028
2026-04-27,0.208,Marco Rubio,republican-presidential-nominee-2028
2026-04-28,0.2045,Marco Rubio,republican-presidential-nominee-2028
2026-04-29,0.2185,Marco Rubio,republican-presidential-nominee-2028
2026-04-30,0.2135,Marco Rubio,republican-presidential-nominee-2028
2026-05-01,0.2135,Marco Rubio,republican-presidential-nominee-2028
2026-05-02,0.2065,Marco Rubio,republican-presidential-nominee-2028
2026-05-03,0.2065,Marco Rubio,republican-presidential-nominee-2028
2026-05-04,0.2125,Marco Rubio,republican-presidential-nominee-2028
2026-05-05,0.2115,Marco Rubio,republican-presidential-nominee-2028
2026-05-06,0.2105,Marco Rubio,republican-presidential-nominee-2028
2026-05-07,0.2255,Marco Rubio,republican-presidential-nominee-2028
2026-05-08,0.2485,Marco Rubio,republican-presidential-nominee-2028
2026-05-09,0.2445,Marco Rubio,republican-presidential-nominee-2028
2026-05-10,0.2495,Marco Rubio,republican-presidential-nominee-2028
2026-05-11,0.2535,Marco Rubio,republican-presidential-nominee-2028
2026-05-12,0.2535,Marco Rubio,republican-presidential-nominee-2028
2026-05-13,0.2535,Marco Rubio,republican-presidential-nominee-2028
2026-05-14,0.2535,Marco Rubio,republican-presidential-nominee-2028
2026-05-15,0.2535,Marco Rubio,republican-presidential-nominee-2028
2026-05-16,0.2535,Marco Rubio,republican-presidential-nominee-2028
2026-05-17,0.2535,Marco Rubio,republican-presidential-nominee-2028
2026-05-18,0.2455,Marco Rubio,republican-presidential-nominee-2028
2026-05-19,0.2455,Marco Rubio,republican-presidential-nominee-2028
2026-05-20,0.2375,Marco Rubio,republican-presidential-nominee-2028
2026-05-21,0.2375,Marco Rubio,republican-presidential-nominee-2028
2026-05-22,0.2375,Marco Rubio,republican-presidential-nominee-2028
2026-05-23,0.2315,Marco Rubio,republican-presidential-nominee-2028
2026-05-24,0.2265,Marco Rubio,republican-presidential-nominee-2028
2026-05-25,0.2285,Marco Rubio,republican-presidential-nominee-2028
2026-05-26,0.2445,Marco Rubio,republican-presidential-nominee-2028
2026-05-27,0.2415,Marco Rubio,republican-presidential-nominee-2028
2026-05-28,0.2515,Marco Rubio,republican-presidential-nominee-2028
2026-05-29,0.2555,Marco Rubio,republican-presidential-nominee-2028
2026-05-30,0.2555,Marco Rubio,republican-presidential-nominee-2028
2026-05-31,0.2665,Marco Rubio,republican-presidential-nominee-2028
2026-06-01,0.2745,Marco Rubio,republican-presidential-nominee-2028
2026-06-02,0.2585,Marco Rubio,republican-presidential-nominee-2028
2026-06-03,0.2535,Marco Rubio,republican-presidential-nominee-2028
2026-06-04,0.2525,Marco Rubio,republican-presidential-nominee-2028
2026-06-05,0.2525,Marco Rubio,republican-presidential-nominee-2028
2026-06-06,0.2595,Marco Rubio,republican-presidential-nominee-2028
2026-06-07,0.266,Marco Rubio,republican-presidential-nominee-2028
2026-06-08,0.273,Marco Rubio,republican-presidential-nominee-2028
2026-06-09,0.2585,Marco Rubio,republican-presidential-nominee-2028
2026-06-10,0.2565,Marco Rubio,republican-presidential-nominee-2028
2026-06-11,0.2385,Marco Rubio,republican-presidential-nominee-2028
2026-06-12,0.2245,Marco Rubio,republican-presidential-nominee-2028
2026-06-13,0.232,Marco Rubio,republican-presidential-nominee-2028
2026-06-14,0.233,Marco Rubio,republican-presidential-nominee-2028
2026-06-15,0.2445,Marco Rubio,republican-presidential-nominee-2028
2026-06-16,0.2405,Marco Rubio,republican-presidential-nominee-2028
2026-06-17,0.2415,Marco Rubio,republican-presidential-nominee-2028
2026-06-18,0.2395,Marco Rubio,republican-presidential-nominee-2028
2026-06-19,0.2385,Marco Rubio,republican-presidential-nominee-2028
2026-06-20,0.2385,Marco Rubio,republican-presidential-nominee-2028
2026-06-21,0.2225,Marco Rubio,republican-presidential-nominee-2028
2026-06-22,0.2215,Marco Rubio,republican-presidential-nominee-2028
2026-06-23,0.2215,Marco Rubio,republican-presidential-nominee-2028
2026-06-24,0.2115,Marco Rubio,republican-presidential-nominee-2028
2026-06-25,0.2085,Marco Rubio,republican-presidential-nominee-2028
2026-06-26,0.209,Marco Rubio,republican-presidential-nominee-2028
2026-06-27,0.2145,Marco Rubio,republican-presidential-nominee-2028
2026-06-28,0.2145,Marco Rubio,republican-presidential-nominee-2028
2026-06-29,0.2145,Marco Rubio,republican-presidential-nominee-2028
2026-06-30,0.2195,Marco Rubio,republican-presidential-nominee-2028
2026-07-01,0.2255,Marco Rubio,republican-presidential-nominee-2028
2026-07-02,0.2345,Marco Rubio,republican-presidential-nominee-2028
2026-07-03,0.2505,Marco Rubio,republican-presidential-nominee-2028
2026-07-04,0.2535,Marco Rubio,republican-presidential-nominee-2028
2026-07-05,0.2555,Marco Rubio,republican-presidential-nominee-2028
2026-07-06,0.2485,Marco Rubio,republican-presidential-nominee-2028
2026-07-07,0.2635,Marco Rubio,republican-presidential-nominee-2028
2026-07-08,0.2595,Marco Rubio,republican-presidential-nominee-2028
2026-07-09,0.2575,Marco Rubio,republican-presidential-nominee-2028
2026-07-10,0.2645,Marco Rubio,republican-presidential-nominee-2028
2026-07-11,0.258,Marco Rubio,republican-presidential-nominee-2028
2026-07-12,0.2635,Marco Rubio,republican-presidential-nominee-2028
2026-07-13,0.2815,Marco Rubio,republican-presidential-nominee-2028
2026-07-14,0.2785,Marco Rubio,republican-presidential-nominee-2028
2026-07-15,0.2715,Marco Rubio,republican-presidential-nominee-2028
2026-07-16,0.2785,Marco Rubio,republican-presidential-nominee-2028
2026-07-17,0.2655,Marco Rubio,republican-presidential-nominee-2028
2026-07-18,0.2685,Marco Rubio,republican-presidential-nominee-2028
2026-07-19,0.2755,Marco Rubio,republican-presidential-nominee-2028
2026-07-20,0.2745,Marco Rubio,republican-presidential-nominee-2028
2026-07-21,0.2795,Marco Rubio,republican-presidential-nominee-2028
2026-07-22,0.2795,Marco Rubio,republican-presidential-nominee-2028
2026-07-23,0.2795,Marco Rubio,republican-presidential-nominee-2028
2026-07-24,0.2805,Marco Rubio,republican-presidential-nominee-2028
2026-07-25,0.2805,Marco Rubio,republican-presidential-nominee-2028
2026-07-26,0.2695,Marco Rubio,republican-presidential-nominee-2028
2026-07-27,0.2695,Marco Rubio,republican-presidential-nominee-2028
2026-07-28,0.2695,Marco Rubio,republican-presidential-nominee-2028
2026-07-29,0.2695,Marco Rubio,republican-presidential-nominee-2028
2026-07-30,0.2705,Marco Rubio,republican-presidential-nominee-2028
2026-07-31,0.2775,Marco Rubio,republican-presidential-nominee-2028
2026-08-01,0.2775,Marco Rubio,republican-presidential-nominee-2028
2026-08-02,0.2775,Marco Rubio,republican-presidential-nominee-2028
2026-08-03,0.2775,Marco Rubio,republican-presidential-nominee-2028
2026-08-04,0.2775,Marco Rubio,republican-presidential-nominee-2028
2026-08-05,0.2775,Marco Rubio,republican-presidential-nominee-2028
2026-08-06,0.2775,Marco Rubio,republican-presidential-nominee-2028
2026-08-07,0.2385,Marco Rubio,republican-presidential-nominee-2028
2026-08-08,0.2335,Marco Rubio,republican-presidential-nominee-2028
2026-08-09,0.2335,Marco Rubio,republican-presidential-nominee-2028
2026-08-10,0.2335,Marco Rubio,republican-presidential-nominee-2028
2026-08-11,0.2335,Marco Rubio,republican-presidential-nominee-2028
2026-08-12,0.2335,Marco Rubio,republican-presidential-nominee-2028
2026-08-13,0.2315,Marco Rubio,republican-presidential-nominee-2028
2026-08-14,0.2305,Marco Rubio,republican-presidential-nominee-2028
2026-08-15,0.2295,Marco Rubio,republican-presidential-nominee-2028
2026-08-16,0.2295,Marco Rubio,republican-presidential-nominee-2028
2026-08-17,0.2295,Marco Rubio,republican-presidential-nominee-2028
2026-08-18,0.2285,Marco Rubio,republican-presidential-nominee-2028
2026-08-19,0.2285,Marco Rubio,republican-presidential-nominee-2028
2026-08-20,0.2285,Marco Rubio,republican-presidential-nominee-2028
2026-08-21,0.2155,Marco Rubio,republican-presidential-nominee-2028
2026-08-22,0.2095,Marco Rubio,republican-presidential-nominee-2028
2026-08-23,0.2045,Marco Rubio,republican-presidential-nominee-2028
2026-08-24,0.2035,Marco Rubio,republican-presidential-nominee-2028
2026-08-25,0.1985,Marco Rubio,republican-presidential-nominee-2028
